"","JPM","ETN","NVDA","NEE","V","AMZN","MSFT","PGR","XOM","WELL","PG","WMT"
"2016-02-04",44.6572113037109,43.372428894043,0.68811446428299,21.9714336395264,68.6942443847656,26.8129997253418,45.5317535400391,23.2506465911865,51.514705657959,43.4898414611816,61.3953475952148,18.4528961181641
"2016-02-05",44.1601753234863,43.6117973327637,0.644695699214935,21.9888591766357,66.6990737915039,25.1065006256104,43.9206161499023,23.2809772491455,51.6760368347168,43.6905670166016,61.775749206543,18.6140327453613
"2016-02-08",43.2349166870117,43.970832824707,0.615180790424347,22.0972461700439,63.184196472168,24.4050006866455,43.2639274597168,23.3037281036377,52.3729629516602,41.9324378967285,62.8560638427734,18.586254119873
"2016-02-09",42.9749183654785,43.4681739807129,0.621766924858093,22.3256282806396,63.7062797546387,24.1035003662109,43.150089263916,23.41748046875,52.1450576782227,38.5822715759277,62.8712577819824,18.28342628479
"2016-02-10",42.4549446105957,42.8458404541016,0.620303332805634,22.0140151977539,65.4031448364258,24.5240001678467,43.5266036987305,23.4402294158936,51.6697196960449,38.5615043640137,62.0952911376953,18.2778720855713
"2016-02-11",40.5814895629883,42.3671073913574,0.617132306098938,21.6578922271729,63.8368110656738,25.1909999847412,43.5090866088867,22.9245624542236,51.8325042724609,37.1563758850098,60.7867317199707,18.1472969055176
"2016-02-12",43.9613571166992,43.2447624206543,0.627620935440063,21.6133766174316,65.6548767089844,25.3540000915527,44.218334197998,23.7966499328613,52.7636642456055,37.6547241210938,61.6159744262695,18.3862266540527
"2016-02-16",44.6189804077148,43.7394409179688,0.658355593681335,21.7449913024902,66.2888565063477,26.0550003051758,45.0561408996582,24.0013980865479,52.8873748779297,38.7345352172852,61.9811668395996,18.3084392547607
"2016-02-17",44.9401435852051,44.6889152526855,0.674698710441589,21.5669269561768,67.2884063720703,26.7049999237061,46.229061126709,24.3123207092285,53.3952865600586,39.129093170166,62.7267265319824,18.3667755126953
"2016-02-18",44.2060508728027,44.8405151367188,0.732752799987793,22.1282157897949,66.5503997802734,26.25,46.0262222290039,24.2289047241211,53.6883125305176,40.6172866821289,62.3691749572754,17.8139095306396
"2016-02-19",44.2137107849121,44.6889152526855,0.74251002073288,22.2095031738281,66.8213348388672,26.7450008392334,45.6999282836914,24.1985645294189,53.7208786010742,40.9772109985352,62.2246131896973,17.9639320373535
"2016-02-22",44.787223815918,46.0213623046875,0.768854022026062,22.393367767334,68.2506103515625,27.9750003814697,46.4318962097168,24.2895679473877,53.6492500305176,41.7593841552734,62.4833030700684,18.2334175109863
"2016-02-23",42.9137496948242,45.1197738647461,0.770805537700653,22.4746570587158,67.4005126953125,27.6469993591309,45.1355018615723,24.2137336730957,52.8938903808594,41.9947166442871,62.2398376464844,18.4695682525635
"2016-02-24",42.9290466308594,45.3192520141602,0.776171863079071,22.6209144592285,67.1202850341797,27.7019996643066,45.2942428588867,24.1530685424805,53.0827255249023,42.5969314575195,62.0496368408203,18.6473751068115
"2016-02-25",43.5943145751953,45.7022132873535,0.777879357337952,22.5897159576416,68.4468002319336,27.7574996948242,45.9468421936035,24.39573097229,53.4018020629883,43.3790817260742,62.6430397033691,18.9029693603516
"2016-02-26",43.9995956420898,45.6942329406738,0.772756934165955,21.9422874450684,67.9423522949219,27.7614994049072,45.2413291931152,24.3502426147461,53.2325057983398,43.9536018371582,61.6996841430664,18.4779033660889
"2016-02-29",43.0513916015625,45.247428894043,0.767738223075867,22.0007915496826,67.6247253417969,27.6259994506836,44.8709373474121,24.2061538696289,52.1906394958496,44.1474151611328,61.0834541320801,18.4306697845459
"2016-03-01",45.2689590454102,46.3245697021484,0.801767468452454,21.9578838348389,69.7266006469727,28.9519996643066,46.3701591491699,24.6990718841553,52.9264488220215,45.6702156066895,61.7985649108887,18.4640140533447
"2016-03-02",45.6971740722656,46.2367935180664,0.806418836116791,21.9110851287842,69.4089813232422,29.0104999542236,46.6964721679688,24.972074508667,53.8511085510254,46.3278007507324,62.8028373718262,18.3945541381836
"2016-03-03",45.8501205444336,46.5994071960449,0.799319386482239,21.766788482666,69.0446472167969,28.8745002746582,46.1673278808594,25.3967437744141,53.6557540893555,45.6771430969238,63.0234527587891,18.3751068115234
"2016-03-04",45.9189414978027,46.6961097717285,0.7968710064888,22.2874507904053,69.0353164672852,28.7569999694824,45.8851203918457,25.1692409515381,53.584114074707,45.8155708312988,63.5179290771484,18.5529174804688
"2016-03-07",45.8348236083984,47.5583038330078,0.791729986667633,22.3186550140381,67.2043609619141,28.1399993896484,45.0032348632812,25.275411605835,54.9971542358398,46.286262512207,63.2212448120117,18.8612995147705
"2016-03-08",44.9477958679199,46.6316337585449,0.777285933494568,22.5136604309082,65.9712219238281,28.0130004882812,45.5499992370605,25.0479106903076,53.8055191040039,45.587158203125,63.1908264160156,18.9029693603516
"2016-03-09",45.2077789306641,47.1876373291016,0.776796400547028,22.6716213226318,66.0272674560547,27.9734992980957,46.5994529724121,25.0479106903076,53.6557540893555,46.0301551818848,63.1147308349609,18.9001693725586
"2016-03-10",44.8177947998047,47.8725814819336,0.775572299957275,22.5604629516602,65.5975799560547,27.9465007781982,45.9027633666992,24.9038257598877,53.5124969482422,45.0818672180176,62.5973930358887,18.8665904998779
"2016-03-11",45.3760185241699,48.452751159668,0.788792252540588,22.5858116149902,66.9147415161133,28.4804992675781,46.8022994995117,25.1844005584717,53.5190162658691,46.064769744873,62.1941757202148,18.7994174957275
"2016-03-14",45.2077789306641,48.7508850097656,0.790750920772552,22.5897159576416,66.7839889526367,28.6685009002686,46.8904762268066,25.0554943084717,53.6622543334961,46.0509071350098,61.7529335021973,18.8525943756104
"2016-03-15",45.2689590454102,48.7106056213379,0.786833763122559,22.5429096221924,67.1763000488281,28.8509998321533,47.260871887207,25.2374935150146,53.9292449951172,45.5110168457031,61.8594284057617,19.0569114685059
"2016-03-16",45.0548400878906,48.9765243530273,0.810335874557495,22.8393249511719,67.6060638427734,28.7134990692139,47.9311103820801,25.7986660003662,53.9618072509766,46.064769744873,61.8822441101074,19.028923034668
"2016-03-17",44.9248580932617,50.8540344238281,0.803481161594391,23.0752849578857,68.3253707885742,27.9720001220703,48.2045097351074,26.1323261260986,54.7627258300781,46.7707939147949,62.9549674987793,18.8777770996094
"2016-03-18",46.2477493286133,51.1441116333008,0.82771772146225,23.1084327697754,68.923225402832,27.6040000915527,47.1726760864258,26.2460784912109,54.8278465270996,46.47314453125,63.2592849731445,18.7378425598145
"2016-03-21",46.2324676513672,51.3133354187012,0.830166161060333,22.9270801544189,68.9138641357422,27.6989994049072,47.4989814758301,26.488748550415,54.4501876831055,46.2655029296875,63.3886222839355,19.0233192443848
"2016-03-22",46.0642204284668,51.1038246154785,0.82869690656662,22.8237285614014,68.1572113037109,28.0240001678467,47.6841926574707,26.5721740722656,54.7757453918457,46.1962661743164,62.9473762512207,18.9953308105469
"2016-03-23",45.8348236083984,50.346378326416,0.842896401882172,22.9504814147949,69.0446472167969,28.4815006256104,47.5959968566895,26.6707496643066,54.5348358154297,46.2931785583496,63.008243560791,18.8805828094482
"2016-03-24",45.4830665588379,50.2577476501465,0.844120264053345,23.1045379638672,69.2595291137695,29.1474990844727,47.8076591491699,26.3977527618408,54.6846008300781,46.3485565185547,63.0614700317383,19.0317153930664
"2016-03-28",45.4219055175781,50.3383255004883,0.852688729763031,22.9290351867676,69.2034912109375,28.9934997558594,47.2167739868164,26.5645866394043,54.8408737182617,46.8261604309082,62.8560638427734,19.0653038024902
"2016-03-29",45.1389694213867,50.2577476501465,0.866398394107819,23.2078895568848,70.4178771972656,29.693000793457,48.2486038208008,26.5570049285889,55.0427474975586,48.0374870300293,62.9930191040039,19.0401096343994
"2016-03-30",45.6589508056641,50.5639457702637,0.875456690788269,23.1084327697754,71.725715637207,29.9344997406006,48.5484580993652,26.5645866394043,55.0362091064453,47.6775321960449,62.901725769043,19.2556114196777
"2016-03-31",45.2842597961426,50.4108428955078,0.872273921966553,23.0772323608398,71.4454803466797,29.681999206543,48.7071876525879,26.6479988098145,54.4306335449219,47.9959449768066,62.6202201843262,19.1688537597656
"2016-04-01",45.7812957763672,51.2972221374512,0.885004103183746,23.1493873596191,72.4823989868164,29.9249992370605,49.0070343017578,26.9058322906494,54.0204124450684,47.8713455200195,63.5483741760254,19.3283882141113
"2016-04-04",45.604118347168,50.4833602905273,0.876435816287994,23.1513385772705,72.7065963745117,29.6595001220703,48.8835754394531,26.6707496643066,54.1506500244141,48.175910949707,63.3049468994141,19.33957862854
"2016-04-05",44.95703125,48.6622543334961,0.875211894512177,22.6891689300537,71.9032440185547,29.306999206543,48.1163215637207,26.2764167785645,53.532039642334,48.0444030761719,63.2668838500977,19.2108383178711
"2016-04-06",45.3036842346191,47.9853782653809,0.876435816287994,22.759370803833,73.0615921020508,30.1040000915527,48.6101913452148,26.3674125671387,54.2483177185059,47.8090476989746,63.7613945007324,19.3227844238281
"2016-04-07",44.1558723449707,47.9289817810059,0.867377579212189,22.6579647064209,72.4730453491211,29.5715007781982,48.0281257629395,26.0944156646729,53.6362190246582,47.6014099121094,63.3277397155762,19.0932884216309
"2016-04-08",44.479419708252,48.2754783630371,0.873008370399475,22.7788715362549,72.893424987793,29.7299995422363,47.9928588867188,26.1095809936523,54.1831970214844,47.9613494873047,63.2973365783691,19.0485076904297
"2016-04-11",44.8337783813477,48.8475875854492,0.878394186496735,22.665771484375,72.6972427368164,29.7964992523193,47.8958396911621,25.9958324432373,54.2548294067383,48.1413078308105,62.9397506713867,18.8637924194336
"2016-04-12",45.6657333374023,49.5889282226562,0.877415001392365,22.8256740570068,73.351188659668,30.1585006713867,48.1956977844238,26.3219146728516,54.9255104064941,48.3697280883789,63.0158424377441,19.2556114196777
"2016-04-13",47.599292755127,50.7976264953613,0.899448394775391,22.7145214080811,74.4628753662109,30.7409992218018,48.8130187988281,26.3598289489746,55.2380867004395,48.2036056518555,62.7343597412109,19.3535747528076
"2016-04-14",48.2155570983887,50.4269561767578,0.90189653635025,22.6501731872559,75.0420608520508,31.0375003814697,48.8218460083008,25.4574127197266,55.6287536621094,48.2243766784668,62.903076171875,19.2556114196777
"2016-04-15",47.6609191894531,50.6284027099609,0.908996105194092,22.8997802734375,74.8085250854492,31.2945003509521,49.0775909423828,25.3512439727783,55.3292503356934,48.3212776184082,63.1255111694336,19.3283882141113
"2016-04-18",47.9690475463867,50.5075302124023,0.905079066753387,22.9660816192627,76.0883255004883,31.7674999237061,49.791919708252,25.571159362793,55.856689453125,48.8957901000977,63.5320510864258,19.5522899627686
"2016-04-19",48.7779121398926,50.5800552368164,0.88892126083374,23.0304298400879,75.4344100952148,31.3950004577637,49.7302093505859,25.5939121246338,56.1366767883301,49.3733978271484,63.8772087097168,19.5270957946777
"2016-04-20",49.486629486084,50.0885200500488,0.892348766326904,22.5253582000732,75.8080596923828,31.6494998931885,49.0246696472168,25.3588218688965,56.5208702087402,47.7744522094727,62.5502586364746,19.3703670501709
"2016-04-21",48.9936141967773,50.0804634094238,0.891369640827179,22.0183410644531,75.4717712402344,31.5499992370605,49.1922340393066,24.8128280639648,56.5143585205078,46.1132164001465,61.9749908447266,19.1632518768311
"2016-04-22",49.2786445617676,50.7573394775391,0.887941837310791,22.3167057037354,73.9023513793945,31.0249996185303,45.6646499633789,24.9872379302979,56.996208190918,47.2553062438965,62.0900421142578,19.2332229614258
"2016-04-25",48.9936141967773,50.1690940856934,0.892348766326904,22.3225555419922,72.996208190918,31.3099994659424,45.9556617736816,24.9189891815186,56.8659820556641,47.9682693481445,62.4428596496582,19.4431324005127
"2016-04-26",49.2478179931641,50.9668426513672,0.893083095550537,22.5273151397705,73.3605499267578,30.8439998626709,45.364803314209,24.8355712890625,57.0613327026367,48.0374870300293,61.0162200927734,19.3955574035645
"2016-04-27",49.3864784240723,51.4342002868652,0.913402795791626,22.7944717407227,73.5753936767578,30.3285007476807,44.9238510131836,24.8659000396729,57.6017990112305,48.3143539428711,61.2770347595215,19.429141998291
"2016-04-28",48.9936141967773,50.9184913635254,0.886228322982788,22.7125701904297,72.5664901733398,30.1000003814697,44.0066871643066,24.6763210296631,57.3217926025391,48.2174453735352,61.1772842407227,19.2864017486572
"2016-04-29",48.685489654541,50.9829559326172,0.869825899600983,22.9290351867676,72.1554489135742,32.9794998168945,43.9802093505859,24.7218246459961,57.5627403259277,48.0513153076172,61.453426361084,18.7154541015625
"2016-05-02",49.1399688720703,51.1360511779785,0.881332159042358,23.0226306915283,73.2951354980469,34.1925010681152,44.6328315734863,25.0782432556152,58.0380630493164,48.6465950012207,62.1053771972656,18.9169616699219
"2016-05-03",48.1924514770508,50.9990653991699,0.870805203914642,23.0928382873535,72.1087341308594,33.5660018920898,43.9008522033691,25.1616535186768,57.3739051818848,49.7333335876465,62.2051010131836,18.7518367767334
"2016-05-04",47.4298248291016,49.576114654541,0.850975334644318,23.2956428527832,71.9966125488281,33.5449981689453,43.9802093505859,24.8962459564209,57.2631988525391,51.4845428466797,62.5886039733887,18.8050174713135
"2016-05-05",47.175609588623,49.5842399597168,0.856116235256195,23.176685333252,72.2675399780273,32.9544982910156,44.0419540405273,24.934154510498,57.3283157348633,51.0346412658691,62.3584976196289,18.8106117248535
"2016-05-06",47.4529342651367,49.8444404602051,0.864929437637329,23.1064872741699,72.6038589477539,33.6974983215332,44.4388046264648,24.9948253631592,57.6343460083008,51.5248794555664,62.9951438903809,19.1016826629639
"2016-05-09",47.1525001525879,49.324031829834,0.863705456256866,23.1844902038574,73.0709381103516,33.9874992370605,44.1565933227539,25.1389102935791,57.6734428405762,52.3162574768066,62.9874420166016,19.2975978851318
"2016-05-10",47.7918891906738,50.4949340820312,0.880352973937988,23.3229465484619,73.9864349365234,35.1534996032715,44.9944152832031,25.4801578521729,58.5980834960938,51.1467018127441,63.2635688781738,19.2528209686279
"2016-05-11",47.6147003173828,50.4136199951172,0.882800996303558,23.3404960632324,72.3393707275391,35.6614990234375,45.0208587646484,25.1389102935791,58.3157157897949,49.7669868469238,63.0104560852051,18.7227993011475
"2016-05-12",47.5838890075684,50.4705505371094,0.870805203914642,23.625207901001,72.8915328979492,35.8964996337891,45.4265289306641,25.4498291015625,58.8804397583008,50.4883613586426,63.2098922729492,18.8468437194824
"2016-05-13",47.1447906494141,49.4947929382324,1.00324988365173,23.5491523742676,71.899543762207,35.4959983825684,45.0473136901855,25.2071590423584,58.2172508239746,50.2642364501953,62.3048057556152,18.3083648681641
"2016-05-16",47.4991416931152,50.3729667663574,1.03287208080292,23.6895599365234,72.8072967529297,35.5330009460449,45.7087326049805,25.0554943084717,58.8147659301758,50.8735466003418,62.6116256713867,18.6128482818604
"2016-05-17",47.4991416931152,49.8607063293457,1.03507566452026,23.3580513000488,71.8621063232422,34.763500213623,44.856201171875,24.8886547088623,58.7884864807129,50.1521797180176,61.8369522094727,18.3534679412842
"2016-05-18",49.3325500488281,48.8686790466309,1.06151616573334,23.0148315429688,72.4610366821289,34.872501373291,45.1226234436035,24.554988861084,58.6703033447266,48.5763931274414,61.2463226318359,17.8037090301514
"2016-05-19",48.8318252563477,48.4133377075195,1.06616723537445,23.0908851623535,71.9463500976562,34.9259986877441,44.6874618530273,24.6914939880371,59.1693420410156,47.9040603637695,61.5071296691895,19.5093669891357
"2016-05-20",48.9242858886719,48.6247520446777,1.08526241779327,23.2702960968018,72.6856384277344,35.1399993896484,44.9538841247559,25.00998878479,58.9263877868652,48.0091209411621,61.3767013549805,19.695442199707
"2016-05-23",48.8857650756836,48.8280334472656,1.08697652816772,23.0089797973633,72.2551651000977,34.8375015258789,44.4299163818359,25.0175762176514,58.8344688415527,47.8480262756348,61.5147857666016,19.5939502716064
"2016-05-24",49.7177276611328,49.1126289367676,1.11336243152618,23.3794994354248,74.2859115600586,35.2099990844727,45.8153076171875,25.3967437744141,58.8804397583008,48.1071510314941,62.1053771972656,19.8025722503662
"2016-05-25",50.4726676940918,50.0965042114258,1.10869824886322,23.2254371643066,73.9864044189453,35.4174995422363,46.2859764099121,25.2223262786865,59.2678642272949,48.0511283874512,62.4965705871582,19.8702392578125
"2016-05-26",50.0951919555664,50.023323059082,1.12048029899597,23.5377883911133,73.930305480957,35.7454986572266,46.0817184448242,25.2147350311279,58.9657936096191,48.2752456665039,62.2971649169922,19.9745445251465
"2016-05-27",50.4033317565918,50.1127700805664,1.12661683559418,23.541711807251,74.5479202270508,35.6119995117188,46.4635925292969,25.2147350311279,59.103687286377,48.5133666992188,62.4582176208496,19.9463558197021
"2016-05-31",50.2800788879395,50.1127700805664,1.14674341678619,23.5967140197754,73.874137878418,36.1394996643066,47.0674743652344,25.2526569366455,58.4536247253418,48.2612342834473,62.1590957641602,19.9548168182373
"2016-06-01",50.6036224365234,50.1290245056152,1.14895212650299,23.6026077270508,74.1361541748047,35.9720001220703,46.9342613220215,25.3284950256348,58.5980987548828,48.3172607421875,62.7343521118164,19.8758811950684
"2016-06-02",50.6960563659668,50.2103424072266,1.15705251693726,23.5358180999756,74.8193054199219,36.4119987487793,46.6056823730469,25.1540756225586,58.1318664550781,48.6534385681152,62.8570671081543,20.0027465820312
"2016-06-03",49.7947692871094,49.9664039611816,1.14085245132446,23.9267444610596,74.809944152832,36.2770004272461,45.9929237365723,24.934154510498,58.0268135070801,49.9490852355957,63.2559280395508,19.980188369751
"2016-06-06",50.2877731323242,50.9584312438965,1.1349618434906,23.9169273376465,75.3714294433594,36.336498260498,46.294864654541,24.8507423400879,58.6637420654297,48.898567199707,63.4860038757324,20.0309352874756
"2016-06-07",50.1183052062988,50.8445816040039,1.13717067241669,23.7912006378174,75.4276123046875,36.1870002746582,46.2682189941406,24.668737411499,59.5633277893066,49.5218734741211,63.1408462524414,20.0253028869629
"2016-06-08",50.2646636962891,51.3405914306641,1.13348913192749,24.1467571258545,76.4102478027344,36.3320007324219,46.2149429321289,24.8886547088623,59.6158599853516,50.2922668457031,63.3939971923828,20.095775604248
"2016-06-09",49.8795013427734,51.0397262573242,1.16294276714325,24.3549880981445,76.0452575683594,36.3824996948242,45.8419609069824,24.9189891815186,59.5370559692383,50.5303764343262,63.7928199768066,20.0422134399414
"2016-06-10",49.1785011291504,50.1046485900879,1.13397979736328,24.3255176544189,75.034538269043,35.8955001831055,45.7176170349121,24.7673206329346,59.0839958190918,50.523365020752,63.815845489502,20.0563087463379
"2016-06-13",48.7393989562988,49.2996482849121,1.14846134185791,24.2783756256104,73.368782043457,35.7620010375977,44.5276069641113,24.5170783996582,59.4845581054688,50.9225654602051,63.3326110839844,19.8843364715576
"2016-06-14",47.8226852416992,49.1451530456543,1.15067064762115,24.5514354705811,73.5279083251953,35.9650001525879,44.2523040771484,24.3350715637207,59.3794708251953,51.0626525878906,63.9308776855469,20.0027465820312
"2016-06-15",47.7379608154297,49.31591796875,1.16245257854462,24.3274841308594,73.1535339355469,35.7130012512207,44.1279792785645,24.0772361755371,59.2021789550781,51.4758605957031,63.624080657959,20.0506763458252
"2016-06-16",47.930549621582,49.4297332763672,1.16711580753326,24.5258960723877,73.3219833374023,35.8754997253418,44.7496299743652,24.221321105957,59.8982048034668,51.7349967956543,63.9768981933594,20.1014213562012
"2016-06-17",47.9767646789551,50.1046485900879,1.14674341678619,24.5750026702881,72.0492553710938,35.3194999694824,44.5187301635742,24.1227359771729,59.5699119567871,52.0011024475098,63.7621612548828,20.0027465820312
"2016-06-20",48.0460891723633,50.6494331359863,1.16736137866974,24.4060573577881,72.3768005371094,35.7005004882812,44.4654541015625,24.1530685424805,59.8325424194336,51.3287734985352,63.6930999755859,20.045036315918
"2016-06-21",48.4928894042969,50.2916564941406,1.16024339199066,24.4119529724121,72.3674697875977,35.7910003662109,45.460090637207,24.2971515655518,60.1017837524414,51.4268264770508,63.9768981933594,20.1465225219727
"2016-06-22",48.3080024719238,50.2184715270996,1.15926158428192,24.288200378418,71.6187744140625,35.5299987792969,45.2824668884277,24.2895679473877,59.8653755187988,50.6844787597656,64.0996475219727,20.2282886505127
"2016-06-23",49.340259552002,51.0803871154785,1.19018805027008,24.3215942382812,73.2096939086914,36.1040000915527,46.0994834899902,24.6384048461914,60.2790832519531,51.1537017822266,64.5905227661133,20.326961517334
"2016-06-24",45.9122543334961,47.1855316162109,1.12244415283203,24.3196277618408,70.2337646484375,34.9480018615723,44.2523040771484,24.02414894104,58.6965713500977,50.768497467041,63.094841003418,20.2874908447266
"2016-06-27",44.3792839050293,45.1852340698242,1.11041676998138,25.1211128234863,68.6334915161133,34.568000793457,43.009033203125,23.7814826965332,58.3485679626465,51.3777885437012,62.3048057556152,20.1577987670898
"2016-06-28",45.8506355285645,46.2341766357422,1.12661683559418,25.2350521087646,70.3367004394531,35.3974990844727,43.9059715270996,24.244068145752,59.6946563720703,52.3162574768066,63.2482490539551,20.160623550415
"2016-06-29",47.1447906494141,47.2343139648438,1.14502561092377,25.0955791473389,71.815299987793,35.7799987792969,44.8828392028809,24.7445755004883,60.7124290466309,52.890567779541,64.3604125976562,20.4284553527832
"2016-06-30",47.8689155578613,48.5678329467773,1.15386152267456,25.616153717041,69.4102478027344,35.7809982299805,45.4423141479492,25.4043254852295,61.5529708862305,53.3458023071289,64.9433441162109,20.5863342285156
"2016-07-01",47.5583801269531,49.0069274902344,1.14527070522308,25.4845275878906,69.7003479003906,36.2840003967285,45.4334526062012,25.2071590423584,61.6186103820801,53.3667984008789,65.0277328491211,20.5271301269531
"2016-07-05",46.2308502197266,47.7465858459473,1.16220641136169,25.7084789276123,69.8781509399414,36.4049987792969,45.4423141479492,25.0479106903076,61.0801391601562,53.7169647216797,65.5339584350586,20.6201610565186
"2016-07-06",46.7276954650879,48.3401641845703,1.16957020759583,25.7124099731445,69.3072967529297,36.880500793457,45.6288070678711,25.1085796356201,61.7827377319336,53.4998664855957,65.2194671630859,20.8118724822998
"2016-07-07",47.0304718017578,48.8768157958984,1.20000541210175,25.2095203399658,69.7284088134766,36.828498840332,45.6288070678711,25.1313247680664,61.0407600402832,52.4143295288086,65.0660705566406,20.7301158905029
"2016-07-08",48.000904083252,50.3485832214355,1.24811446666718,25.5238189697266,71.5158462524414,37.2905006408691,46.4458312988281,25.5484085083008,61.4216041564941,52.9605941772461,65.7870559692383,20.8175163269043
"2016-07-11",48.3424682617188,50.7388801574707,1.27683162689209,25.4766826629639,71.6094207763672,37.6889991760254,46.703369140625,25.4119129180908,61.6514282226562,53.3667984008789,65.771728515625,20.8795337677002
"2016-07-12",49.0644836425781,52.0073432922363,1.29597723484039,25.0130710601807,72.5078430175781,37.4104995727539,47.2539710998535,25.2223262786865,62.3474617004395,53.2407417297363,65.771728515625,20.6568183898926
"2016-07-13",49.0334167480469,51.9341621398926,1.29548585414886,25.1780815124512,72.4891052246094,37.1315002441406,47.520393371582,25.2299060821533,62.3014945983887,53.8920593261719,65.8791046142578,20.755485534668
"2016-07-14",49.7787017822266,51.8772468566895,1.30874061584473,24.9953861236572,73.1254653930664,37.060001373291,47.7246589660645,25.3739929199219,62.3474617004395,53.3458023071289,65.8637924194336,20.7780475616455
"2016-07-15",49.8252868652344,51.9016380310059,1.29352223873138,25.062183380127,73.2752075195312,36.7719993591309,47.689136505127,25.1009883880615,62.4590911865234,53.5768966674805,65.9711608886719,20.769588470459
"2016-07-18",49.6544914245605,51.6251831054688,1.30014991760254,25.1938056945801,73.284553527832,36.8035011291504,47.9200210571289,24.9038257598877,62.2621040344238,54.0601577758789,65.909797668457,20.8175163269043
"2016-07-19",49.5768547058105,51.2674026489258,1.31364977359772,25.1623706817627,73.6682357788086,36.997501373291,47.1474227905273,24.9265727996826,62.032283782959,54.319278717041,66.0938720703125,20.7667675018311
"2016-07-20",49.6311988830566,51.63330078125,1.33083093166351,24.9894981384277,74.2671737670898,37.2859992980957,49.6517601013184,24.8734931945801,61.6776962280273,54.3542938232422,65.954719543457,20.8034172058105
"2016-07-21",49.4448738098145,51.3974990844727,1.3062858581543,25.1957569122314,73.733757019043,37.2215003967285,49.5540733337402,24.7597408294678,61.6251602172852,54.6694641113281,65.9083633422852,20.7272987365723
"2016-07-22",49.7165908813477,51.5357360839844,1.34187602996826,25.5002460479736,74.781867980957,37.2430000305176,50.2378768920898,25.0782432556152,61.7302398681641,55.1526870727539,66.2639465332031,20.7357540130615
"2016-07-25",49.5846214294434,51.6089172363281,1.36666691303253,25.4373893737793,73.874137878418,36.9804992675781,50.3799629211426,24.9796581268311,60.5417251586914,55.1526870727539,66.3257904052734,20.7921371459961
"2016-07-26",49.7864646911621,52.5033531188965,1.38998472690582,25.2291526794434,73.453010559082,36.7794990539551,50.4066047668457,24.7521572113037,60.1017837524414,54.466365814209,65.9160614013672,20.7865085601807
"2016-07-27",49.9417419433594,52.3732643127441,1.37599384784698,24.9816398620605,73.4904479980469,36.8334999084473,49.9004135131836,24.736988067627,59.6946563720703,54.1792221069336,65.289924621582,20.6709136962891
"2016-07-28",49.7631645202637,52.0480003356934,1.3789393901825,25.0307521820068,74.1081237792969,37.630500793457,49.9181671142578,24.7521572113037,59.2284469604492,54.8865623474121,65.5604705810547,20.6483535766602
"2016-07-29",49.6622505187988,51.5601119995117,1.40152096748352,25.2016544342041,73.0412216186523,37.9404983520508,50.3355674743652,24.6535663604736,58.4076347351074,55.5589065551758,66.1634292602539,20.5722389221191
"2016-08-01",49.5302658081055,51.9910736083984,1.39243912696838,25.2429122924805,73.2377700805664,38.3870010375977,50.246753692627,24.6459884643555,56.3786468505859,55.7550086975098,66.7973403930664,20.8006057739258
"2016-08-02",49.4138221740723,52.0480003356934,1.37550330162048,25.0720043182373,73.2565078735352,38.0289993286133,50.246753692627,24.6839084625244,57.1534805297852,54.4873733520508,67.0679016113281,20.6173458099365
"2016-08-03",50.1979141235352,52.7043380737305,1.37918448448181,25.1623706817627,73.6588897705078,37.7319984436035,50.5931053161621,25.0327396392822,57.4489517211914,54.2492485046387,66.4571914672852,20.563777923584
"2016-08-04",50.120288848877,52.9176483154297,1.40471124649048,25.0366477966309,74.3794860839844,38.038501739502,50.9660873413086,25.4119129180908,57.4423866271973,54.4243240356445,66.5190353393555,20.6652755737305
"2016-08-05",51.4711036682129,53.705265045166,1.42852032184601,24.7498397827148,74.9971160888672,38.298999786377,51.4722862243652,25.8744926452637,57.4949340820312,54.0914764404297,66.3103332519531,20.7949657440186
"2016-08-08",51.315845489502,54.0088310241699,1.44177484512329,24.7498397827148,74.8193054199219,38.3279991149902,51.5611000061035,25.8896636962891,58.1712684631348,54.5659599304199,66.2948532104492,20.6765460968018
"2016-08-09",51.1372871398926,54.0170249938965,1.44545614719391,24.7655582427979,74.922248840332,38.4155006408691,51.6854248046875,25.8593292236328,58.2434921264648,55.4228668212891,66.4726638793945,20.732931137085
"2016-08-10",50.6792449951172,54.7308044433594,1.43612897396088,24.8244876861572,74.5666275024414,38.4280014038086,51.5255661010742,25.7910766601562,57.2236557006836,55.8761100769043,66.7200469970703,20.991247177124
"2016-08-11",50.8189811706543,55.2394828796387,1.4653377532959,24.9521713256836,74.978401184082,38.5620002746582,51.7742118835449,25.8517436981201,57.4289436340332,55.0617065429688,67.0447006225586,20.9486656188965
"2016-08-12",50.7103118896484,55.1410179138184,1.54731786251068,24.9069900512695,74.8848266601562,38.6279983520508,51.454532623291,25.7607479095459,58.1772766113281,55.4936981201172,67.2843170166016,20.974214553833
"2016-08-15",51.0208320617676,55.4856033325195,1.54584515094757,24.6182193756104,75.7177505493164,38.4244995117188,51.614387512207,25.6773300170898,58.1507759094238,55.0617065429688,67.2688674926758,20.8124160766602
"2016-08-16",51.0130767822266,55.1902542114258,1.5365184545517,24.3569526672363,75.624137878418,38.2019996643066,51.328426361084,25.4801578521729,58.2236251831055,54.2968559265137,66.9287261962891,20.690357208252
"2016-08-17",51.1528205871582,55.4773788452148,1.50092828273773,24.7125110626221,75.7834777832031,38.2314987182617,51.4356460571289,25.1540756225586,58.349437713623,54.5305519104004,67.2224807739258,20.7017097473145
"2016-08-18",51.1993942260742,55.559440612793,1.52424573898315,24.9403877258301,75.2491302490234,38.2229995727539,51.4714012145996,25.1919918060303,58.8792533874512,54.4526596069336,67.5935668945312,21.0906009674072
"2016-08-19",51.1295280456543,55.5102119445801,1.52817320823669,24.5710697174072,75.436653137207,37.8655014038086,51.4892730712891,24.9644889831543,58.1441612243652,54.0065155029297,67.4930419921875,20.6676464080811
"2016-08-22",51.0829544067383,55.543025970459,1.53455471992493,24.5632133483887,75.9897384643555,37.9739990234375,51.5339431762695,24.8507423400879,58.2699699401855,54.2756233215332,67.137451171875,20.6364250183105
"2016-08-23",51.0596466064453,55.5266075134277,1.54697275161743,24.4119529724121,75.7460098266602,38.122501373291,51.7305488586426,24.5170783996582,58.0911903381348,54.4668121337891,67.5626068115234,20.4292125701904
"2016-08-24",51.1993942260742,55.2148513793945,1.52312028408051,24.3883895874023,75.2679214477539,37.8624992370605,51.7841644287109,24.4109001159668,58.2898483276367,54.0277633666992,67.4930419921875,20.5030136108398
"2016-08-25",51.2925453186035,55.2886962890625,1.51303815841675,24.4591026306152,75.2960052490234,37.9609985351562,51.9807548522949,24.5170783996582,57.919002532959,54.5305519104004,67.9491348266602,20.2163219451904
"2016-08-26",51.4090003967285,55.2312622070312,1.52533316612244,24.0594940185547,75.5303955078125,38.4500007629395,51.8556480407715,24.4488220214844,57.7931632995605,53.6665573120117,67.701774597168,20.1936111450195
"2016-08-29",51.9757232666016,55.5512237548828,1.52434968948364,24.2019290924072,75.8116302490234,38.5644989013672,51.9182052612305,24.6763210296631,58.1706428527832,54.5022392272949,68.2583312988281,20.2674140930176
"2016-08-30",52.4027099609375,55.0918006896973,1.51549696922302,23.9803695678711,76.0928802490234,38.3790016174316,51.7305488586426,24.736988067627,57.9587364196777,54.5305519104004,67.6708526611328,20.2418651580811
"2016-08-31",52.4027099609375,54.5913276672363,1.50836598873138,23.9249725341797,75.8397521972656,38.4580001831055,51.3462982177734,24.6914939880371,57.7070693969727,54.3535118103027,67.4930419921875,20.2787628173828
"2016-09-01",52.1775817871094,54.9030914306641,1.55287396907806,23.9368438720703,76.2147064208984,38.5309982299805,51.4624710083008,24.6611595153809,57.5083999633789,54.1268920898438,68.2660675048828,20.6761684417725
"2016-09-02",52.394962310791,55.4117660522461,1.53762829303741,24.3582077026367,76.8709335327148,38.6220016479492,51.5339431762695,24.6232395172119,57.8925285339355,54.3180923461914,68.1810607910156,20.5796546936035
"2016-09-06",52.356143951416,54.6569671630859,1.55213665962219,24.7855129241943,77.3677673339844,39.4435005187988,51.480339050293,24.5322418212891,58.6540832519531,55.1820945739746,68.5211715698242,20.7215785980225
"2016-09-07",52.1387557983398,54.7554130554199,1.52926743030548,24.74001121521,78.0333938598633,39.2239990234375,51.5250091552734,24.5094909667969,58.4355316162109,55.3732872009277,67.9878234863281,20.4547557830811
"2016-09-08",52.2086448669434,54.2139358520508,1.5403333902359,24.8033180236816,77.7802734375,39.2029991149902,51.3194770812988,24.2668190002441,58.9719505310059,54.7996788024902,67.8563995361328,20.3894710540771
"2016-09-09",51.7428283691406,52.1546630859375,1.46361196041107,23.9091472625732,76.2428588867188,38.0069999694824,50.2292976379395,23.6904811859131,57.5083999633789,52.2289390563965,66.6659240722656,19.9551658630371
"2016-09-12",52.0611152648926,53.3196601867676,1.49385738372803,24.3898582458496,77.7802734375,38.5745010375977,50.979923248291,23.8876514434814,57.8064117431641,52.9512977600098,68.2196960449219,20.4206886291504
"2016-09-13",51.6496696472168,51.8592987060547,1.47221839427948,24.043664932251,76.7678451538086,38.0504989624023,50.5152587890625,23.5464000701904,56.4289627075195,51.7615394592285,67.2920608520508,20.2844409942627
"2016-09-14",51.5487442016602,51.6706085205078,1.4852511882782,24.154447555542,76.3928451538086,38.054500579834,50.2739677429199,23.3340663909912,56.0250015258789,52.0802192687988,67.2611465454102,20.3014755249023
"2016-09-15",51.7350654602051,51.7608528137207,1.54156279563904,24.2790832519531,76.8803176879883,38.4845008850098,51.105037689209,23.5767307281494,56.3428726196289,52.1297988891602,68.0728225708008,20.55126953125
"2016-09-16",51.0984764099121,51.153736114502,1.54525148868561,24.3957977294922,76.9365692138672,38.9259986877441,51.158634185791,23.6070671081543,55.6475410461426,51.8323516845703,68.0650939941406,20.684684753418
"2016-09-19",51.3857116699219,51.8921241760254,1.5656613111496,24.6767101287842,77.349006652832,38.7550010681152,50.8726844787598,23.5843124389648,55.5150871276855,51.8748512268066,68.3124542236328,20.4632720947266
"2016-09-20",51.595329284668,51.4737129211426,1.55139923095703,24.7419929504395,77.3209228515625,39.0110015869141,50.7654571533203,23.523645401001,54.6608123779297,51.8252716064453,68.4747772216797,20.4292125701904
"2016-09-21",51.890323638916,52.2859268188477,1.59492385387421,25.2899703979492,78.0146255493164,39.4869995117188,51.6143836975098,23.6525611877441,55.1641159057617,52.6467781066895,67.871826171875,20.4916534423828
"2016-09-22",52.3173179626465,52.5812797546387,1.59885835647583,25.3275566101074,78.145881652832,40.2350006103516,51.6680107116699,23.7132301330566,55.3230247497559,53.886116027832,68.7917327880859,20.5143699645996
"2016-09-23",52.2086448669434,51.9413414001465,1.5971372127533,25.0743408203125,77.3771514892578,40.2874984741211,51.3194770812988,23.6222362518311,55.2634315490723,54.1056442260742,67.8409271240234,20.5370712280273
"2016-09-26",51.0674171447754,51.60498046875,1.58213675022125,24.9714698791504,76.6928329467773,39.9580001831055,50.8458824157715,23.6753120422363,55.0051612854004,54.3889312744141,67.9104919433594,20.3298606872559
"2016-09-27",51.5177040100098,52.023380279541,1.63623523712158,25.08225440979,77.0209197998047,40.8055000305176,51.7841644287109,23.834566116333,55.1243591308594,53.4824409484863,68.3047409057617,20.5313968658447
"2016-09-28",51.7894134521484,52.9750900268555,1.64213705062866,25.0209255218506,77.7802734375,41.4360008239746,51.8556480407715,23.9104022979736,57.5481491088867,54.1410446166992,69.1550598144531,20.3781185150146
"2016-09-29",50.966495513916,52.6387138366699,1.65738308429718,24.4709663391113,76.7959289550781,41.4524993896484,51.2926902770996,23.6980648040771,57.2567596435547,53.6878204345703,68.204216003418,20.0772266387939
"2016-09-30",51.6962585449219,53.9103736877441,1.68492424488068,24.1979713439941,77.5271453857422,41.8655014038086,51.4714012145996,23.8876514434814,57.7998046875,52.9512977600098,69.3792572021484,20.4717884063721
"2016-10-03",51.6341514587402,54.0416564941406,1.68320286273956,23.9625625610352,77.6771392822266,41.8370018005371,51.310546875,23.614652633667,57.6475028991699,52.2572784423828,68.5366439819336,20.4405632019043
"2016-10-04",52.0798645019531,52.7699737548828,1.67951440811157,23.5214176177979,77.5552673339844,41.7014999389648,51.1497039794922,23.41748046875,57.1176872253418,50.9046363830566,68.2969970703125,20.3667545318604
"2016-10-05",52.9322395324707,53.7708969116211,1.67779314517975,23.4501991271973,78.1364974975586,42.2179985046387,51.5071449279785,23.6828994750977,57.6143608093262,49.8423347473145,68.6835174560547,20.344051361084
"2016-10-06",53.072998046875,53.7380790710449,1.6559077501297,23.3493041992188,78.145881652832,42.0830001831055,51.5965118408203,23.5312347412109,57.6408576965332,49.806957244873,68.9695205688477,19.6883411407471
"2016-10-07",53.260669708252,52.901252746582,1.64385807514191,24.0832347869873,77.6958923339844,41.9715003967285,51.6501197814941,23.8421535491943,57.4421920776367,49.2474632263184,69.5725021362305,19.5009937286377
"2016-10-10",53.6751327514648,52.6222915649414,1.65000581741333,24.2889785766602,77.9208831787109,42.0854988098145,51.8645896911621,23.8194007873535,58.5679893493652,49.4245223999023,68.8458557128906,19.2966156005859
"2016-10-11",53.417064666748,51.7854614257812,1.62615323066711,23.9665203094482,76.9084243774414,41.5499992370605,51.105037689209,23.5994853973389,58.104419708252,48.6809272766113,68.4438858032227,19.129150390625
"2016-10-12",53.2763137817383,52.7207489013672,1.63353061676025,24.3285427093506,77.1052780151367,41.7044982910156,51.0335464477539,24.016565322876,57.7004547119141,48.9500465393066,68.4670715332031,19.1490173339844
"2016-10-13",52.9713134765625,51.8100814819336,1.60697305202484,24.6549549102783,76.7490844726562,41.4640007019043,50.8637580871582,24.6308250427246,57.322998046875,49.4953384399414,68.2119979858398,19.367582321167
"2016-10-14",52.7993011474609,51.9331359863281,1.62271082401276,24.5362548828125,77.2927932739258,41.1479988098145,51.310546875,24.8204097747803,57.3097610473633,49.1695785522461,68.3588562011719,19.4300365447998
"2016-10-17",52.5255966186523,51.7854614257812,1.61336624622345,24.5421867370605,77.0115356445312,40.6474990844727,51.1318359375,24.6156635284424,57.3097610473633,49.0987510681152,67.8950347900391,19.36474609375
"2016-10-18",52.9400520324707,51.8428916931152,1.63795650005341,24.7499027252197,76.4771957397461,40.8824996948242,51.5250091552734,24.327486038208,57.4620666503906,49.806957244873,67.6012878417969,19.5492515563965
"2016-10-19",53.4483222961426,52.2449073791504,1.63451373577118,24.6450614929199,77.6302871704102,40.8844985961914,51.4088478088379,24.4488220214844,57.7269592285156,49.9910621643066,66.6352920532227,19.5549335479736
"2016-10-20",53.3779602050781,52.3433570861816,1.6654976606369,24.5560340881348,77.3396606445312,40.515998840332,51.158634185791,24.2743988037109,57.7534484863281,50.1964416503906,66.1601333618164,19.5095100402832
"2016-10-21",53.5578231811523,52.2695236206055,1.66082549095154,24.4729518890381,77.1990280151367,40.9495010375977,53.312198638916,24.1758155822754,57.3627090454102,49.9273414611816,65.6927261352539,19.3988075256348
"2016-10-24",53.8549766540527,51.9905700683594,1.73877668380737,24.6054954528809,77.9677429199219,41.9044990539551,54.5096473693848,24.2364845275879,57.5547752380371,50.1822891235352,65.5135498046875,19.6400909423828
"2016-10-25",53.8002319335938,51.8346824645996,1.76730108261108,24.8310165405273,76.8990478515625,41.7589988708496,54.5007019042969,24.16823387146,57.4289436340332,50.2601928710938,67.7492904663086,19.6883411407471
"2016-10-26",54.0582962036133,52.6797409057617,1.77443265914917,24.9655303955078,76.6365737915039,41.1295013427734,54.179012298584,24.251651763916,57.673957824707,49.353702545166,68.0842590332031,19.7536315917969
"2016-10-27",54.1364707946777,51.1045150756836,1.73803889751434,24.7518863677979,76.7959289550781,40.9179992675781,53.705394744873,24.0013980865479,57.5614013671875,48.4401435852051,67.4454727172852,19.8217525482178
"2016-10-28",54.0426406860352,51.178352355957,1.73508822917938,24.8725605010986,77.0771942138672,38.8160018920898,53.4998779296875,23.8573169708252,56.1442184448242,48.4755401611328,67.6480178833008,19.8671741485596
"2016-10-31",54.1599388122559,52.3187484741211,1.74984228610992,25.3216209411621,77.349006652832,39.4910011291504,53.5445594787598,23.8952369689941,55.1773529052734,48.5321922302246,67.6168594360352,19.8756885528564
"2016-11-01",53.9331741333008,49.8000183105469,1.69795668125153,24.9042110443115,76.5146865844727,39.2705001831055,53.437313079834,23.7132301330566,55.3958930969238,47.7390251159668,67.6558074951172,19.6713104248047
"2016-11-02",53.7064056396484,49.9477119445801,1.69082546234131,24.4670085906982,75.5397567749023,38.2779998779297,53.106689453125,23.5994853973389,55.2634315490723,47.5973892211914,67.5701141357422,19.7138862609863
"2016-11-03",53.471794128418,49.4590682983398,1.67115366458893,24.4986667633057,75.6054229736328,38.3515014648438,52.9101066589355,23.7738990783691,55.4025230407715,46.7263221740723,67.461051940918,19.7649841308594
"2016-11-04",52.9869804382324,50.3203964233398,1.66156351566315,24.3681011199951,75.3335266113281,37.752498626709,52.463306427002,23.5918979644775,55.3429298400879,46.7406692504883,66.276969909668,19.63157081604
"2016-11-07",54.6447601318359,51.703441619873,1.75254690647125,24.6608810424805,77.349006652832,39.2464981079102,53.9913482666016,23.8497352600098,56.5879096984863,47.5299644470215,67.4299011230469,19.807559967041
"2016-11-08",54.7620697021484,52.1755142211914,1.74984228610992,24.7617740631104,77.6958923339844,39.3875007629395,54.0360336303711,24.251651763916,56.995433807373,46.6186828613281,68.1309967041016,19.8104000091553
"2016-11-09",57.2800254821777,54.9250755310059,1.72033393383026,23.2424736022949,78.0333938598633,38.5940017700195,53.7679634094238,24.327486038208,57.6234397888184,45.0257377624512,66.9391403198242,20.182258605957
"2016-11-10",59.938777923584,56.8961601257324,1.66648125648499,22.7617588043213,76.7490844726562,37.1189994812012,52.4543609619141,25.0251579284668,58.1579627990723,43.7772178649902,64.6255035400391,20.2645721435547
"2016-11-11",59.9700622558594,55.7449836730957,2.16320514678955,22.461067199707,76.7584533691406,36.9505004882812,52.7403144836426,25.1844005584717,57.2359466552734,44.1431732177734,65.1084976196289,20.2191543579102
"2016-11-14",62.175235748291,55.5379447937012,2.05672836303711,22.6391086578369,73.4773712158203,35.953498840332,51.9360809326172,25.3284950256348,56.975399017334,45.7217483520508,64.6566619873047,20.0091114044189
"2016-11-15",62.0579528808594,54.535831451416,2.11943364143372,22.7558307647705,73.6554946899414,37.1619987487793,52.9616508483887,25.2829914093018,58.0042762756348,45.0329246520996,65.1396484375,20.2730903625488
"2016-11-16",60.5252647399902,54.2791023254395,2.25320506095886,22.6094398498535,75.2290344238281,37.3245010375977,53.6633796691895,24.6914939880371,57.2894287109375,45.2122993469238,64.8046722412109,20.2645721435547
"2016-11-17",61.0100746154785,53.6579627990723,2.27189350128174,22.7063674926758,76.1590270996094,37.8199996948242,54.5540237426758,24.972074508667,56.9419860839844,44.4732284545898,64.7112274169922,19.6400909423828
"2016-11-18",60.7676582336426,53.1279296875,2.29574584960938,22.5698680877686,75.9241714477539,38.007999420166,54.2931213378906,24.9796581268311,56.975399017334,44.839183807373,63.877685546875,19.4555721282959
"2016-11-21",61.0335502624512,54.2791023254395,2.28640174865723,22.6213054656982,76.7415008544922,39,54.7519416809082,24.9796581268311,57.7837944030762,44.3799514770508,64.3762359619141,19.6911792755127
"2016-11-22",61.4088897705078,54.3122329711914,2.30287718772888,22.6910743713379,75.0881195068359,39.2664985656738,54.9858360290527,25.2223262786865,57.9107398986816,44.788948059082,64.4697036743164,19.9040718078613
"2016-11-23",61.6669387817383,55.0658760070801,2.31420588493347,22.6093444824219,74.7499084472656,39.0060005187988,54.3381004333496,25.3284950256348,58.0710906982422,44.6167488098145,64.4073944091797,20.1056156158447
"2016-11-25",61.6435012817383,55.3308906555176,2.31888437271118,22.8764629364014,75.2759704589844,39.0185012817383,54.4550552368164,25.3664054870605,58.2047271728516,44.9468154907227,65.0150375366211,20.2191543579102
"2016-11-28",61.2446823120117,54.643497467041,2.3176531791687,23.1834506988525,74.2895965576172,38.3385009765625,54.5270195007324,25.3436584472656,57.7704467773438,45.4921417236328,64.7112274169922,20.207799911499
"2016-11-29",61.7138595581055,54.4033393859863,2.29647374153137,23.3768100738525,74.355354309082,38.1259994506836,54.9588623046875,25.4649906158447,57.3896331787109,46.059009552002,64.5709991455078,20.2588958740234
"2016-11-30",62.6913528442383,55.0824432373047,2.27061533927917,22.7708187103271,72.6362152099609,37.5284996032715,54.2121505737305,25.2526569366455,58.3249626159668,45.0472679138184,64.2360229492188,19.9920711517334
"2016-12-01",63.958137512207,56.0265579223633,2.15831589698792,22.5156555175781,70.8607177734375,37.1824989318848,53.2585372924805,25.5029144287109,58.2848777770996,44.0642395019531,63.7686157226562,20.0601978302002
"2016-12-02",63.8095588684082,56.1176795959473,2.17826461791992,22.8066959381104,71.1331253051758,37.0169982910156,53.3035163879395,25.4346656799316,58.1512451171875,45.0472679138184,64.1892852783203,20.1198081970215
"2016-12-05",65.1076812744141,56.3247184753418,2.26273536682129,22.9243106842041,72.6268310546875,37.9679985046387,54.1761741638184,25.2678184509277,58.4452285766602,44.9611625671387,64.6488800048828,19.8529758453369
"2016-12-06",65.4439163208008,56.6891098022461,2.29992198944092,22.874475479126,72.4389190673828,38.2360000610352,53.9332580566406,25.3588218688965,58.4986534118652,45.5997695922852,64.5865859985352,19.9721965789795
"2016-12-07",65.7410736083984,57.0618019104004,2.34129500389099,23.4585399627686,74.5056762695312,38.5209999084473,55.2107582092285,25.6773300170898,58.8393898010254,46.8339500427246,65.5758819580078,20.1837558746338
"2016-12-08",66.5621643066406,57.128059387207,2.30213785171509,23.2970790863037,74.4774780273438,38.3665008544922,54.8868827819824,25.8214130401611,59.0064315795898,47.0779113769531,65.0461730957031,20.1094169616699
"2016-12-09",66.8514785766602,57.583553314209,2.26125812530518,23.2213230133057,74.3459548950195,38.4329986572266,55.7505340576172,25.9882431030273,59.4607391357422,47.120964050293,65.7238998413086,20.0350933074951
"2016-12-12",66.2571640014648,57.8568649291992,2.20633792877197,23.4126949310303,73.7447280883789,38.0060005187988,55.9304580688477,26.1854133605957,60.783561706543,47.7452278137207,66.31591796875,20.4896564483643
"2016-12-13",66.280647277832,57.0203819274902,2.2452495098114,23.7256622314453,74.4023284912109,38.7169990539551,56.6591758728027,26.0944156646729,61.8525123596191,47.7811088562012,66.3548736572266,20.5268268585205
"2016-12-14",66.2571640014648,56.043140411377,2.3752806186676,23.1296272277832,74.3365631103516,38.4410018920898,56.389274597168,26.6100902557373,60.5163192749023,46.2742576599121,65.7238998413086,20.3953132629395
"2016-12-15",67.2502822875977,56.2253265380859,2.43093848228455,23.3289680480957,74.6841506958008,38.0499992370605,56.2993125915527,26.8982543945312,60.7234268188477,45.449104309082,65.9654006958008,20.3209781646729
"2016-12-16",66.4213790893555,56.3661193847656,2.47280359268188,23.7017440795898,73.6038055419922,37.888500213623,56.0474166870117,27.0878410339355,60.9171905517578,46.7693710327148,65.9654006958008,20.2923908233643
"2016-12-19",66.804557800293,56.1673622131348,2.50284814834595,23.7655296325684,73.3689651489258,38.2999992370605,57.2349433898926,27.0650882720947,60.4094276428223,47.6304168701172,65.9887619018555,20.4639339447021
"2016-12-20",67.6647262573242,56.6891098022461,2.59002876281738,23.7814750671387,73.6132049560547,38.5610008239746,57.1629676818848,27.1030044555664,60.4161148071289,47.6878318786621,65.8796920776367,20.5325412750244
"2016-12-21",67.8367614746094,56.1673622131348,2.60628294944763,23.6419372558594,73.4065704345703,38.5299987792969,57.1629676818848,27.0954246520996,60.3158912658691,46.8626365661621,65.6537857055664,20.3667259216309
"2016-12-22",67.9462509155273,56.3743858337402,2.63780474662781,23.7017440795898,73.1810684204102,38.3170013427734,57.1719703674316,27.0120029449463,60.7100791931152,46.8841743469238,65.8018035888672,19.8950042724609
"2016-12-23",68.0713729858398,56.5317535400391,2.7035596370697,23.7675228118896,73.4159164428711,38.0294990539551,56.8930625915527,26.9968280792236,60.6031951904297,47.006160736084,66.1834869384766,19.8807163238525
"2016-12-27",68.133918762207,56.7222480773926,2.88924837112427,23.7715129852295,73.6038055419922,38.5699996948242,56.9290390014648,27.0954246520996,60.6298866271973,47.2573089599609,65.903076171875,19.9264602661133
"2016-12-28",67.6412811279297,56.0679779052734,2.69050717353821,23.6519088745117,73.5568313598633,38.6064987182617,56.6681632995605,26.8982543945312,60.3292617797852,46.9272270202637,65.4902038574219,19.8149547576904
"2016-12-29",67.1642684936523,55.9934501647949,2.74419379234314,23.9568977355957,73.5850296020508,38.2574996948242,56.5871963500977,26.9285888671875,60.362663269043,47.1927185058594,65.7083053588867,19.800666809082
"2016-12-30",67.47705078125,55.5627861022949,2.62869334220886,23.8133697509766,73.2938079833984,37.4934997558594,55.9034767150879,26.9210052490234,60.3025436401367,48.0250778198242,65.4979934692383,19.7606449127197
"2017-01-03",68.2121429443359,56.7553672790527,2.51220774650574,23.6658573150635,74.6841506958008,37.6834983825684,56.2993125915527,26.943754196167,60.7234268188477,47.4797401428223,65.5914611816406,19.6291351318359
"2017-01-04",68.3379135131836,56.4572219848633,2.57081937789917,23.7356262207031,75.294792175293,37.859001159668,56.0474166870117,27.1864223480225,60.0553550720215,47.8456802368164,65.8251876831055,19.7434902191162
"2017-01-05",67.7088851928711,55.7781143188477,2.50555801391602,23.7216739654541,76.1778335571289,39.0224990844727,56.0474166870117,27.1788387298584,59.1600914001465,48.9148254394531,66.2613983154297,19.7863750457764
"2017-01-06",67.7167358398438,56.3247184753418,2.53905081748962,23.6519088745117,77.2299652099609,39.7994995117188,56.5332221984863,27.3229217529297,59.1266860961914,49.11572265625,66.2380294799805,19.5147762298584
"2017-01-09",67.7639236450195,55.3888626098633,2.64199137687683,23.5921020507812,76.7978591918945,39.8460006713867,56.3532981872559,27.0878410339355,58.1512451171875,49.0798492431641,65.7472686767578,19.643424987793
"2017-01-10",67.9605102539062,55.6621627807617,2.62204384803772,23.6379489898682,76.3845062255859,39.7949981689453,56.3352890014648,27.5428466796875,57.40966796875,47.5873718261719,65.0383605957031,19.5061950683594
"2017-01-11",68.4716110229492,56.6974105834961,2.58978295326233,23.8034038543701,76.8448257446289,39.951000213623,56.8480911254883,27.6565914154053,57.9975967407227,47.644775390625,65.2409133911133,19.5919628143311
"2017-01-12",67.8111038208008,56.4820671081543,2.54742383956909,23.821346282959,76.4408721923828,40.681999206543,56.3263053894043,27.4518413543701,57.6835823059082,47.9676628112793,65.31103515625,19.4318675994873
"2017-01-13",68.1728134155273,56.8630409240723,2.54717779159546,23.7316436767578,76.2529907226562,40.8569984436035,56.407283782959,27.4897518157959,57.6902770996094,47.8313407897949,65.4434585571289,19.1917190551758
"2017-01-17",65.6959533691406,55.9520301818848,2.49004316329956,23.9648704528809,76.337516784668,40.4860000610352,56.254337310791,27.2850017547607,58.3650512695312,48.2905616760254,66.3782348632812,19.5605220794678
"2017-01-18",66.0026092529297,56.1507987976074,2.53535676002502,23.9269924163818,76.6475372314453,40.3740005493164,56.2273445129395,27.5655841827393,57.6435012817383,48.1327056884766,66.6844482421875,19.4718914031982
"2017-01-19",65.4993438720703,56.092830657959,2.58978295326233,23.7774906158447,76.779052734375,40.4519996643066,56.0474166870117,27.588342666626,56.6079483032227,47.644775390625,66.5038909912109,19.33180809021
"2017-01-20",65.790283203125,56.258472442627,2.56146121025085,23.7735042572021,76.8823928833008,40.4165000915527,56.4432563781738,27.7096710205078,57.3829460144043,47.9030838012695,68.6631011962891,19.2060165405273
"2017-01-23",65.8217239379883,56.1011009216309,2.58805894851685,23.6778202056885,77.1736145019531,40.8940010070801,56.6411781311035,27.6338367462158,56.7682991027832,48.563232421875,68.2783737182617,19.0544929504395
"2017-01-24",66.6159210205078,57.2854194641113,2.64322352409363,23.6837997436523,78.1882019042969,41.1220016479492,57.144962310791,27.7627620697021,56.8484497070312,48.2905616760254,68.9850463867188,19.2689113616943
"2017-01-25",67.6459808349609,58.9500579833984,2.6545524597168,23.7256622314453,78.8176193237305,41.826000213623,57.2889175415039,28.6424350738525,57.0154991149902,47.6160697937012,68.4353866577148,19.1231098175049
"2017-01-26",68.2121124267578,59.0577239990234,2.70035839080811,23.671838760376,78.1976013183594,41.9575004577637,57.8197021484375,28.8471813201904,57.1891822814941,47.4582023620605,67.9957046508789,19.0773696899414
"2017-01-27",68.3536605834961,58.759578704834,2.75256729125977,24.1941184997559,78.6954956054688,41.788501739502,59.1781463623047,28.8168468475342,57.1290702819824,47.3147048950195,68.0899124145508,18.7714672088623
"2017-01-30",67.6459808349609,58.3123550415039,2.70946979522705,24.40940284729,78.6297225952148,41.5190010070801,58.5933799743652,28.4300975799561,56.6948165893555,47.6017189025879,68.1134796142578,18.9887371063232
"2017-01-31",66.5451583862305,58.618782043457,2.68878316879272,24.6625595092773,77.69970703125,41.173999786377,58.1615676879883,28.3921718597412,56.0467376708984,47.5730056762695,68.7808609008789,19.080228805542
"2017-02-01",66.7967529296875,59.0577239990234,2.80625438690186,24.443286895752,77.4460525512695,41.6175003051758,57.1989517211914,28.5319728851318,55.4120483398438,46.8339500427246,68.5688781738281,18.9344272613525
"2017-02-02",66.5137100219727,57.9893569946289,2.84171748161316,24.6107349395752,77.3145523071289,41.997501373291,56.8300895690918,28.6478328704834,55.7527809143066,47.6017189025879,68.9065017700195,19.0687942504883
"2017-02-03",68.5502395629883,58.1549949645996,2.81684422492981,24.7602443695068,80.8655776977539,40.5099983215332,57.2889175415039,28.6787414550781,55.8129005432129,47.5726432800293,68.6316757202148,19.0116176605225
"2017-02-06",68.2278289794922,57.9562339782715,2.88900136947632,24.6904697418213,80.6306991577148,40.3819999694824,57.2529258728027,28.5860443115234,55.6592445373535,48.110668182373,68.6238250732422,18.9830226898193
"2017-02-07",68.1885452270508,58.1715469360352,2.93382239341736,24.7841625213623,80.5837249755859,40.625,57.0640029907227,28.609224319458,55.2984619140625,47.8925514221191,69.1028060913086,19.1231098175049
"2017-02-08",67.5909271240234,57.9479560852051,2.92101693153381,25.1768684387207,79.9355163574219,40.9855003356934,56.983024597168,28.5551471710205,54.9344177246094,48.0088768005371,69.3540496826172,19.3861274719238
"2017-02-09",68.5659637451172,58.6270637512207,2.86609745025635,24.847957611084,80.3958282470703,41.068000793457,57.6307640075684,28.8254909515381,55.1771278381348,47.5435485839844,69.6210098266602,19.7491989135742
"2017-02-10",68.4087219238281,58.8009719848633,2.7981276512146,25.0114135742188,80.6964492797852,41.3730010986328,57.5767936706543,29.0880928039551,55.6355819702148,47.8925514221191,69.071403503418,19.4461631774902
"2017-02-13",69.3129348754883,59.794792175293,2.66908121109009,25.1170673370361,81.2037353515625,41.8264999389648,58.224536895752,29.0417594909668,55.9592132568359,48.1979293823242,69.3383560180664,19.3746910095215
"2017-02-14",70.4216537475586,59.6374397277832,2.67893290519714,25.1170673370361,81.5889205932617,41.8194999694824,58.4417533874512,28.9258995056152,55.8378486633301,47.6308059692383,68.9850463867188,19.6291351318359
"2017-02-15",71.2315444946289,59.7119674682617,2.68435025215149,24.9755344390869,82.3936462402344,42.1349983215332,58.4055595397949,29.6519355773926,56.067081451416,47.6817016601562,71.5446853637695,19.6377143859863
"2017-02-16",71.1843719482422,59.4469528198242,2.64125347137451,25.1549415588379,82.2713012695312,42.2070007324219,58.3965034484863,29.8218669891357,55.4872512817383,48.0452423095703,71.2855758666992,19.6891651153564
"2017-02-17",70.948486328125,59.3227348327637,2.64076018333435,25.2885055541992,82.3183517456055,42.2535018920898,58.4870223999023,29.7909774780273,55.1231956481934,47.9289016723633,71.521110534668,19.8321170806885
"2017-02-21",71.5617980957031,59.5380744934082,2.73532843589783,25.5675773620605,82.7513122558594,42.8219985961914,58.3693580627441,30.0690307617188,55.2108306884766,48.6705169677734,71.9765014648438,20.4267616271973
"2017-02-22",71.6010971069336,60.0432281494141,2.73113679885864,25.6034603118896,82.6383666992188,42.7804985046387,58.2516860961914,29.9995193481445,54.5635948181152,49.2230987548828,71.7959060668945,20.5010948181152
"2017-02-23",71.6561431884766,59.7285499572754,2.47789740562439,25.7489814758301,82.9960250854492,42.6095008850098,58.4870223999023,30.1926136016846,55.1366691589355,50.0592308044434,71.5525131225586,20.3867435455322
"2017-02-24",71.027099609375,59.9521713256836,2.50181579589844,26.3060035705566,83.2313232421875,42.2620010375977,58.4870223999023,30.1617240905762,54.6647338867188,50.9389801025391,71.4897079467773,20.6954956054688
"2017-02-27",71.1057205200195,59.9190330505371,2.57455730438232,26.087043762207,82.8266220092773,42.431999206543,58.134033203125,30.0458583831787,54.9748649597168,50.9244537353516,71.3640899658203,20.509672164917
"2017-02-28",71.255126953125,59.6125984191895,2.50230884552002,26.3140316009521,82.7701263427734,42.2519989013672,57.9077491760254,30.2621307373047,54.8265419006348,51.1716613769531,71.5054244995117,20.2780990600586
"2017-03-01",73.5983047485352,60.6561088562012,2.53461098670959,25.9946403503418,83.7584075927734,42.6539993286133,58.7766571044922,30.795072555542,55.9726753234863,50.5173072814941,71.9686737060547,20.140869140625
"2017-03-02",72.4502944946289,60.213550567627,2.44115662574768,26.3019790649414,83.3254165649414,42.445499420166,57.9349212646484,30.6483211517334,56.1614608764648,50.8590126037598,71.3797760009766,20.2294998168945
"2017-03-03",72.9692611694336,60.0632438659668,2.42710208892822,26.2738571166992,83.5701599121094,42.4939994812012,58.1521301269531,30.7641849517822,55.595142364502,50.5827217102051,71.057861328125,20.0208034515381
"2017-03-06",72.2773132324219,59.9880828857422,2.40836119651794,26.2417144775391,83.7113800048828,42.3305015563965,58.1702194213867,30.4397678375244,55.8446006774902,49.8338432312012,70.9558181762695,19.9779167175293
"2017-03-07",71.8763122558594,59.7375869750977,2.43474507331848,26.243724822998,83.8242874145508,42.3009986877441,58.2878913879395,30.3702640533447,55.6355819702148,49.7974739074707,70.8929901123047,19.9750537872314
"2017-03-08",71.7190475463867,59.979736328125,2.43030738830566,26.000675201416,83.7301635742188,42.5250015258789,58.8218955993652,30.3625316619873,54.6310157775879,48.7286834716797,70.7752075195312,20.1017761230469
"2017-03-09",72.0021133422852,59.7876815795898,2.4298141002655,25.8620719909668,83.8713607788086,42.6500015258789,58.5865783691406,30.3934288024902,55.0624885559082,47.8416557312012,70.9322509765625,20.1190586090088
"2017-03-10",71.7740936279297,60.5308380126953,2.44411587715149,26.1252117156982,84.4549102783203,42.6230010986328,58.7675819396973,30.5401859283447,55.0220489501953,48.110668182373,71.5054244995117,20.1881675720215
"2017-03-13",71.8369979858398,60.7479515075684,2.51143264770508,26.2055606842041,84.8125381469727,42.7294998168945,58.5684814453125,30.6483211517334,54.8939437866211,47.9870758056641,71.69384765625,20.1449718475342
"2017-03-14",71.954948425293,59.9714012145996,2.50970697402954,26.2276611328125,84.2854919433594,42.6264991760254,58.296947479248,30.7101078033447,54.6040382385254,48.0234298706055,71.450439453125,20.3667240142822
"2017-03-15",72.1279144287109,61.7583465576172,2.52869319915771,26.4948081970215,84.6337356567383,42.6484985351562,58.604679107666,31.0190696716309,55.2849998474121,48.8886413574219,71.7645111083984,20.3264064788818
"2017-03-16",72.0571517944336,61.248966217041,2.55976247787476,26.0930767059326,84.7466812133789,42.6710014343262,58.5051116943359,30.9186573028564,55.3321876525879,48.9249954223633,71.7959060668945,20.2860832214355
"2017-03-17",71.3022918701172,61.1654853820801,2.61549019813538,26.159351348877,84.9349136352539,42.6155014038086,58.7132911682129,31.1349239349365,55.2849998474121,48.9177284240723,71.450439453125,20.1276893615723
"2017-03-20",70.7911834716797,61.265682220459,2.69883465766907,26.0910663604736,83.9372329711914,42.8484992980957,58.7675819396973,31.065408706665,55.2849998474121,49.2812767028809,71.6231918334961,20.1536102294922
"2017-03-21",68.7153701782227,60.1133346557617,2.6115448474884,26.4847717285156,82.8830795288086,42.1599998474121,58.1159210205078,30.9109268188477,55.1703834533691,49.3103370666504,71.5996246337891,20.1305732727051
"2017-03-22",68.8254318237305,60.5726127624512,2.66480565071106,26.597261428833,83.3160552978516,42.4029998779297,58.8580932617188,30.7410106658936,55.1231956481934,49.9210968017578,71.4426040649414,20.2313632965088
"2017-03-23",68.7153701782227,60.773021697998,2.64064073562622,26.5329780578613,83.6360397338867,42.3689994812012,58.7132911682129,30.5633583068848,55.1905937194824,50.6045455932617,71.2698745727539,20.1190586090088
"2017-03-24",68.6367416381836,60.8231048583984,2.65001130104065,26.6756000518799,83.946662902832,42.2804985046387,58.8128471374512,30.5324554443359,54.7658576965332,50.655445098877,71.1128158569336,20.0470504760742
"2017-03-27",68.5974044799805,60.689525604248,2.66924428939819,26.3341159820557,83.7207794189453,42.3409996032715,58.9214553833008,30.4938411712646,54.7793197631836,50.9898834228516,71.0500183105469,20.0614547729492
"2017-03-28",69.6667861938477,61.1988639831543,2.65543603897095,26.3662548065186,83.8807525634766,42.7999992370605,59.0934410095215,30.7796249389648,55.1771278381348,51.3388938903809,71.2620162963867,20.2515239715576
"2017-03-29",69.4073028564453,61.7416496276855,2.64680600166321,26.2236328125,83.9372329711914,43.7159996032715,59.2563438415527,30.4166145324707,55.298469543457,51.5715599060059,71.1363677978516,20.3724842071533
"2017-03-30",70.0048980712891,61.9587326049805,2.69760155677795,25.7375316619873,83.777229309082,43.8170013427734,59.4735565185547,30.4938411712646,56.4311447143555,51.4625053405762,70.8222885131836,20.6172752380371
"2017-03-31",69.069206237793,61.9170112609863,2.68601131439209,25.7857398986816,83.6454772949219,44.3269996643066,59.6093292236328,30.2621307373047,55.2917442321777,51.4915809631348,70.5475234985352,20.7583923339844
"2017-04-03",68.8175659179688,61.9253425598145,2.67245030403137,25.8560447692871,84.1066436767578,44.5755004882812,59.3287506103516,30.3393669128418,55.3321876525879,51.7315139770508,70.4140396118164,20.686393737793
"2017-04-04",69.0469284057617,62.5265769958496,2.48504853248596,26.0207576751709,83.5607299804688,45.3414993286133,59.4916648864746,30.3239231109619,55.5344619750977,51.317081451416,70.5946273803711,20.7382297515869
"2017-04-05",68.1612014770508,62.3345108032227,2.46655511856079,26.2417144775391,83.7960815429688,45.4640007019043,59.3378067016602,30.3161945343018,55.6423149108887,51.8405876159668,70.6416931152344,20.6345520019531
"2017-04-06",68.3905410766602,62.4013252258301,2.48455548286438,26.06494140625,83.8525238037109,44.9140014648438,59.4916648864746,30.3161945343018,55.965950012207,52.0441474914551,70.1941909790039,20.5711994171143
"2017-04-07",68.1532897949219,62.267692565918,2.473952293396,25.8982276916504,83.5231094360352,44.7439994812012,59.4464073181152,30.3470916748047,55.7974052429199,52.5385818481445,70.0606842041016,20.9945468902588
"2017-04-10",67.9160232543945,63.1277770996094,2.41082739830017,25.9986610412598,83.6360397338867,45.3520011901855,59.3106269836426,30.5942440032959,56.0468482971191,52.9966354370117,70.2648239135742,21.040620803833
"2017-04-11",67.7974166870117,62.9524307250977,2.41945791244507,25.9765663146973,83.6266403198242,45.1180000305176,59.2654037475586,30.5170135498047,55.8513336181641,52.9239234924316,70.5082473754883,21.1471748352051
"2017-04-12",67.5364456176758,61.9921607971191,2.39948487281799,26.2156028747559,83.4666290283203,44.8115005493164,59.039119720459,30.3393669128418,55.9389724731445,53.0257034301758,70.9087066650391,21.1500606536865
"2017-04-13",66.7456436157227,61.3825798034668,2.35460734367371,26.2678279876709,83.6454772949219,44.2335014343262,58.7856941223145,30.3470916748047,55.0759963989258,52.9675369262695,70.688835144043,21.0665416717529
"2017-04-17",67.9002151489258,62.0255279541016,2.44682860374451,26.2959423065186,84.5301971435547,45.0994987487793,59.2654037475586,30.5556240081787,55.0018272399902,53.3601608276367,70.9714889526367,21.164457321167
"2017-04-18",67.3466262817383,62.1842002868652,2.44830751419067,26.5028457641602,84.4549102783203,45.1889991760254,59.1839332580566,30.1308193206787,54.6445083618164,53.978199005127,71.2934112548828,21.2796592712402
"2017-04-19",66.7930755615234,61.4827842712402,2.45792460441589,26.4144687652588,84.473747253418,44.9599990844727,58.8671607971191,30.0226917266846,54.2669296264648,53.709171295166,70.8899307250977,21.3314933776855
"2017-04-20",67.6550827026367,61.8167839050293,2.49688458442688,26.287914276123,85.7914276123047,45.1030006408691,59.2834892272949,30.4397678375244,54.6175117492676,53.8545837402344,70.6763000488281,21.5417289733887
"2017-04-21",66.8405151367188,61.6664962768555,2.50724077224731,26.7197895050049,85.7914276123047,44.9264984130859,60.0980682373047,30.4166145324707,54.401798248291,53.5710182189941,70.1145401000977,21.5820484161377
"2017-04-24",69.1971817016602,63.0275726318359,2.53855681419373,26.6655502319336,86.4502563476562,45.3704986572266,61.1208343505859,30.6714992523193,54.684944152832,52.713077545166,70.8503570556641,21.5359687805176
"2017-04-25",69.798210144043,63.8960075378418,2.58269453048706,26.6996955871582,86.6949768066406,45.3810005187988,61.473819732666,30.8336906433105,55.102954864502,52.8366661071777,71.2063980102539,21.6137313842773
"2017-04-26",69.9326477050781,64.0630340576172,2.56493997573853,26.6816253662109,86.4220657348633,45.4645004272461,61.3923492431641,30.8800373077393,54.8804893493652,52.2259254455566,69.4183044433594,21.723165512085
"2017-04-27",69.2841644287109,63.8709487915039,2.60488653182983,26.8202285766602,86.2149658203125,45.9189987182617,61.7905921936035,30.9727344512939,54.7860679626465,52.4658660888672,69.3787689208984,21.7260437011719
"2017-04-28",68.8017425537109,63.1611938476562,2.57184505462646,26.828254699707,85.8573226928711,46.2495002746582,61.9625663757324,30.6792259216309,55.0490264892578,51.9423789978027,69.0939331054688,21.6511650085449
"2017-05-01",68.8492050170898,63.5703239440918,2.62954425811768,26.723804473877,85.8949508666992,47.4114990234375,62.822395324707,30.7178401947021,55.3254623413086,51.7678756713867,68.9040374755859,21.6655693054199
"2017-05-02",68.4063491821289,64.388671875,2.55162525177002,26.9206600189209,87.0996856689453,47.3470001220703,62.7228469848633,30.4397678375244,55.3187141418457,51.4406890869141,68.2157211303711,21.7490768432617
"2017-05-03",68.8017425537109,64.2371826171875,2.57061243057251,26.7880840301514,87.0055847167969,47.0514984130859,62.5237236022949,30.9340991973877,55.7569541931152,50.7572288513184,68.3818511962891,21.8182048797607
"2017-05-04",68.8808517456055,63.8247985839844,2.5607488155365,26.984935760498,87.1750106811523,46.8764991760254,62.2793464660645,31.181266784668,55.0422821044922,50.7935791015625,68.3976898193359,21.9852333068848
"2017-05-05",68.8017425537109,64.6832122802734,2.56099510192871,26.9829273223877,86.6761322021484,46.7075004577637,62.451301574707,31.4670505523682,55.298469543457,51.3899536132812,68.437255859375,22.0313129425049
"2017-05-08",68.8808517456055,64.6158752441406,2.53411793708801,27.1074695587158,86.5161514282227,47.4519996643066,62.3970031738281,31.3434677124023,55.8850364685059,51.3310470581055,68.4768142700195,21.9218769073486
"2017-05-09",68.6040573120117,64.5990371704102,2.53830981254578,26.8704471588135,86.5914611816406,47.640998840332,62.4875259399414,31.1426429748535,55.4939956665039,50.8230514526367,68.3581466674805,22.0946750640869
"2017-05-10",69.1417922973633,64.8767623901367,2.99078679084778,26.9507846832275,86.8267593383789,47.4474983215332,62.7318878173828,31.3048572540283,55.7458229064941,51.5445556640625,68.4293365478516,22.2367305755615
"2017-05-11",68.9282989501953,64.826286315918,3.11925578117371,27.0451946258545,86.6855773925781,47.3810005187988,61.9625663757324,31.0731353759766,56.222225189209,52.641544342041,68.1761474609375,22.071475982666
"2017-05-12",68.7384872436523,64.5317230224609,3.15353035926819,27.2279930114746,87.2785415649414,48.0675010681152,61.8901557922363,30.8800373077393,56.1813850402832,52.899242401123,68.1919860839844,21.9497127532959
"2017-05-15",69.0706405639648,64.7757797241211,3.31183624267578,27.3444881439209,87.7491683959961,47.8984985351562,61.9354095458984,31.065408706665,56.3515396118164,52.7593688964844,68.3027572631836,22.1178665161133
"2017-05-16",69.2841644287109,65.0029907226562,3.37348127365112,27.2982921600342,87.6738586425781,48.3035011291504,63.1825103759766,30.9881706237793,56.1813850402832,52.7151908874512,68.2315139770508,21.7757587432861
"2017-05-17",66.6428146362305,64.110954284668,3.14933896064758,27.4087734222412,86.5188217163086,47.2379989624023,61.4256629943848,31.7914409637451,55.8002433776855,53.2011337280273,68.2473526000977,21.7786674499512
"2017-05-18",66.3976516723633,64.0183792114258,3.2812602519989,27.5071983337402,86.4716644287109,47.9244995117188,61.6350250244141,32.1081237792969,55.6369285583496,53.6944046020508,67.9388122558594,22.4802627563477
"2017-05-19",67.0461273193359,65.6510162353516,3.35703992843628,27.5775051116943,87.1976852416992,47.992000579834,61.616813659668,31.7451057434082,55.7594184875488,53.9226379394531,68.2315139770508,22.8368587493896
"2017-05-22",66.9828872680664,65.3901138305664,3.42862343788147,27.7904281616211,87.9802780151367,48.5335006713867,62.3086395263672,32.0695114135742,56.004451751709,54.0404319763184,68.2077865600586,22.7730770111084
"2017-05-23",67.8211441040039,65.3480529785156,3.38246512413025,27.912956237793,88.4988555908203,48.5769996643066,62.5179901123047,32.0926780700684,56.2018051147461,53.9299926757812,68.1049652099609,22.7556838989258
"2017-05-24",67.7815780639648,65.2807388305664,3.42047810554504,28.1519966125488,89.3946228027344,49.0175018310547,62.599925994873,32.3012351989746,56.004451751709,54.1361389160156,68.437255859375,22.6571083068848
"2017-05-25",67.4969100952148,65.0619125366211,3.4128270149231,28.4621028900146,89.6114501953125,49.6689987182617,63.3736457824707,32.6488037109375,55.6369285583496,53.8637428283691,68.7220764160156,22.7035026550293
"2017-05-26",67.5048141479492,65.2723388671875,3.50119495391846,28.4641284942627,89.2626037597656,49.7890014648438,63.6831665039062,32.6719779968262,55.5007972717285,53.3999061584473,69.0306243896484,22.6513175964355
"2017-05-30",66.3501968383789,65.4069671630859,3.57598829269409,28.4519882202148,89.3097457885742,49.8349990844727,64.0927886962891,32.610179901123,55.1945495605469,53.3778038024902,69.1492919921875,22.6571083068848
"2017-05-31",64.9662399291992,65.1208419799805,3.56315231323242,28.6118011474609,89.7906265258789,49.7309989929199,63.5739097595215,32.7723922729492,54.786205291748,53.4072494506836,69.6952285766602,22.7875728607178
"2017-06-01",65.685920715332,65.7099304199219,3.56339907646179,28.7048492431641,89.9509124755859,49.7975006103516,63.8105850219727,33.0272636413574,54.9223251342773,53.7164878845215,69.7268829345703,23.1383781433105
"2017-06-02",65.3537673950195,65.5416107177734,3.54562711715698,28.868709564209,90.6580505371094,50.336498260498,65.3216781616211,33.2744369506836,54.1056289672852,54.327564239502,70.0907897949219,23.0832920074463
"2017-06-05",65.4723892211914,64.6074676513672,3.65349626541138,28.6947402954102,91.0352172851562,50.5670013427734,65.7949981689453,33.2589912414551,54.5275955200195,54.0919609069824,70.2094955444336,23.2688426971436
"2017-06-06",65.6068115234375,64.2371826171875,3.63695883750916,28.7088947296143,90.3186416625977,50.1500015258789,66.0134582519531,33.181755065918,55.269401550293,53.7680130004883,70.2569808959961,22.8832473754883
"2017-06-07",66.3581008911133,63.0758171081543,3.68089556694031,28.8424110412598,90.6014633178711,50.5035018920898,65.8951263427734,33.1740226745605,55.0652389526367,53.8784484863281,70.2332153320312,22.9470310211182
"2017-06-08",67.1805877685547,63.513427734375,3.94797801971436,28.6138248443604,90.6014633178711,50.513500213623,65.4945907592773,33.2589912414551,54.8678855895996,53.6723098754883,69.5053558349609,22.8832473754883
"2017-06-09",68.7701110839844,63.7406425476074,3.69274353981018,28.3690452575684,89.1588592529297,48.9155006408691,64.0108489990234,33.5833854675293,55.8955459594727,54.0772285461426,69.7506103515625,23.0252990722656
"2017-06-12",68.7859344482422,63.7658805847168,3.70187711715698,28.2031726837158,88.1594390869141,48.2454986572266,63.5192985534668,33.7378730773926,56.4399948120117,54.5116233825684,69.8139114379883,22.9731216430664
"2017-06-13",69.0152893066406,64.0520324707031,3.73717594146729,28.3103790283203,89.649169921875,49.0395011901855,64.3112487792969,33.6838073730469,56.4604187011719,54.5852508544922,69.6714935302734,23.054292678833
"2017-06-14",68.8729248046875,63.4040260314941,3.7450749874115,28.5531311035156,89.8754653930664,48.8235015869141,63.9653053283691,34.3017120361328,55.8546981811523,54.8061294555664,69.9721374511719,23.1644725799561
"2017-06-15",68.4617004394531,64.0772857666016,3.76111936569214,28.6987762451172,88.7911605834961,48.2084999084473,63.628547668457,34.5566024780273,55.984016418457,54.975456237793,70.7158584594727,22.8774452209473
"2017-06-16",68.1532897949219,64.6327209472656,3.74260568618774,28.8949947357178,88.7911605834961,49.3855018615723,63.7195739746094,34.6261100769043,56.8211135864258,55.6601638793945,70.9374008178711,21.8134536743164
"2017-06-19",69.6479415893555,65.7015151977539,3.88330578804016,28.8039665222168,89.3757629394531,49.7584991455078,64.5115051269531,34.5257034301758,56.3242988586426,56.1387176513672,71.0956344604492,21.8888263702393
"2017-06-20",69.213005065918,64.8515319824219,3.87762808799744,28.7169895172119,88.9891510009766,49.6295013427734,63.637638092041,34.3017120361328,56.0180244445801,56.632022857666,70.9136505126953,21.9004306793213
"2017-06-21",68.8966674804688,63.8921203613281,3.93637633323669,28.5349235534668,89.1399993896484,50.111499786377,63.9653053283691,34.3480491638184,55.4259452819824,56.8013572692871,70.7316970825195,22.1033725738525
"2017-06-22",68.8175582885742,63.7658805847168,3.90922403335571,28.6421432495117,88.5837249755859,50.064998626709,63.956241607666,34.0545539855957,55.1809387207031,57.051685333252,70.4389343261719,21.8946304321289
"2017-06-23",68.6910171508789,64.7000427246094,3.79715824127197,28.9556827545166,90.1206283569336,50.1870002746582,64.8210067749023,34.286262512207,55.5416526794434,57.0074996948242,70.7474899291992,21.6974792480469
"2017-06-26",68.9915618896484,64.6074676513672,3.75568842887878,29.1761837005615,89.7811889648438,49.6990013122559,64.2019882202148,34.4175605773926,55.2898406982422,57.1768417358398,70.7000198364258,21.8888263702393
"2017-06-27",69.6321182250977,64.3213272094727,3.61819863319397,28.7796936035156,89.4794845581055,48.8390007019043,63.0004425048828,34.4716339111328,55.2013511657715,56.3227958679199,70.1066436767578,22.0366821289062
"2017-06-28",71.0318984985352,65.1713180541992,3.74581456184387,28.5268363952637,90.7334823608398,49.5164985656738,63.5375328063965,34.394401550293,55.4872093200684,56.3448791503906,69.9167556762695,22.1816501617432
"2017-06-29",72.0837020874023,64.4896545410156,3.62066650390625,28.3144302368164,89.0268707275391,48.796501159668,62.345043182373,34.1008911132812,54.9223251342773,54.8502960205078,68.8249130249023,22.0134925842285
"2017-06-30",72.2814102172852,65.4995346069336,3.56833696365356,28.3467979431152,88.4234237670898,48.4000015258789,62.7455596923828,34.0545539855957,54.942741394043,55.107982635498,68.9515075683594,21.9410171508789
"2017-07-03",73.7524719238281,65.9371566772461,3.43923830986023,28.2436275482178,88.0180053710938,47.6829986572266,62.0537452697754,34.2244758605957,55.875114440918,55.7779846191406,69.4183044433594,21.8482437133789
"2017-07-05",74.4919891357422,66.1727905273438,3.53106355667114,28.0817985534668,88.6403045654297,48.5699996948242,62.8821105957031,34.5720481872559,55.0243949890137,55.2846984863281,69.3629531860352,21.8366451263428
"2017-07-06",74.2534255981445,66.10546875,3.54167675971985,28.2335224151611,87.923698425293,48.2569999694824,62.4178619384766,34.3171539306641,54.5275955200195,53.7974510192871,69.1255798339844,21.8801364898682
"2017-07-07",74.6271514892578,66.7871398925781,3.62264108657837,28.4176006317139,88.5554351806641,48.9379997253418,63.2280197143555,34.7496948242188,54.5956420898438,53.6723098754883,69.3471221923828,21.8395404815674
"2017-07-10",74.1023330688477,67.6623916625977,3.79394912719727,28.5288543701172,89.6585998535156,49.8235015869141,63.7013740539551,34.7574195861816,54.554817199707,53.3999061584473,68.9040374755859,21.2307147979736
"2017-07-11",73.8160705566406,67.704475402832,3.8477611541748,28.4722156524658,89.9603424072266,49.7065010070801,63.7104721069336,34.4330177307129,54.854248046875,53.4587898254395,68.6508636474609,21.3002986907959
"2017-07-12",73.5616226196289,67.7549514770508,4.0114164352417,28.4782905578613,90.6863555908203,50.3255004882812,64.7663803100586,34.649284362793,55.0992584228516,54.2686614990234,68.8012161254883,21.4365615844727
"2017-07-13",74.0307922363281,67.5950698852539,3.9650092124939,28.4378261566162,90.4600601196289,50.0315017700195,65.3307571411133,34.9118957519531,55.106086730957,53.9668197631836,68.5954818725586,21.7583637237549
"2017-07-14",73.354866027832,67.8391036987305,4.07164525985718,28.6563014984131,91.3935089111328,50.0904998779297,66.250129699707,35.2054023742676,55.3170547485352,54.2981300354004,68.9119567871094,22.132360458374
"2017-07-17",72.6710205078125,67.5024948120117,4.05436515808105,28.5167255401611,91.2992095947266,50.5019989013672,66.7690124511719,35.1049880981445,55.0312080383301,54.3717422485352,69.2679748535156,22.1410598754883
"2017-07-18",72.4165802001953,67.5193176269531,4.09657716751099,28.6219120025635,92.0063858032227,51.2224998474121,66.7234802246094,35.0200309753418,54.854248046875,54.5189819335938,70.1303787231445,22.0917701721191
"2017-07-19",72.5199356079102,67.6455307006836,4.07534790039062,28.684627532959,92.6381072998047,51.3434982299805,67.2332305908203,35.2749137878418,55.0243949890137,54.5778846740723,70.4493255615234,21.9960994720459
"2017-07-20",72.5199356079102,66.955451965332,4.13458967208862,29.0244636535645,92.506103515625,51.435001373291,67.5609436035156,35.9005546569824,55.0312080383301,54.2612953186035,70.6486892700195,22.0395851135254
"2017-07-21",72.2734375,66.4589309692383,4.14940023422241,29.2045078277588,93.911003112793,51.2835006713867,67.1695175170898,35.8078689575195,54.5275955200195,54.4306411743164,70.6566390991211,22.0772743225098
"2017-07-24",72.5835494995117,66.1896209716797,4.1012659072876,28.9576988220215,94.6370315551758,51.9474983215332,66.9965667724609,36.132266998291,54.3574409484863,53.8563690185547,70.3137741088867,22.2918167114258
"2017-07-25",73.7922134399414,66.7618865966797,4.08151817321777,28.9496269226074,94.2787399291992,51.9934997558594,67.5336456298828,36.2326812744141,54.6296806335449,53.7532844543457,71.0792694091797,22.7643775939941
"2017-07-26",73.1004180908203,66.4841613769531,4.12866592407227,29.4310684204102,95.0896301269531,52.6399993896484,67.4061965942383,35.9237327575684,54.6977233886719,53.9594459533691,71.2068557739258,22.8745460510254
"2017-07-27",72.7982482910156,66.0549926757812,3.99240970611572,29.2611446380615,93.8827285766602,52.2999992370605,66.5960693359375,35.7460746765137,55.0107955932617,53.5913200378418,72.307243347168,23.1296730041504
"2017-07-28",72.5835494995117,66.0044631958008,4.05782222747803,29.3562202453613,93.4867095947266,51.0019989013672,66.4868087768555,36.4721183776855,54.1736831665039,53.7974510192871,71.932487487793,23.1383781433105
"2017-07-31",72.9970245361328,65.8529968261719,4.0114164352417,29.5524501800537,93.8733215332031,49.3889999389648,66.1772918701172,36.4026107788086,54.4731330871582,54.0330581665039,72.4188842773438,23.1905612945557
"2017-08-01",73.9751129150391,62.4951362609863,4.06029081344604,29.6495456695557,95.1084899902344,49.8095016479492,66.0680770874023,36.5030097961426,54.5616149902344,53.245288848877,72.6421279907227,23.3384189605713
"2017-08-02",74.0387420654297,62.8684463500977,4.05782222747803,29.6839332580566,95.4950485229492,49.7944984436035,65.7767791748047,36.4721183776855,54.854248046875,53.3262748718262,72.5943298339844,23.3471202850342
"2017-08-03",73.5536804199219,62.4527015686035,4.10941171646118,29.8457641601562,94.8444747924805,49.3460006713867,65.6766662597656,36.7733459472656,54.7793884277344,53.7901268005371,72.4507904052734,23.4456882476807
"2017-08-04",74.47607421875,63.2332763671875,4.12743186950684,29.6859531402588,95.1273193359375,49.3790016174316,66.1591110229492,36.8505935668945,54.5888366699219,53.521858215332,72.2992630004883,23.3326225280762
"2017-08-07",74.7623519897461,62.7751121520996,4.25430822372437,29.7547245025635,95.6930389404297,49.6134986877441,65.9042434692383,36.8196907043457,54.554817199707,53.588924407959,72.9132614135742,23.5645561218262
"2017-08-08",74.4919891357422,61.9266738891602,4.20370435714722,29.807336807251,95.4950485229492,49.492000579834,66.2592391967773,36.7965202331543,54.4186935424805,53.6038436889648,73.0249099731445,23.6544322967529
"2017-08-09",74.372673034668,62.0539398193359,4.24838352203369,29.7850761413574,95.202751159668,49.1004981994629,65.9679489135742,37.1054878234863,54.5888366699219,53.0822448730469,73.296012878418,23.8090496063232
"2017-08-10",73.3071517944336,60.7897834777832,4.06646108627319,29.8821754455566,93.8072814941406,47.8460006713867,65.0030746459961,36.8505935668945,54.2658729553223,52.6053657531738,73.1525039672852,23.5318946838379
"2017-08-11",72.6948852539062,60.6455459594727,3.84973502159119,29.7729396820068,94.3730087280273,48.3995018005371,65.9952774047852,36.4798431396484,53.7436103820801,52.4563331604004,72.8335266113281,23.4560508728027
"2017-08-14",73.5457229614258,61.4939804077148,4.15680503845215,29.9509544372559,96.0513687133789,49.1650009155273,66.9874725341797,36.8969268798828,53.7573623657227,53.4622383117676,73.0807342529297,23.543571472168
"2017-08-15",73.736572265625,61.3497543334961,4.12175416946411,30.1512184143066,96.7679443359375,49.1370010375977,67.0057754516602,36.7578926086426,53.626781463623,53.0822448730469,73.5193099975586,23.5639896392822
"2017-08-16",73.2276229858398,61.6551895141602,4.07658195495605,30.3393440246582,97.5753860473633,48.9090003967285,67.3992691040039,37.6229705810547,53.2351112365723,53.6485328674316,73.7106628417969,23.6252555847168
"2017-08-17",72.0825958251953,60.8492050170898,3.98574447631836,30.0622158050537,96.4798965454102,48.0284996032715,66.25537109375,37.4685020446777,52.4036254882812,52.977912902832,73.4156341552734,23.251823425293
"2017-08-18",72.1541748046875,60.4080123901367,3.98648452758789,30.3292255401611,96.8104095458984,47.9235000610352,66.3376998901367,37.5611991882324,52.6647605895996,52.6426239013672,73.7345886230469,23.1380481719971
"2017-08-21",72.0666885375977,60.3570899963379,3.92847752571106,30.4344234466553,97.4809646606445,47.6645011901855,66.0265731811523,37.6075286865234,52.4860916137695,53.6336326599121,74.0455551147461,23.2547473907471
"2017-08-22",72.8061981201172,61.0018882751465,4.01593589782715,30.5133075714111,98.28369140625,48.3450012207031,66.9508743286133,37.7620124816895,52.7334747314453,52.8512687683105,73.98974609375,23.3451824188232
"2017-08-23",72.893669128418,60.4164581298828,4.09623003005981,30.4691333770752,97.4431915283203,47.9000015258789,66.5482025146484,37.7156639099121,52.6441535949707,53.3355712890625,73.7106628417969,23.3276786804199
"2017-08-24",72.7743835449219,59.9328918457031,4.08116054534912,30.4019432067871,97.4809646606445,47.622501373291,66.5207366943359,37.2754058837891,52.4517250061035,53.2089042663574,73.5751037597656,22.8550586700439
"2017-08-25",73.068603515625,59.9837837219238,4.04706525802612,30.5627937316895,97.6037368774414,47.2630004882812,66.6397247314453,37.3835334777832,52.7197418212891,53.588924407959,73.766487121582,22.9396572113037
"2017-08-28",72.8380279541016,59.7631912231445,4.07572412490845,30.7216148376465,98.0098266601562,47.3009986877441,66.6488800048828,36.5416412353516,52.5479431152344,53.0822448730469,73.7345886230469,22.7646217346191
"2017-08-29",72.4404220581055,59.8310852050781,4.0690541267395,30.689037322998,98.0003814697266,47.7029991149902,66.8501968383789,36.7887916564941,52.5341911315918,53.5963821411133,73.6149673461914,22.9805030822754
"2017-08-30",72.6073913574219,60.2807426452637,4.09326457977295,30.6686687469482,97.9626007080078,48.3795013427734,67.7287139892578,35.9700660705566,52.2936935424805,54.0285377502441,73.2561492919922,22.9134082794189
"2017-08-31",72.2734375,60.8831062316895,4.18615865707397,30.6462707519531,97.764274597168,49.0299987792969,68.4242172241211,35.9005546569824,52.4517250061035,54.5575828552246,73.5751037597656,22.7762870788574
"2017-09-01",72.9175338745117,60.7728080749512,4.21135997772217,30.5750160217285,98.123161315918,48.9124984741211,67.6646728515625,35.2672004699707,52.6166572570801,54.8928756713867,73.7824096679688,22.8638095855713
"2017-09-05",71.1760864257812,60.3231658935547,4.09894895553589,30.5953693389893,97.2826538085938,48.263500213623,67.3626708984375,34.0699920654297,53.0358276367188,55.1834678649902,73.9339447021484,23.2810001373291
"2017-09-06",71.653190612793,60.5182952880859,4.09647607803345,30.1861019134521,97.4431915283203,48.3899993896484,67.1704940795898,34.7110824584961,54.1353225708008,54.8928756713867,73.9339447021484,23.3626861572266
"2017-09-07",70.3968124389648,60.5098075866699,4.11549949645996,30.4385833740234,98.746452331543,48.9734992980957,68.0307235717773,33.7764854431152,54.3071060180664,55.1313133239746,74.1332931518555,23.3743572235107
"2017-09-08",70.3093566894531,61.2055397033691,4.04410076141357,30.1881427764893,98.6236801147461,48.2949981689453,67.7012557983398,35.074089050293,54.1627998352051,55.6380004882812,74.0296020507812,23.0125942230225
"2017-09-11",71.3987503051758,62.232105255127,4.1752872467041,30.8274993896484,100.248016357422,48.8979988098145,68.4150695800781,35.8541946411133,54.4582824707031,56.1521224975586,74.9466094970703,23.0709457397461
"2017-09-12",72.2734375,63.2926597595215,4.1903600692749,30.3652858734131,100.304695129395,49.1290016174316,68.3418426513672,35.9778060913086,54.6300621032715,55.3921012878418,74.5638656616211,23.2255706787109
"2017-09-13",72.4801712036133,63.572624206543,4.20913648605347,30.171854019165,99.9458312988281,49.9799995422363,68.8268508911133,35.637939453125,54.815601348877,55.2132759094238,74.5957870483398,23.2985076904297
"2017-09-14",72.3370590209961,64.1580581665039,4.1851692199707,30.4508037567139,100.181930541992,49.6105003356934,68.4242172241211,35.5838775634766,55.0354919433594,55.4740715026855,74.5957870483398,23.2459926605225
"2017-09-15",72.8539123535156,65.2525329589844,4.44977045059204,30.5607566833496,99.4453125,49.3395004272461,68.9183731079102,35.5452423095703,55.0217552185059,55.5634918212891,74.3724822998047,23.4502124786377
"2017-09-18",73.8876266479492,66.0924682617188,4.63358354568481,30.1962909698486,99.0014572143555,48.7094993591309,68.7811279296875,35.7692527770996,55.0354919433594,55.3697624206543,74.2768249511719,23.3393535614014
"2017-09-19",74.6987152099609,65.3543167114258,4.62864112854004,30.1189136505127,99.5492095947266,48.4930000305176,69.0373458862305,36.7887916564941,55.1248245239258,54.7140464782715,75.0901260375977,23.3539371490479
"2017-09-20",75.223518371582,65.9821624755859,4.59133577346802,29.87864112854,99.1336517333984,48.6604995727539,68.5797882080078,36.8428688049316,55.3515930175781,54.5426940917969,75.2735366821289,23.4852199554443
"2017-09-21",75.5654525756836,66.2282028198242,4.46582937240601,29.8867874145508,99.4547348022461,48.2324981689453,67.9117279052734,36.8274192810059,54.8980674743652,53.797550201416,73.8701400756836,23.3422718048096
"2017-09-22",75.4064331054688,66.2621307373047,4.42234802246094,29.8012714385986,99.6908569335938,47.7550010681152,68.0947647094727,37.0591239929199,54.9186706542969,52.8736152648926,73.5511627197266,23.2022285461426
"2017-09-25",74.8418807983398,65.7955093383789,4.22470092773438,29.8949394226074,97.2920455932617,46.9894981384277,67.042350769043,37.0745811462402,55.6470794677734,53.1343994140625,73.9339447021484,23.0913696289062
"2017-09-26",74.5078811645508,65.4221878051758,4.2484188079834,30.0741176605225,97.2165298461914,46.9300003051758,67.042350769043,36.9587211608887,55.5852203369141,53.506965637207,73.8781356811523,23.1613864898682
"2017-09-27",75.6847381591797,65.4306869506836,4.34156036376953,29.7788734436035,98.1136932373047,47.5434989929199,67.5823135375977,36.8505935668945,55.956298828125,52.0912284851074,72.4587478637695,23.1322078704834
"2017-09-28",75.8437652587891,64.5568161010742,4.34032297134399,29.9295520782471,98.7653427124023,47.8199996948242,67.6005935668945,37.1209259033203,56.4785575866699,52.590461730957,72.4747009277344,23.0330200195312
"2017-09-29",75.947151184082,65.1506881713867,4.41666555404663,29.8399639129639,99.3886337280273,48.0675010681152,68.1679916381836,37.3989791870117,56.3342590332031,52.3669128417969,72.5464553833008,22.7967090606689
"2017-10-02",77.0047378540039,65.7870178222656,4.42234802246094,29.87864112854,99.5775451660156,47.9594993591309,68.2777862548828,37.8701362609863,56.09375,51.8229827880859,73.1764068603516,22.8871517181396
"2017-10-03",77.4102554321289,65.7106781005859,4.43148994445801,29.9091854095459,99.7191848754883,47.8549995422363,67.9574813842773,37.9010353088379,56.1830673217773,51.7410278320312,73.4555053710938,23.1117897033691
"2017-10-04",76.6230316162109,66.2282028198242,4.46854639053345,30.2512550354004,99.4547348022461,48.2724990844727,68.3510208129883,37.9782638549805,56.2036972045898,51.1374931335449,73.6947021484375,23.0738677978516
"2017-10-05",77.6548156738281,66.0076217651367,4.46607732772827,30.0863304138184,100.333045959473,49.0424995422363,69.5223846435547,37.8855895996094,56.3617324829102,51.0555229187012,73.3837356567383,23.1672229766846
"2017-10-06",77.5188369750977,65.9651718139648,4.47917079925537,30.0272846221924,100.795822143555,49.4790000915527,69.5498657226562,38.0632400512695,56.1487121582031,50.9288330078125,73.6229400634766,23.047607421875
"2017-10-09",77.1109313964844,65.9057922363281,4.5802173614502,30.1148452758789,101.060234069824,49.5494995117188,69.8152160644531,38.1945495605469,56.3686180114746,50.8543395996094,73.4555053710938,23.4939746856689
"2017-10-10",77.6868209838867,66.1603240966797,4.66767692565918,30.3449230194092,101.343566894531,49.3600006103516,69.8152160644531,38.1327476501465,56.5266647338867,50.6755142211914,73.0568084716797,24.5442409515381
"2017-10-11",77.4548416137695,66.626953125,4.71733617782593,30.5159568786621,102.410713195801,49.75,69.9341812133789,38.0400619506836,56.7602996826172,50.6233558654785,72.9292144775391,25.0110340118408
"2017-10-12",76.775032043457,66.7881698608398,4.71955871582031,30.684965133667,102.099075317383,50.046501159668,70.5747375488281,37.6538734436035,56.643482208252,50.6755142211914,73.4794082641602,25.1189785003662
"2017-10-13",76.6710510253906,66.626953125,4.80751180648804,30.6544208526611,102.618492126465,50.1469993591309,70.9133758544922,37.5920791625977,56.6297187805176,50.8170776367188,74.189094543457,25.2706832885742
"2017-10-16",78.2546844482422,67.2208862304688,4.89002799987793,30.8519344329834,102.278511047363,50.3170013427734,71.0597839355469,37.8315277099609,56.9045867919922,50.7202072143555,74.2688217163086,25.0139503479004
"2017-10-17",78.0787124633789,66.2366943359375,4.885582447052,31.0860862731934,101.560760498047,50.4565010070801,71.0048904418945,37.499382019043,57.0076675415039,50.809627532959,73.9977188110352,25.0839710235596
"2017-10-18",78.3746490478516,66.1518402099609,4.88138151168823,31.0596179962158,101.806304931641,49.8499984741211,71.0232009887695,37.1440963745117,56.8702430725098,50.8990478515625,73.9737854003906,25.1539878845215
"2017-10-19",78.4706649780273,66.1942520141602,4.88681793212891,31.3304233551025,101.069671630859,49.3305015563965,71.2977066040039,37.6075286865234,56.856502532959,50.802188873291,73.5801696777344,25.2064990997314
"2017-10-20",79.5903930664062,66.9663619995117,4.86458301544189,31.3894710540771,101.570213317871,49.1455001831055,72.1213302612305,37.7774620056152,57.1107597351074,50.7947273254395,70.8968963623047,25.5099067687988
"2017-10-23",79.4544143676758,66.5845489501953,4.85766553878784,31.4342651367188,101.551338195801,48.314998626709,72.1396560668945,37.7697296142578,57.2000846862793,50.2880401611328,70.1337127685547,25.8629207611084
"2017-10-24",80.718132019043,67.5178298950195,4.90855884552002,31.4016952514648,102.38240814209,48.7949981689453,72.1670989990234,37.8701362609863,57.3581466674805,49.8111686706543,69.8766250610352,25.6674499511719
"2017-10-25",80.7981185913086,67.0087585449219,4.78453493118286,31.3283920288086,103.402366638184,48.6455001831055,71.9566345214844,37.5457344055176,57.1519775390625,49.326847076416,69.7802581787109,25.8133163452148
"2017-10-26",81.3739929199219,67.449951171875,4.83468961715698,31.2326946258545,103.695098876953,48.6214981079102,72.0756072998047,37.9628257751465,57.3581466674805,48.9989852905273,70.2943725585938,25.8541698455811
"2017-10-27",81.3979949951172,67.6790084838867,4.9871244430542,31.7315483093262,103.61009979248,55.0475006103516,76.6969985961914,37.7697296142578,57.523063659668,50.0421600341797,69.9248504638672,25.7228813171387
"2017-10-30",81.1100540161133,67.2208862304688,5.03604078292847,31.633810043335,103.921752929688,55.5424995422363,76.7702178955078,37.5843620300293,57.4062232971191,50.079418182373,69.3062591552734,25.3669548034668
"2017-10-31",80.4701995849609,67.8911209106445,5.10941791534424,31.5747680664062,103.865119934082,55.2639999389648,76.1204452514648,37.5766410827637,57.2756843566895,49.8931350708008,69.3625030517578,25.4719829559326
"2017-11-01",80.718132019043,69.1552734375,5.11905241012573,31.2306613922119,104.894500732422,55.1839981079102,76.1204452514648,37.6924896240234,57.6330184936523,49.9378395080566,69.8043365478516,25.6557807922363
"2017-11-02",81.2539978027344,67.8475570678711,5.08792304992676,30.5139312744141,104.809501647949,54.7109985351562,76.9166259765625,38.0864105224609,57.3993721008301,50.459415435791,69.4990463256836,25.9066753387451
"2017-11-03",81.1100540161133,66.7535018920898,5.1558632850647,31.0820083618164,105.16837310791,55.5800018310547,76.9989852905273,38.7352066040039,57.1588363647461,50.7798385620117,69.5552978515625,26.1634063720703
"2017-11-06",80.6061706542969,66.9330062866211,5.17908811569214,30.9211521148682,105.697227478027,56.0330009460449,77.3009567260742,38.7815589904785,57.5505561828613,51.3232345581055,69.129508972168,25.8775119781494
"2017-11-07",78.9824981689453,67.2407073974609,5.23838090896606,31.6602802276611,105.857795715332,56.1585006713867,77.1179351806641,38.9978218078613,57.433723449707,51.7685394287109,69.8766250610352,25.950439453125
"2017-11-08",78.0946960449219,67.5655059814453,5.16747617721558,31.5442237854004,106.216651916504,56.6440010070801,77.3833236694336,39.0441627502441,57.3581466674805,51.8893089294434,70.3586502075195,26.3326244354248
"2017-11-09",78.0867156982422,66.5484008789062,5.07260417938232,31.6114177703857,105.904998779297,56.4565010070801,76.9532165527344,39.1136779785156,57.7017211914062,51.5345840454102,70.5193328857422,26.3442916870117
"2017-11-10",77.9907150268555,66.5996551513672,5.33992290496826,31.593090057373,105.659469604492,56.2675018310547,76.7518920898438,39.1986389160156,57.5214157104492,51.4138221740723,70.8246078491211,26.5251712799072
"2017-11-13",78.2706832885742,66.6167602539062,5.2532057762146,31.9229431152344,105.206169128418,56.4584999084473,76.8068008422852,39.4689750671387,57.4867210388184,51.564769744873,71.4994201660156,26.5455932617188
"2017-11-14",77.7987670898438,65.7192840576172,5.29149723052979,32.252815246582,105.75390625,56.8419990539551,76.9166259765625,39.6080093383789,57.0359306335449,51.3911666870117,71.3949813842773,26.574764251709
"2017-11-15",78.5346298217773,64.8475036621094,5.18773365020752,32.0410537719727,104.120086669922,56.3344993591309,76.3187942504883,39.8937950134277,56.3215866088867,51.1269989013672,70.8808441162109,26.2071666717529
"2017-11-16",78.7585830688477,65.3346710205078,5.22800588607788,32.026798248291,105.033050537109,56.8644981384277,76.5211334228516,39.8319969177246,55.8707885742188,51.2779655456543,71.7002716064453,29.0633239746094
"2017-11-17",78.4946365356445,64.6509246826172,5.22182941436768,31.7722759246826,103.897750854492,56.4939994812012,75.7853546142578,39.8165512084961,55.6488571166992,51.2930450439453,71.0415344238281,28.4360752105713
"2017-11-20",79.1904830932617,64.6936416625977,5.28902912139893,31.7478427886963,104.02074432373,56.3154983520508,75.9049377441406,40.0251045227051,55.8638610839844,51.2704086303711,70.9129867553711,28.4389991760254
"2017-11-21",79.1264877319336,65.2150268554688,5.3376989364624,31.8068904876709,105.439865112305,56.9744987487793,76.9994049072266,40.063720703125,56.0858116149902,51.5421333312988,71.2745132446289,28.1589317321777
"2017-11-22",78.8945541381836,65.1466293334961,5.31371831893921,31.7972526550293,104.843856811523,57.8079986572266,76.4383773803711,39.9169654846191,56.2453079223633,51.4515533447266,70.9611740112305,28.1268310546875
"2017-11-24",78.6385803222656,64.8902282714844,5.36390733718872,31.9714260101318,105.93180847168,59.2999992370605,76.5762939453125,40.0482711791992,56.4672470092773,51.5194892883301,71.0575714111328,28.1880989074707
"2017-11-27",78.3266754150391,64.5569152832031,5.29418706893921,32.1701889038086,106.319694519043,59.7915000915527,77.1373672485352,40.218189239502,56.2522315979004,50.9232330322266,71.4672927856445,28.1880989074707
"2017-11-28",81.0700531005859,65.6851043701172,5.20938491821289,32.3320617675781,107.246871948242,59.6800003051758,78.0662689208984,40.7665977478027,56.640625,50.6590690612793,71.8207702636719,28.2318592071533
"2017-11-29",82.9656448364258,65.6765594482422,4.8560962677002,32.3279724121094,103.935623168945,58.0634994506836,76.64990234375,40.5117111206055,57.0567359924316,50.7798271179199,71.8047103881836,28.4623394012451
"2017-11-30",83.5974960327148,66.4800033569336,4.96215534210205,32.3832778930664,106.518363952637,58.8375015258789,77.4132690429688,41.0755500793457,57.7641372680664,50.9156875610352,72.2947616577148,28.3660659790039
"2017-12-01",83.8134689331055,66.4116134643555,4.88724613189697,32.2664985656738,104.75870513916,58.1175003051758,77.4960403442383,41.3999443054199,57.8820266723633,51.2930450439453,72.5920181274414,28.4010677337646
"2017-12-04",85.5410385131836,65.3090667724609,4.6147985458374,31.959135055542,101.636650085449,56.6974983215332,74.5713119506836,41.9869651794434,57.9583168029785,50.6666107177734,73.4355392456055,28.3018798828125
"2017-12-05",84.5573043823242,64.061164855957,4.64149904251099,31.8915214538574,102.724624633789,57.078498840332,75.0403747558594,41.9019927978516,57.4867210388184,49.9043159484863,73.4274749755859,28.5411033630371
"2017-12-06",83.9254302978516,64.7791290283203,4.67907857894897,32.3300132751465,103.822074890137,57.6175003051758,76.1348419189453,42.1646118164062,57.063663482666,50.0326194763184,73.3070068359375,28.3806495666504
"2017-12-07",83.6774826049805,66.0355377197266,4.74657201766968,32.4119758605957,105.392570495605,57.9894981384277,75.8681335449219,42.1105537414551,57.2509269714355,49.9571380615234,72.3831329345703,28.3835830688477
"2017-12-08",84.7252502441406,66.0611877441406,4.73421049118042,32.5861434936523,106.527847290039,58.0999984741211,77.4040832519531,42.4735679626465,57.327220916748,50.0552635192871,72.6000366210938,28.316125869751
"2017-12-11",84.4773025512695,66.4714660644531,4.81258153915405,32.6312217712402,106.310249328613,58.4459991455078,78.3881683349609,42.3886070251465,57.5838317871094,49.753360748291,72.4876022338867,28.4275722503662
"2017-12-12",85.4610900878906,66.4629211425781,4.71813917160034,32.1845397949219,107.34147644043,58.2540016174316,78.7100830078125,42.5971565246582,57.3965606689453,49.9043159484863,72.1822891235352,28.3601150512695
"2017-12-13",84.3893127441406,66.3005218505859,4.60293102264404,32.0615921020508,107.199562072754,58.2065010070801,78.4985504150391,43.1455421447754,57.6462554931641,50.123176574707,73.009765625,28.6709880828857
"2017-12-14",83.7094802856445,65.3346710205078,4.61010026931763,32.3709831237793,106.830604553223,58.7130012512207,77.8915405273438,42.589427947998,57.4936752319336,50.0326194763184,73.1061553955078,28.4862308502197
"2017-12-15",84.8932189941406,66.0611877441406,4.7359414100647,32.4631996154785,107.68204498291,58.9570007324219,79.8781204223633,42.8365936279297,57.5838317871094,50.5232124328613,73.821159362793,28.4803581237793
"2017-12-18",85.5490646362305,65.8645935058594,4.89268589019775,32.0370025634766,107.426605224609,59.5289993286133,79.4458847045898,42.6357727050781,57.5214157104492,50.8251037597656,73.8131103515625,28.7120532989502
"2017-12-19",85.1891555786133,65.6936569213867,4.84843111038208,31.5759696960449,106.092651367188,59.3689994812012,78.9400253295898,43.0914878845215,57.1746406555176,48.6665191650391,73.6524353027344,28.9760131835938
"2017-12-20",84.8932189941406,65.9415130615234,4.86548900604248,31.48171043396,106.073738098145,58.8810005187988,78.6549072265625,43.3849792480469,57.4728584289551,48.0476188659668,73.5319442749023,28.9613494873047
"2017-12-21",86.2449111938477,66.7535018920898,4.84299278259277,31.6538333892822,106.348091125488,58.7379989624023,78.6365203857422,43.0991973876953,58.1525039672852,47.9117584228516,73.6444244384766,28.758975982666
"2017-12-22",85.9409713745117,66.2492294311523,4.82766246795654,31.6661128997803,106.612998962402,58.4179992675781,78.6456985473633,43.3232002258301,58.235725402832,47.8513793945312,74.0139617919922,28.8029727935791
"2017-12-26",85.5970458984375,66.0868377685547,4.88131189346313,31.5554752349854,106.896820068359,58.8380012512207,78.5445175170898,43.4236106872559,58.2426528930664,47.919303894043,74.2951507568359,29.0815830230713
"2017-12-27",85.7570343017578,66.1723022460938,4.87463617324829,31.8197975158691,107.87126159668,59.1129989624023,78.8296661376953,43.53173828125,58.187183380127,47.7532653808594,73.9898452758789,29.110912322998
"2017-12-28",86.2129440307617,66.8048095703125,4.88032293319702,32.0370025634766,108.183471679688,59.3050003051758,78.8388366699219,43.6475944519043,58.2704277038574,48.092903137207,73.9657821655273,29.1519603729248
"2017-12-29",85.5330810546875,67.5313110351562,4.78390312194824,32.004222869873,107.87126159668,58.4734992980957,78.6732864379883,43.5008392333984,58.0068778991699,48.1306419372559,73.8131103515625,28.9613494873047
"2018-01-02",86.3408889770508,67.4031143188477,4.92853260040283,31.7788181304932,108.334846496582,59.4505004882812,79.0503540039062,42.7593460083008,58.9708824157715,48.3268699645996,72.8249816894531,28.914421081543
"2018-01-03",86.4288711547852,69.7792205810547,5.25289964675903,31.1046810150146,109.413383483887,60.2099990844727,79.4182739257812,42.7361831665039,60.1290817260742,48.4099082946777,72.7366104125977,29.1666355133057
"2018-01-04",87.6669921875,69.0355987548828,5.28058910369873,30.9448509216309,109.820175170898,60.4794998168945,80.1172866821289,42.7284545898438,60.2122993469238,47.3683433532715,73.2507781982422,29.1930294036865
"2018-01-05",87.1042404174805,69.565559387207,5.32533836364746,31.0862407684326,112.450271606445,61.4570007324219,81.1105728149414,42.8906593322754,60.1637344360352,47.0739936828613,73.2989807128906,29.3660697937012
"2018-01-08",87.2328567504883,70.1125640869141,5.48850965499878,31.3423595428467,112.90438079834,62.3434982299805,81.1933441162109,43.0219688415527,60.4342193603516,47.2400360107422,73.6845779418945,29.8001098632812
"2018-01-09",87.6750793457031,70.06982421875,5.48702478408813,31.1128768920898,112.686790466309,62.6349983215332,81.1381759643555,43.3849792480469,60.177604675293,46.319221496582,73.1463394165039,29.4423236846924
"2018-01-10",88.6398315429688,70.4886322021484,5.53004455566406,30.8567447662354,112.56379699707,62.7164993286133,80.7702560424805,43.0065040588379,59.699089050293,45.8210906982422,72.6803817749023,29.2311573028564
"2018-01-11",89.1141891479492,71.7878112792969,5.53993463516235,30.8382949829102,113.377403259277,63.8339996337891,81.0093765258789,42.9910697937012,60.2885971069336,45.4135208129883,72.4232940673828,29.3338146209717
"2018-01-12",90.5854949951172,72.0014877319336,5.51273775100708,30.8014221191406,113.613929748535,65.2600021362305,82.4073638916016,43.2073402404785,60.6977729797363,44.6512222290039,71.9894866943359,29.5830974578857
"2018-01-16",90.2639083862305,71.2407989501953,5.44178295135498,30.8464965820312,113.897750854492,65.2429962158203,81.2577285766602,43.4622230529785,60.316333770752,44.7266998291016,72.4795303344727,29.5303020477295
"2018-01-17",90.8427963256836,71.454460144043,5.55575656890869,31.121072769165,115.402015686035,64.75,82.9040374755859,44.2037162780762,61.0306587219238,45.3682479858398,73.266845703125,30.119800567627
"2018-01-18",91.0598449707031,71.4202728271484,5.5488338470459,30.8956718444824,116.471076965332,64.6660003662109,82.8672485351562,44.2500648498535,60.6353721618652,44.7493438720703,72.9997100830078,30.5890522003174
"2018-01-19",90.8588638305664,71.7536087036133,5.6890115737915,30.7686328887939,116.083183288574,64.7289962768555,82.775260925293,44.5358428955078,60.4411735534668,44.7493438720703,73.7201538085938,30.6740875244141
"2018-01-22",91.9201278686523,72.1040496826172,5.77752161026001,30.7399482727051,117.625282287598,66.3655014038086,84.2560195922852,44.9683876037598,61.2040557861328,44.7795333862305,74.3839492797852,30.9263134002686
"2018-01-23",91.8236465454102,72.7536468505859,5.90657615661621,31.2931976318359,117.928031921387,68.1269989013672,84.5227661132812,44.0646858215332,61.2387428283691,45.5267486572266,72.0850067138672,31.0582942962646
"2018-01-24",92.9974594116211,72.2237319946289,5.82968521118164,30.9100227355957,117.83341217041,67.8755035400391,84.4491806030273,42.7361831665039,61.3982276916504,45.6927909851074,71.4859466552734,31.0260257720947
"2018-01-25",93.021598815918,72.8391036987305,5.84328413009644,31.369010925293,118.467292785645,68.8974990844727,84.9182434082031,43.0682983398438,61.287281036377,45.9192085266113,71.51025390625,31.2635822296143
"2018-01-26",93.5200729370117,73.9246063232422,6.01585149765015,32.3115730285645,119.507972717285,70.1025009155273,86.5093536376953,42.349983215332,61.7242012023926,45.7305221557617,71.0164642333984,31.7885608673096
"2018-01-29",93.423583984375,73.1553726196289,6.10287666320801,31.8997020721436,118.107788085938,70.8840026855469,86.380615234375,41.0369300842285,61.0376052856445,44.9229354858398,70.3122100830078,32.1287612915039
"2018-01-30",92.547248840332,72.4288482666016,6.00077056884766,31.7808723449707,116.887336730957,71.890998840332,85.2953033447266,41.3149871826172,60.1845588684082,44.1757278442383,70.3850555419922,31.5949993133545
"2018-01-31",92.9974594116211,71.7707138061523,6.07691621780396,32.4611587524414,117.530670166016,72.5445022583008,87.3831024169922,41.7861404418945,60.5452079772949,45.262565612793,69.8912811279297,31.2635822296143
"2018-02-01",93.9622497558594,75.0955963134766,5.945885181427,32.0349617004395,118.940338134766,69.5,86.6932983398438,42.2633628845215,61.7727508544922,43.8058929443359,69.4946136474609,30.9468383789062
"2018-02-02",91.8799285888672,72.7280044555664,5.77331781387329,31.9488887786865,114.389709472656,71.4974975585938,84.4123687744141,41.9951782226562,58.6241188049316,44.1153526306152,68.1994171142578,30.6418380737305
"2018-02-05",87.4740600585938,69.7279357910156,5.28330945968628,31.6148948669434,109.999931335449,69.5,80.9358291625977,40.9776306152344,55.2882270812988,42.6662178039551,65.6171569824219,29.3543262481689
"2018-02-06",90.1352691650391,70.6681213378906,5.57701826095581,30.6456928253174,113.500411987305,72.1419982910156,83.9985122680664,41.703311920166,54.3381004333496,43.1794509887695,66.6856994628906,29.591890335083
"2018-02-07",90.7463150024414,69.7621154785156,5.65662670135498,30.3444747924805,113.197662353516,70.838996887207,82.4165725708008,42.1213798522949,53.3602104187012,42.6813201904297,66.2485580444336,30.1637783050537
"2018-02-08",86.7343902587891,67.8732223510742,5.3777494430542,29.7707443237305,107.719902038574,67.5250015258789,78.1858444213867,40.2834968566895,52.7568588256836,41.2623748779297,64.9372177124023,29.3338146209717
"2018-02-09",88.4710083007812,69.0355987548828,5.73771715164185,30.3465251922607,110.047225952148,66.9800033569336,81.1013641357422,41.190601348877,53.0931396484375,41.8737258911133,64.6943664550781,29.1431770324707
"2018-02-12",89.8377990722656,70.1040191650391,5.63758754730225,30.73583984375,112.081298828125,69.3115005493164,81.9751129150391,41.3168144226074,53.5415534973145,41.6130256652832,65.8357238769531,29.1959667205811
"2018-02-13",90.3925476074219,69.9416275024414,5.75131511688232,30.9551029205322,111.967758178711,70.7255020141602,82.6189117431641,41.9793891906738,53.4574699401855,42.2341270446777,65.9733581542969,29.6153602600098
"2018-02-14",92.4829254150391,70.6595993041992,5.96863031387329,30.7522411346436,114.314033508301,72.5524978637695,83.9125747680664,44.408878326416,53.569580078125,41.5210113525391,65.3095703125,29.8265132904053
"2018-02-15",92.8688278198242,70.7365036010742,6.09422254562378,31.6435794830322,115.887229919434,73.0879974365234,85.6220550537109,44.7874870300293,53.3944091796875,42.3031272888184,66.7099838256836,30.2752342224121
"2018-02-16",92.2015151977539,70.7621307373047,6.02846193313599,31.9755229949951,115.47972869873,72.4345016479492,85.0121917724609,45.2370986938477,53.6256256103516,42.7785301208496,66.8637466430664,30.7298202514648
"2018-02-20",92.2256393432617,69.8390426635742,6.15800857543945,31.5165405273438,115.631362915039,73.4175033569336,85.6774826049805,44.5981750488281,53.0721282958984,42.0194206237793,65.8438110351562,27.6005268096924
"2018-02-21",92.6115570068359,69.7108459472656,5.97085475921631,31.0964813232422,114.133941650391,74.1460037231445,84.5409393310547,45.0951118469238,52.4695930480957,41.3983383178711,64.9533843994141,26.8409328460693
"2018-02-22",92.442741394043,69.9843597412109,5.99039936065674,31.2091789245605,114.086563110352,74.2669982910156,84.7626953125,44.8426933288574,53.1492118835449,41.2066383361816,65.4390640258789,27.2075290679932
"2018-02-23",94.3159942626953,70.2749786376953,6.08390951156616,32.0185470581055,116.503265380859,75,86.9157333374023,45.5210609436035,54.3192558288574,41.720386505127,65.6090774536133,27.2427272796631
"2018-02-26",95.4898223876953,70.3262329101562,6.09999179840088,31.9153633117676,118.076469421387,76.0975036621094,88.1724166870117,46.4202880859375,55.2370491027832,41.7126998901367,66.0785903930664,27.3101787567139
"2018-02-27",94.356201171875,70.0527420043945,6.0871262550354,31.3024406433105,116.920249938965,75.5989990234375,87.0450973510742,46.1678771972656,54.2982215881348,40.041130065918,65.1962432861328,26.8409328460693
"2018-02-28",92.8607711791992,68.9757766723633,5.98668813705444,31.3994407653809,116.512733459473,75.6224975585938,86.6477279663086,45.4185180664062,53.0651206970215,40.2558403015137,63.5610733032227,26.3980865478516
"2018-03-01",91.196533203125,68.0270385742188,5.74449920654297,31.6223258972168,114.105545043945,74.6725006103516,85.7976379394531,45.5841674804688,52.6867942810059,40.3708457946777,63.7067718505859,26.1253299713135
"2018-03-02",91.1081008911133,68.1210708618164,5.85161638259888,31.543909072876,114.456184387207,75.0124969482422,85.9824371337891,45.4185180664062,52.932014465332,40.5855560302734,64.354377746582,26.0344104766846
"2018-03-05",92.5070343017578,68.5655288696289,5.82959794998169,31.9917259216309,115.508140563965,76.1804962158203,86.5276412963867,46.3729553222656,53.436450958252,41.4596786499023,64.9938659667969,26.3892803192139
"2018-03-06",92.5874404907227,69.1809158325195,5.99064636230469,31.6285209655762,114.731033325195,76.8820037841797,86.2319259643555,46.2388572692871,53.3734130859375,40.5318717956543,64.7752914428711,26.1194610595703
"2018-03-07",92.2417144775391,69.2578430175781,5.9827299118042,31.585168838501,115.47972869873,77.25,86.7308883666992,46.0811004638672,52.0281944274902,41.382999420166,64.0791397094727,25.7323398590088
"2018-03-08",92.2497482299805,69.3518753051758,5.96640253067017,31.8452129364014,115.830383300781,77.5930023193359,87.2576293945312,46.554386138916,51.9300994873047,41.0762786865234,64.7348175048828,25.9388599395752
"2018-03-09",94.9029312133789,71.64404296875,6.06906700134277,31.9483814239502,118.000679016113,78.9445037841797,89.2073516845703,47.6192436218262,52.2383880615234,41.0686187744141,64.9938659667969,26.174877166748
"2018-03-12",94.5974044799805,70.2566833496094,6.17865705490112,31.8617191314697,117.744773864746,79.9195022583008,89.4198684692383,47.3037261962891,52.7148094177246,41.965747833252,64.6457977294922,25.9831104278564
"2018-03-13",93.4637832641602,70.0412368774414,6.1279444694519,31.9194889068604,116.759147644043,79.4089965820312,87.239143371582,47.3352890014648,52.2173690795898,41.2219734191895,64.5324554443359,26.0509662628174
"2018-03-14",92.4185943603516,69.0157928466797,6.15342378616333,32.6087684631348,116.17155456543,79.5500030517578,86.7216796875,48.4316902160645,51.5657958984375,41.0456161499023,63.9496116638184,25.8650913238525
"2018-03-15",92.6517486572266,69.1708984375,6.16826725006104,32.6356163024902,116.95817565918,79.1159973144531,87.026611328125,48.5736770629883,52.1403045654297,41.2143058776855,63.6824760437012,25.8178939819336
"2018-03-16",92.8125534057617,69.7827224731445,6.19646978378296,33.2340850830078,118.019638061523,78.5839996337891,87.4147186279297,48.8418617248535,52.6307334899902,41.4059982299805,63.9253158569336,26.307638168335
"2018-03-19",92.0809097290039,69.3346099853516,5.96194934844971,33.0050201416016,116.768623352051,77.2464981079102,85.8345947265625,48.8024253845215,51.9511299133301,40.8309059143066,63.6744003295898,25.8001918792725
"2018-03-20",92.1693496704102,69.9378356933594,6.17420434951782,33.1061363220215,118.379745483398,79.3255004882812,86.0563507080078,49.1652755737305,51.8390274047852,40.7542419433594,63.3910713195801,25.9477081298828
"2018-03-21",92.2497482299805,70.2135925292969,6.14897155761719,33.0359687805176,116.778091430664,79.0930023193359,85.4557342529297,48.9128532409668,52.5746955871582,40.2174987792969,62.3630142211914,26.0155620574951
"2018-03-22",88.3986587524414,68.4470596313477,5.98297739028931,33.4095001220703,113.71696472168,77.2460021972656,82.9700317382812,47.7612266540527,51.495735168457,40.4475250244141,61.8530540466309,25.7087345123291
"2018-03-23",86.0349273681641,67.369873046875,5.76330041885376,32.9142036437988,110.883285522461,74.7779998779297,80.5582809448242,47.0749664306641,51.0683479309082,39.8954467773438,61.4483070373535,25.2012882232666
"2018-03-26",88.6880874633789,69.8861389160156,6.04803943634033,33.3145637512207,114.332962036133,77.7929992675781,86.656982421875,47.9978637695312,51.8460311889648,39.979793548584,61.8530540466309,25.8149471282959
"2018-03-27",86.9675369262695,68.6883392333984,5.5789999961853,33.5539665222168,111.262359619141,74.8525009155273,82.6743545532227,47.5561370849609,51.6358642578125,40.8539199829102,62.9701385498047,25.387149810791
"2018-03-28",86.8308715820312,68.1195831298828,5.47584056854248,33.4879188537598,110.873794555664,71.5709991455078,82.6004180908203,47.6744575500488,51.0123100280762,42.0654182434082,63.8200950622559,25.8946018218994
"2018-03-29",88.4147338867188,68.8606948852539,5.72916269302368,33.7066841125488,113.366310119629,72.3669967651367,84.3376388549805,48.0609741210938,52.2734184265137,41.7357139587402,64.1762924194336,26.2486343383789
"2018-04-02",86.7102661132812,66.9476470947266,5.46841716766357,33.5085563659668,112.200614929199,68.5995025634766,81.7964859008789,47.1775169372559,51.299560546875,41.382999420166,62.6544456481934,25.2396392822266
"2018-04-03",87.9001770019531,67.0941314697266,5.57479429244995,33.4321975708008,112.968269348145,69.6025009155273,82.8961334228516,47.8716506958008,52.5606651306152,41.2143058776855,63.5125007629395,25.6084270477295
"2018-04-04",89.2347946166992,67.7145767211914,5.59681224822998,33.5003089904785,113.546371459961,70.5285034179688,85.3171310424805,48.4395866394043,52.4555702209473,42.295467376709,63.9901123046875,25.7323398590088
"2018-04-05",90.406494140625,68.2919235229492,5.47658205032349,33.8449478149414,114.854248046875,72.5875015258789,85.3633422851562,48.3133735656738,53.2612838745117,41.965747833252,63.7877006530762,25.9064025878906
"2018-04-06",88.1519775390625,65.4654693603516,5.30019807815552,33.5869789123535,111.546684265137,70.2614974975586,83.3766250610352,47.3589363098145,52.4555702209473,42.1804504394531,63.488224029541,25.5759716033936
"2018-04-09",89.210563659668,65.4309844970703,5.32889556884766,33.459041595459,112.579689025879,70.3040008544922,83.8755874633789,47.3273887634277,52.4555702209473,41.7817230224609,63.2696533203125,25.4550075531006
"2018-04-10",90.9155883789062,66.8614654541016,5.63812494277954,33.3909301757812,114.408805847168,71.8109970092773,85.8253555297852,47.6350173950195,53.996955871582,41.4059982299805,63.439640045166,25.5051651000977
"2018-04-11",89.3883361816406,66.4995498657227,5.59681224822998,33.2340850830078,113.517936706543,71.3525009155273,84.8828048706055,47.3194923400879,54.2491798400879,41.3983383178711,63.3587036132812,25.3458480834961
"2018-04-12",91.6105117797852,66.7322082519531,5.80362367630005,32.8275489807129,114.740509033203,72.4250030517578,86.4721984863281,47.7217826843262,54.1020469665527,40.2864952087402,62.9701385498047,25.204231262207
"2018-04-13",89.129768371582,66.5770950317383,5.72693490982056,33.0648536682129,114.437225341797,71.5394973754883,86.0101776123047,47.3826065063477,54.5364265441895,40.3555145263672,63.439640045166,25.378303527832
"2018-04-16",89.057014465332,66.740837097168,5.72668647766113,33.456974029541,115.508140563965,72.0749969482422,87.0173645019531,48.0609741210938,55.0268630981445,40.2864952087402,63.6339149475098,25.6202201843262
"2018-04-17",89.057014465332,67.1716918945312,5.87635469436646,33.6839752197266,117.327758789062,75.1914978027344,88.7730407714844,49.1258316040039,54.8797378540039,40.9305953979492,63.488224029541,25.9329509735107
"2018-04-18",88.3378524780273,68.2402648925781,5.84741020202637,33.6096839904785,117.97225189209,76.3919982910156,89.1149520874023,48.2581787109375,55.5032920837402,40.5165405273438,63.3020095825195,25.8355941772461
"2018-04-19",90.2771759033203,68.2057723999023,5.66607856750488,33.5436515808105,117.47940826416,77.8454971313477,88.8100357055664,48.2187309265137,55.6434135437012,39.8110961914062,61.2326164245605,25.930004119873
"2018-04-20",90.0751800537109,68.1282272338867,5.65791463851929,33.1824951171875,117.706855773926,76.3744964599609,87.784309387207,48.1556167602539,55.3491554260254,39.2436904907227,60.2930908203125,25.661527633667
"2018-04-23",89.6388244628906,67.6714859008789,5.53842782974243,33.2526550292969,117.953285217285,75.8929977416992,88.1077346801758,48.2897071838379,55.7485084533691,38.8602905273438,59.6394882202148,25.4019050598145
"2018-04-24",89.2186431884766,65.4309844970703,5.47213077545166,33.46728515625,114.930046081543,73.0045013427734,86.0471267700195,47.8874320983887,54.8937492370605,39.1210098266602,59.2310104370117,25.5287628173828
"2018-04-25",88.8792495727539,66.1203765869141,5.3598165512085,33.0875587463379,114.873191833496,73.0084991455078,85.2986221313477,47.5640296936035,55.6994743347168,38.7376136779785,59.0676498413086,25.7175827026367
"2018-04-26",88.9681091308594,65.4137725830078,5.5715765953064,33.6819076538086,120.436302185059,75.8980026245117,87.1005172729492,47.8243255615234,56.6523056030273,38.3465614318848,59.4352607727051,25.9447555541992
"2018-04-27",88.4024887084961,65.62060546875,5.59903573989868,33.8366966247559,119.422233581543,78.6309967041016,88.5420379638672,48.100414276123,54.501407623291,40.5472068786621,59.4842910766602,25.7529850006104
"2018-04-30",87.9014892578125,64.6554641723633,5.56366109848022,33.8263702392578,120.246765136719,78.3065032958984,86.4167251586914,47.5561370849609,54.4733772277832,40.9765968322754,59.1002960205078,26.0981750488281
"2018-05-01",87.9014892578125,63.6472282409668,5.61907529830933,33.6839752197266,120.843811035156,79.1129989624023,87.784309387207,47.7217826843262,53.9128723144531,42.0654182434082,58.7898445129395,25.7883930206299
"2018-05-02",87.2065353393555,62.7509994506836,5.59854316711426,33.7314491271973,119.772880554199,78.484001159668,86.4074859619141,46.5228271484375,53.8077926635742,42.2111167907715,57.95654296875,25.472713470459
"2018-05-03",86.6570358276367,63.5423851013184,5.76379489898682,33.6509475708008,120.531066894531,78.6039962768555,86.9249572753906,46.7515716552734,53.6256256103516,42.5484962463379,58.2996597290039,25.4402599334717
"2018-05-04",87.6186676025391,65.107666015625,5.91395711898804,33.8635139465332,121.459823608398,79.0475006103516,87.9321670532227,47.1775169372559,53.8778533935547,43.0775718688965,59.1738395690918,25.8237991333008
"2018-05-07",88.3782501220703,64.959831237793,6.15194082260132,33.7108001708984,122.502334594727,80.0070037841797,88.9116668701172,47.8795509338379,54.4663619995117,43.3891067504883,58.8061866760254,25.2160396575928
"2018-05-08",89.6873245239258,65.0641708374023,6.1944899559021,33.0008850097656,123.108863830566,79.619499206543,88.5328140258789,48.2423858642578,54.7115898132324,42.9451751708984,58.3650245666504,25.2956962585449
"2018-05-09",91.6428298950195,65.7946395874023,6.32758283615112,32.6665649414062,123.999732971191,80.4000015258789,89.5769805908203,48.739330291748,56.0007514953613,43.1320991516113,59.1248092651367,24.5050220489502
"2018-05-10",92.3539428710938,66.4816513061523,6.43519449234009,33.0669174194336,124.151382446289,80.4540023803711,90.4733047485352,49.1968154907227,57.2548332214355,43.7240028381348,59.7620468139648,24.5495529174805
"2018-05-11",92.0064849853516,66.4990615844727,6.29665946960449,33.172176361084,124.928497314453,80.1455001831055,90.2792510986328,49.2441444396973,57.5237731933594,43.8096809387207,59.9417724609375,24.7544040679932
"2018-05-14",92.0388107299805,66.5946884155273,6.31719207763672,33.060733795166,124.350379943848,80.0770034790039,90.5841751098633,48.6841049194336,57.9130325317383,43.2333374023438,59.8682632446289,25.054256439209
"2018-05-15",91.3357620239258,66.7251434326172,6.07475662231445,32.7821388244629,124.246154785156,78.8059997558594,89.9281158447266,48.8339767456055,57.8847045898438,42.7115249633789,59.5986633300781,25.0928535461426
"2018-05-16",91.5862579345703,67.2469253540039,6.08588886260986,32.4354248046875,124.047134399414,79.3639984130859,90.1601181030273,48.5973320007324,58.047492980957,42.7115249633789,60.0724983215332,25.570837020874
"2018-05-17",91.2792053222656,67.5425872802734,6.1279444694519,32.2806587219238,123.33519744873,79.0879974365234,89.2599182128906,47.6113586425781,57.948413848877,42.0027809143066,60.4238090515137,25.0839519500732
"2018-05-18",89.800422668457,68.3426055908203,6.08415651321411,32.2868423461914,123.33519744873,78.7184982299805,89.4269714355469,48.0609741210938,57.5379219055176,42.2675819396973,60.0071449279785,24.8315925598145
"2018-05-21",90.6246795654297,69.4731216430664,6.0421028137207,33.0648536682129,124.028129577637,79.2730026245117,90.577751159668,48.6367874145508,58.231502532959,42.9763221740723,60.5055160522461,25.0898876190186
"2018-05-22",91.3196105957031,68.8382949829102,6.00400352478027,32.9018287658691,124.075592041016,79.0699996948242,90.4849395751953,48.897087097168,57.7785568237305,43.3657379150391,60.4810066223145,24.7514343261719
"2018-05-23",90.8994216918945,68.6991424560547,6.127525806427,33.0772476196289,125.18620300293,80.0930023193359,91.5614929199219,49.0863914489746,58.1394920349121,44.2224617004395,60.6035499572754,24.6445541381836
"2018-05-24",89.8812713623047,68.6209030151367,6.13123893737793,33.2671012878418,125.195671081543,80.1535034179688,91.2366561889648,49.4019012451172,56.8089752197266,43.8096809387207,60.2685623168945,24.5970516204834
"2018-05-25",89.4206466674805,68.064338684082,6.17059707641602,33.5188789367676,124.616622924805,80.5074996948242,91.2830810546875,49.1810417175293,55.7049255371094,44.2925605773926,60.7097549438477,24.4812679290771
"2018-05-29",85.5984954833984,66.9077606201172,6.15351629257202,33.7892227172852,123.107376098633,80.6435012817383,90.9582672119141,48.676212310791,55.4996948242188,44.4171714782715,60.4973258972168,24.4634532928467
"2018-05-30",87.5540313720703,67.7512741088867,6.26243448257446,34.1070404052734,124.009132385254,81.244499206543,91.8306198120117,49.6937561035156,57.6794815063477,44.8143768310547,61.1835899353027,24.9740943908691
"2018-05-31",86.4712142944336,66.5946884155273,6.24263143539429,34.2184753417969,124.085060119629,81.4810028076172,91.7285308837891,48.9759635925293,57.4954643249512,44.9000587463379,59.7784080505371,24.5050220489502
"2018-06-01",87.5944290161133,66.8729934692383,6.3770432472229,33.6550827026367,124.20849609375,82.0770034790039,93.5382461547852,49.2441444396973,57.9130325317383,45.1882400512695,60.0071449279785,24.6386203765869
"2018-06-04",87.6348114013672,66.9338531494141,6.55601072311401,33.4888687133789,126.31583404541,83.2634963989258,94.3549194335938,49.5596580505371,57.3043746948242,44.9935150146484,60.6035499572754,25.3600559234619
"2018-06-05",87.1419067382812,69.090461730957,6.56145715713501,33.1002960205078,126.780937194824,84.817497253418,94.837532043457,49.6858711242676,57.0991592407227,44.713134765625,60.4319801330566,25.1225414276123
"2018-06-06",89.1782379150391,69.8122406005859,6.56343746185303,32.4416084289551,129.362854003906,84.7874984741211,95.1159133911133,49.3703498840332,58.075798034668,44.8066024780273,60.7424049377441,25.1047325134277
"2018-06-07",89.5337829589844,69.8644180297852,6.50774240493774,32.4935569763184,127.046714782715,84.4649963378906,93.6217575073242,49.3861274719238,58.656135559082,44.8533172607422,61.8943748474121,25.2205200195312
"2018-06-08",89.7842788696289,69.8731384277344,6.49239492416382,32.5808296203613,127.90104675293,84.1995010375977,94.3177947998047,49.567554473877,59.1657028198242,45.1648635864258,63.0544929504395,25.0453491210938
"2018-06-11",89.5580139160156,70.2731399536133,6.45130395889282,32.289924621582,127.11319732666,84.4560012817383,93.7795257568359,49.4886741638184,58.8118324279785,45.406307220459,63.3404235839844,25.0275402069092
"2018-06-12",89.0408554077148,69.9253234863281,6.49982070922852,32.7075805664062,128.014953613281,84.9375,94.0207901000977,48.8418617248535,58.3305816650391,45.4140930175781,63.1035194396973,24.9681606292725
"2018-06-13",88.8630981445312,69.6122436523438,6.49536514282227,32.651481628418,127.578308105469,85.2429962158203,93.5939254760742,49.3151512145996,57.6865539550781,44.2614135742188,62.4744262695312,24.9651985168457
"2018-06-14",87.2954177856445,68.9426574707031,6.60700368881226,33.0005645751953,128.147842407227,86.193000793457,94.122917175293,48.8182029724121,57.9554824829102,44.892261505127,62.0822639465332,24.8761310577393
"2018-06-15",87.1903839111328,68.9165496826172,6.56616020202637,33.1501693725586,128.242752075195,85.7985000610352,92.9257278442383,49.1889381408691,57.0849990844727,44.7832298278809,63.2178726196289,24.8494052886963
"2018-06-18",87.4166412353516,68.8991775512695,6.56195211410522,33.3309364318848,129.286911010742,86.1894989013672,93.6032104492188,48.5105743408203,57.1982231140137,44.3938217163086,61.9597129821777,24.6415939331055
"2018-06-19",86.9075622558594,68.0121688842773,6.4401650428772,33.8691024780273,128.252258300781,86.7389984130859,93.6032104492188,48.8734130859375,57.1133041381836,44.5573577880859,62.3600578308105,24.8226909637451
"2018-06-20",86.8994903564453,67.7773742675781,6.49313688278198,33.8067665100098,128.622482299805,87.5039978027344,94.5405197143555,48.4474716186523,56.9363670349121,45.4686164855957,61.9678955078125,24.8226909637451
"2018-06-21",86.875244140625,66.4033966064453,6.36441946029663,33.9459838867188,127.701728820801,86.5110015869141,93.863037109375,48.1556167602539,56.3985061645508,45.7957191467285,62.4499130249023,25.0008201599121
"2018-06-22",85.4530487060547,66.603401184082,6.21193552017212,34.1392250061035,128.46110534668,85.7835006713867,93.1855621337891,47.9426460266113,57.5945434570312,45.9904251098633,63.2587203979492,25.181921005249
"2018-06-25",84.6773071289062,66.0381546020508,5.91910028457642,34.575569152832,124.284408569336,83.1575012207031,91.310920715332,47.4693756103516,56.4338836669922,46.1851348876953,63.5528450012207,25.6717872619629
"2018-06-26",84.7338714599609,65.6642150878906,5.99014186859131,34.6524467468262,125.822212219238,84.5544967651367,91.9512710571289,47.1302032470703,57.0708427429199,46.2941741943359,63.7244262695312,25.5263118743896
"2018-06-27",83.4247970581055,65.4468231201172,5.83493804931641,34.9246635437012,124.369873046875,83.0254974365234,90.5220794677734,46.3098526000977,57.8280792236328,46.6602325439453,63.4711570739746,25.7964763641357
"2018-06-28",84.7904281616211,64.7337341308594,5.96217060089111,34.6607666015625,126.002555847168,85.0725021362305,91.5336303710938,46.9566612243652,58.0121040344238,48.5683937072754,63.7652587890625,25.4906826019287
"2018-06-29",84.2005386352539,64.99462890625,5.86414670944214,34.7064781188965,125.727249145508,84.9899978637695,91.5150756835938,46.6569175720215,58.5499801635742,48.8254089355469,63.7734260559082,25.4283351898193
"2018-07-02",84.9116516113281,65.1598358154297,5.99633073806763,35.1178970336914,125.774726867676,85.6890029907227,92.8143615722656,47.1223182678223,57.8634986877441,48.3503189086914,63.8306007385254,24.9384765625
"2018-07-03",83.7237930297852,65.6120529174805,5.86266136169434,35.0243949890137,124.777984619141,84.697998046875,91.9234237670898,46.7988967895508,58.203182220459,48.9889526367188,63.6427116394043,25.0690994262695
"2018-07-05",84.2681350708008,65.9511947631836,6.00846099853516,35.0202445983887,126.524620056152,84.9865036010742,92.5823440551758,46.5859298706055,58.2527275085449,49.7132873535156,64.7129592895508,25.1076927185059
"2018-07-06",84.5443725585938,66.1077270507812,6.12232732772827,35.3880195617676,127.284042358398,85.5315017700195,93.8815994262695,46.6884765625,58.2668876647949,50.1572113037109,64.7946548461914,25.0898876190186
"2018-07-09",87.1604766845703,67.6556167602539,6.16985464096069,34.3511734008789,128.641448974609,86.9509963989258,94.52197265625,46.988208770752,58.670295715332,49.2382049560547,63.6100273132324,25.5114669799805
"2018-07-10",86.6242523193359,68.09912109375,6.26887083053589,34.7916793823242,129.752044677734,87.1535034179688,94.7725296020508,47.0513114929199,59.2081680297852,49.261547088623,65.2113037109375,25.8914794921875
"2018-07-11",86.4374084472656,65.8816223144531,6.12727737426758,34.9932174682617,131.137954711914,87.75,94.6426239013672,46.7200202941895,58.4509010314941,49.1369361877441,64.6720962524414,25.6895942687988
"2018-07-12",86.8111190795898,66.8468933105469,6.2188663482666,35.0098571777344,132.799087524414,89.8310012817383,96.693603515625,46.2704162597656,58.5216636657715,49.1914558410645,64.4515151977539,25.6866283416748
"2018-07-13",86.4130172729492,67.6208343505859,6.17158699035645,35.2238693237305,132.343505859375,90.651496887207,97.8443832397461,46.0968742370605,58.9604606628418,48.8176155090332,64.7946548461914,26.0369548797607
"2018-07-16",89.8415908813477,67.2555923461914,6.1438627243042,35.2197074890137,131.432281494141,91.1244964599609,97.3618087768555,46.0811004638672,58.3801231384277,48.7475204467773,64.9743881225586,26.0191402435303
"2018-07-17",89.7765960693359,67.6730346679688,6.27976131439209,35.367244720459,132.552322387695,92.1965026855469,98.3269653320312,46.8541145324707,58.2527275085449,48.397029876709,65.3828659057617,26.1824264526367
"2018-07-18",90.613410949707,68.1512985229492,6.2305006980896,35.2030868530273,133.748352050781,92.1460037231445,97.5566940307617,47.6350173950195,58.1890335083008,48.1322402954102,65.1296234130859,26.1468029022217
"2018-07-19",89.2809982299805,68.0121688842773,6.23866939544678,35.3755493164062,133.017440795898,90.6484985351562,96.8885040283203,46.9408798217773,58.0404205322266,48.8876991271973,64.9045486450195,26.0428924560547
"2018-07-20",90.4103240966797,67.516487121582,6.21045112609863,35.3173675537109,133.83381652832,90.6849975585938,98.6239471435547,47.193302154541,57.608699798584,49.4484710693359,64.8633346557617,26.1438293457031
"2018-07-23",92.0920944213867,66.8468933105469,6.17381572723389,35.0804977416992,132.922561645508,90.0999984741211,100.20166015625,46.9961013793945,57.608699798584,49.6353950500488,64.7231903076172,26.0161724090576
"2018-07-24",92.742057800293,67.3512573242188,6.15648746490479,35.367244720459,132.922561645508,91.4619979858398,99.9139633178711,46.8462295532227,58.7481422424316,49.2537651062012,65.118896484375,26.1141452789307
"2018-07-25",93.5789108276367,68.6817626953125,6.2347092628479,34.8560791015625,135.400039672852,93.1804962158203,102.855857849121,46.9487724304199,59.1586112976074,49.8223114013672,65.5145950317383,26.0963287353516
"2018-07-26",93.3107757568359,69.5339889526367,6.30822706222534,34.9412727355957,135.267135620117,90.4000015258789,101.732917785645,47.4220542907715,59.6186370849609,50.0871276855469,66.0257263183594,26.1942958831787
"2018-07-27",94.2694854736328,70.0644378662109,6.23842239379883,34.6960830688477,133.56803894043,90.8635025024414,99.9325103759766,47.2248420715332,57.9767150878906,48.1400260925293,66.4296875,26.1646118164062
"2018-07-30",94.8382263183594,69.4470138549805,6.04311466217041,34.5402565002441,129.552749633789,88.9609985351562,97.788703918457,46.8698921203613,57.8493232727051,48.0543556213379,66.1164169311523,26.3872776031494
"2018-07-31",93.3920288085938,72.3254470825195,6.06118679046631,34.8124389648438,129.799514770508,88.8720016479492,98.447624206543,47.3352890014648,57.6865539550781,48.755313873291,66.6769866943359,26.491189956665
"2018-08-01",93.968864440918,71.6297378540039,6.10103940963745,34.8872566223145,131.232833862305,89.8584976196289,98.6332168579102,47.7375640869141,56.8938980102539,49.0356903076172,66.4873962402344,26.1972675323486
"2018-08-02",94.3669891357422,70.5862045288086,6.20376682281494,35.2093238830566,131.868865966797,91.7164993286133,99.8304061889648,48.6525726318359,56.5542182922363,49.1992416381836,67.6003189086914,26.3516540527344
"2018-08-03",95.1306838989258,70.9340515136719,6.24040269851685,35.5625648498535,132.723220825195,91.1644973754883,100.266593933105,48.5500259399414,56.7594261169434,50.0949058532715,67.8723602294922,26.6010437011719
"2018-08-06",95.1550750732422,70.6036071777344,6.28817844390869,35.5334625244141,132.618789672852,92.3874969482422,100.350135803223,48.4553527832031,56.7452659606934,50.0396461486816,68.0290069580078,26.6218204498291
"2018-08-07",95.5044174194336,71.8123550415039,6.36045789718628,35.4545135498047,133.159866333008,93.1240005493164,101.046165466309,48.7629776000977,57.5167007446289,50.3949356079102,68.1279449462891,26.6515083312988
"2018-08-08",95.6994247436523,71.229736328125,6.39684677124023,35.3402252197266,133.53955078125,94.3259963989258,101.612266540527,48.8339767456055,57.1345481872559,50.1264877319336,67.8888702392578,26.7346343994141
"2018-08-09",94.9600677490234,71.0558166503906,6.34832859039307,35.5002288818359,132.903549194336,94.9260025024414,101.779319763184,49.3309135437012,56.8443603515625,50.1028060913086,67.1056900024414,26.5793590545654
"2018-08-10",94.025749206543,70.0470352172852,6.30699014663696,35.5168533325195,132.637786865234,94.3150024414062,101.157531738281,49.2520332336426,56.7871704101562,49.8501625061035,67.1303939819336,26.9287338256836
"2018-08-13",92.5307998657227,69.6731185913086,6.33991193771362,35.5937309265137,133.09342956543,94.8099975585938,100.424369812012,48.8734130859375,56.1722412109375,50.0159645080566,67.2045974731445,26.767484664917
"2018-08-14",93.148307800293,69.6905059814453,6.47135400772095,35.7267074584961,133.615478515625,95.9824981689453,101.677230834961,49.1337280273438,55.9934883117676,50.5133590698242,67.0315017700195,27.1288013458252
"2018-08-15",92.3764419555664,69.2469940185547,6.41318273544312,35.8991661071777,132.818099975586,94.1309967041016,100.298446655273,50.5298805236816,55.0139045715332,51.587100982666,67.8476257324219,26.9406795501709
"2018-08-16",93.2457733154297,70.0122604370117,6.37258577346802,36.3189010620117,133.71174621582,94.3259963989258,100.279823303223,51.3107757568359,55.7718238830566,51.855541229248,68.9935531616211,29.4549827575684
"2018-08-17",93.2457733154297,70.438362121582,6.06019639968872,36.3978538513184,134.358184814453,94.1110000610352,100.223907470703,52.2809944152832,55.9577293395996,52.6608467102051,68.9935531616211,29.2190799713135
"2018-08-20",93.1239242553711,70.7427444458008,6.13495302200317,36.2170906066895,133.987426757812,93.8355026245117,99.5624694824219,52.7700462341309,56.3510055541992,52.605583190918,68.9523239135742,28.6666507720947
"2018-08-21",93.6926422119141,71.3340606689453,6.27060270309448,35.8700828552246,133.131881713867,94.1709976196289,98.7333145141602,53.0224456787109,56.3653030395508,52.416088104248,69.1666641235352,28.6905403137207
"2018-08-22",93.4082870483398,70.864501953125,6.50576066970825,35.6789245605469,134.177520751953,95.245002746582,99.7394790649414,52.6280555725098,57.173282623291,52.3134498596191,68.7462387084961,28.5681037902832
"2018-08-23",93.2132720947266,70.3688049316406,6.60527181625366,35.6623039245605,135.090240478516,95.1449966430664,100.205268859863,52.6990509033203,56.5440368652344,52.0371284484863,68.6225814819336,28.4217891693115
"2018-08-24",93.1726608276367,71.0297164916992,6.7384467124939,35.8846206665039,137.086608886719,95.2695007324219,100.987846374512,52.7858085632324,56.9301910400391,52.0608215332031,68.7214889526367,28.3531074523926
"2018-08-27",94.8219451904297,72.2558517456055,6.82953929901123,35.6269798278809,138.227478027344,96.3840026855469,102.10578918457,53.0539932250977,57.4878845214844,52.0371284484863,68.7874603271484,28.2306728363037
"2018-08-28",94.3588562011719,72.6732635498047,6.79191446304321,35.4399681091309,138.03727722168,96.640998840332,102.720672607422,52.9672393798828,57.4020690917969,52.7476921081543,68.8204345703125,28.6875534057617
"2018-08-29",94.0501098632812,72.6732635498047,6.89742279052734,35.6658477783203,139.777069091797,99.9049987792969,104.360313415527,53.3774070739746,57.8167991638184,52.6450653076172,68.8286743164062,28.5591487884521
"2018-08-30",93.5870056152344,72.0297470092773,6.88058042526245,35.7285919189453,139.501342773438,100.119003295898,104.29508972168,52.983024597168,57.5665321350098,52.566104888916,68.7627182006836,28.6965084075928
"2018-08-31",93.0914077758789,72.2993240356445,6.95166206359863,35.5759048461914,139.643920898438,100.635498046875,104.649131774902,53.266975402832,57.3234214782715,52.6687469482422,68.3834991455078,28.6248435974121
"2018-09-04",93.5545196533203,71.9775619506836,7.02646017074585,35.5612716674805,140.509048461914,101.97550201416,104.071502685547,53.9453353881836,57.409236907959,52.2897682189941,68.1773834228516,28.4755363464355
"2018-09-05",93.0995483398438,73.5341720581055,6.89568948745728,35.8938179016113,135.632110595703,99.7409973144531,101.071678161621,54.2608489990234,58.1743087768555,53.1108703613281,68.6637802124023,28.8517894744873
"2018-09-06",92.7014541625977,73.6298446655273,6.75451374053955,36.3539390563965,137.371856689453,97.9154968261719,101.304573059082,54.2845230102539,57.5307731628418,53.2608833312988,68.1361770629883,28.8010234832764
"2018-09-07",92.8801727294922,72.8819732666016,6.73321533203125,35.9942054748535,136.135955810547,97.6035003662109,100.810836791992,54.3239555358887,58.5103759765625,52.416088104248,67.526123046875,28.6158885955811
"2018-09-10",92.3845748901367,74.1342163085938,6.80429792404175,35.979564666748,136.972534179688,96.9505004882812,101.900840759277,53.4720687866211,58.4245491027832,52.7871589660645,67.9135894775391,28.9354000091553
"2018-09-11",92.9695587158203,73.9689712524414,6.75649833679199,36.0046539306641,138.312973022461,99.3574981689453,103.633636474609,53.6298141479492,59.2468338012695,52.7792701721191,67.6085586547852,28.857759475708
"2018-09-12",91.8727264404297,74.7603302001953,6.64256811141968,36.0778694152832,139.339752197266,99.5,104.071502685547,53.9216766357422,59.4398765563965,52.6371612548828,68.5153884887695,28.6576900482178
"2018-09-13",92.2302093505859,75.3951568603516,6.72033643722534,36.5170745849609,140.347412109375,99.4934997558594,105.189460754395,54.2214012145996,58.8607215881348,53.0161361694336,68.7956848144531,28.403865814209
"2018-09-14",92.2139739990234,75.7864685058594,6.84640169143677,36.3183898925781,140.547058105469,98.5094985961914,105.618003845215,53.8270149230957,59.2897453308105,52.4318809509277,68.9275817871094,28.2456035614014
"2018-09-17",92.4902038574219,75.7690734863281,6.78448486328125,36.3623046875,138.968963623047,95.401496887207,104.472099304199,54.0557708740234,59.6401023864746,52.7476921081543,69.4552001953125,28.3142852783203
"2018-09-18",92.8639526367188,75.5951690673828,6.71241092681885,36.2744636535645,140.347412109375,97.0524978637695,105.468925476074,54.9628791809082,59.7973976135254,52.4555778503418,69.2490921020508,28.4964427947998
"2018-09-19",95.5613021850586,76.5343551635742,6.73618793487549,35.3814086914062,140.147750854492,96.3209991455078,104.062194824219,55.1206245422363,60.5124359130859,51.7055206298828,69.2490921020508,28.4397068023682
"2018-09-20",96.3818740844727,76.8039245605469,6.59501552581787,35.4023208618164,141.877975463867,97.2149963378906,105.804328918457,55.8305358886719,60.6482772827148,51.7686920166016,70.3702850341797,28.5919952392578
"2018-09-21",95.748161315918,76.96044921875,6.52492380142212,35.7139587402344,142.648040771484,95.7505035400391,106.447143554688,55.7832260131836,60.8985328674316,51.7134208679199,70.74951171875,28.6367893218994
"2018-09-24",94.8300933837891,76.0473403930664,6.58064985275269,35.3061141967773,141.754409790039,96.7180023193359,106.829109191895,55.5071601867676,61.9210319519043,50.4975624084473,69.4716796875,28.3441486358643
"2018-09-25",94.5619812011719,75.7864685058594,6.64776945114136,34.8961982727051,142.201232910156,98.7275009155273,106.624145507812,56.1618385314941,61.8495216369629,50.9633865356445,68.5236434936523,28.3978996276855
"2018-09-26",93.4489059448242,75.577766418457,6.61086511611938,34.3942260742188,141.906555175781,98.7425003051758,106.186279296875,55.909423828125,61.3347129821777,49.7080497741699,68.6390533447266,28.2456035614014
"2018-09-27",93.0426712036133,75.4473190307617,6.62275457382202,34.6326522827148,142.619537353516,100.649002075195,106.586898803711,55.4677047729492,61.3275451660156,49.779109954834,68.3093032836914,28.1082515716553
"2018-09-28",91.6777648925781,75.4212417602539,6.96008348464966,35.0530471801758,142.686096191406,100.150001525879,106.549621582031,56.0356292724609,60.7912712097168,50.7817878723145,68.6143112182617,28.0425491333008
"2018-10-01",92.2139739990234,76.0473403930664,7.16664266586304,34.925464630127,143.351470947266,100.218002319336,107.704833984375,55.7674407958984,61.3561553955078,49.9764823913574,68.9770660400391,28.1888751983643
"2018-10-02",92.5958099365234,76.3951950073242,7.09531259536743,35.4169616699219,142.286804199219,98.5654983520508,107.276298522949,55.9725379943848,61.820930480957,49.7475166320801,69.5458755493164,28.4128322601318
"2018-10-03",93.4651489257812,76.2821502685547,7.10150575637817,35.1869049072266,142.001602172852,97.6380004882812,107.294929504395,56.051399230957,61.5992546081543,48.8711585998535,68.4494552612305,28.0903263092041
"2018-10-04",94.3078384399414,76.2647552490234,6.91723585128784,35.3981246948242,139.520309448242,95.4710006713867,105.077659606934,56.0908393859863,61.1917114257812,49.1159133911133,67.5343780517578,28.132137298584
"2018-10-05",93.7760467529297,75.3690490722656,6.68368291854858,36.0506706237793,138.189422607422,94.4824981689453,104.462791442871,55.7437744140625,61.0200843811035,49.1395874023438,67.7239837646484,27.8633861541748
"2018-10-08",94.3487396240234,75.3690490722656,6.58238172531128,36.2493705749512,134.890579223633,93.2210006713867,103.270309448242,56.0277404785156,61.5849800109863,49.8975372314453,67.9300689697266,28.2754688262939
"2018-10-09",93.6942291259766,73.8559494018555,6.57668542861938,36.3351135253906,135.28987121582,93.515998840332,104.58390045166,56.6587753295898,61.8566932678223,50.5133590698242,67.7651824951172,28.9891567230225
"2018-10-10",91.1988906860352,71.090576171875,6.08505916595459,36.1301536560059,128.83479309082,87.7624969482422,98.9010162353516,54.0478858947754,60.4337997436523,50.4975624084473,67.138671875,28.5949821472168
"2018-10-11",88.4662780761719,69.1600494384766,5.82351636886597,35.364673614502,127.133140563965,85.9680023193359,98.6681137084961,52.8252639770508,58.3458976745605,48.7369422912598,65.0199737548828,28.045539855957
"2018-10-12",87.500846862793,69.3687438964844,6.10610961914062,35.4211502075195,133.150863647461,89.4304962158203,102.077842712402,52.7384872436523,58.1886024475098,48.6343154907227,65.1765975952148,28.3113021850586
"2018-10-15",87.0018081665039,68.8382949829102,5.82970857620239,35.4797058105469,130.460479736328,88.0475006103516,100.242546081543,52.2494277954102,57.7881813049316,48.8711585998535,66.0587005615234,28.0156764984131
"2018-10-16",88.8671875,69.7948684692383,6.08852577209473,35.8247947692871,134.747985839844,90.9980010986328,103.410057067871,55.4282493591309,58.0598945617676,49.8343696594238,66.7841873168945,28.6099128723145
"2018-10-17",89.8571166992188,69.4035186767578,6.01991939544678,35.7264938354492,135.422912597656,91.5865020751953,103.13988494873,55.712230682373,58.2744064331055,50.047534942627,67.4849090576172,28.8338756561279
"2018-10-18",88.4335479736328,68.1599960327148,5.93249177932739,35.8833541870117,132.418823242188,88.536003112793,101.081016540527,56.6351280212402,58.5246734619141,50.1028060913086,66.7339172363281,28.7174167633057
"2018-10-19",88.2862701416016,67.2121200561523,5.67590188980103,36.2786445617676,133.169891357422,88.2014999389648,101.230049133301,55.6491355895996,58.6104736328125,50.9002227783203,72.6055526733398,29.0100498199463
"2018-10-22",87.0181503295898,66.5773239135742,5.72667646408081,36.111328125,133.702239990234,89.4649963378906,102.133712768555,55.4203758239746,58.0241470336914,50.0080680847168,72.0233688354492,29.0070667266846
"2018-10-23",86.1100006103516,63.9250030517578,5.47504043579102,35.686767578125,132.257186889648,88.4349975585938,100.708366394043,54.7735710144043,57.087474822998,50.6712608337402,72.4891128540039,29.2041492462158
"2018-10-24",84.5064315795898,61.2118225097656,4.93883275985718,36.7262268066406,127.63697052002,83.2099990844727,95.3235778808594,53.4326210021973,55.5001182556152,51.9423751831055,74.4019775390625,29.1324844360352
"2018-10-25",85.7909240722656,62.7858009338379,5.14762020111084,36.2242622375488,133.588150024414,89.1084976196289,100.894676208496,54.3949584960938,55.9934883117676,52.3292465209961,74.0194244384766,29.616231918335
"2018-10-26",84.61279296875,62.6205635070801,4.91109275817871,35.5319900512695,130.945358276367,82.1405029296875,99.6462783813477,53.724479675293,55.4357872009277,51.4370994567871,73.0712966918945,29.544563293457
"2018-10-29",85.7827453613281,61.7683715820312,4.59729051589966,36.1364326477051,127.703544616699,76.9440002441406,96.7489547729492,54.3239555358887,55.0925636291504,52.0924072265625,73.3873291015625,29.8013725280762
"2018-10-30",87.2963180541992,61.1770324707031,5.02774524688721,36.2974624633789,126.210945129395,76.5210037231445,96.6371612548828,55.0496444702148,56.329532623291,54.8635940551758,74.1774215698242,30.5837326049805
"2018-10-31",89.1944274902344,62.3249053955078,5.22167253494263,36.0778694152832,131.049926757812,79.9004974365234,99.5065536499023,54.9786491394043,56.9730644226074,52.163444519043,73.7532424926758,29.944709777832
"2018-11-01",89.1616973876953,64.1336975097656,5.40197944641113,35.6532936096191,133.882858276367,83.276496887207,98.6774063110352,54.4580535888672,57.6809234619141,53.2924690246582,74.5100936889648,30.0342922210693
"2018-11-02",88.6708145141602,63.6902046203613,5.32296991348267,35.1680641174316,132.884674072266,83.276496887207,98.9010162353516,53.9374465942383,58.5961723327637,51.9976501464844,74.6930465698242,30.2612323760986
"2018-11-05",89.2517013549805,64.1336975097656,5.24495267868042,35.7034912109375,132.903656005859,81.3899993896484,100.158683776855,55.0023307800293,58.3745079040527,53.5135231018066,75.8491058349609,30.7300548553467
"2018-11-06",89.6689376831055,65.4641952514648,5.22736835479736,35.8603515625,133.844833374023,82.1405029296875,100.354354858398,55.0417556762695,58.6247711181641,54.571475982666,76.1068954467773,30.8554630279541
"2018-11-07",91.2070541381836,65.5859603881836,5.29498386383057,36.2953796386719,137.63801574707,87.7744979858398,104.304405212402,57.6763000488281,59.3684120178223,54.5556983947754,75.9239501953125,31.1510944366455
"2018-11-08",91.9433975219727,64.5598068237305,5.10179948806763,36.3832206726074,138.065811157227,87.7454986572266,104.108779907227,57.9445114135742,58.4245491027832,54.8355484008789,75.9821929931641,31.3183097839355
"2018-11-09",91.0516128540039,63.8554382324219,5.09387397766113,36.927001953125,136.829925537109,85.6214981079102,102.077842712402,57.7315254211426,58.4101142883301,55.55517578125,76.8554534912109,31.5213718414307
"2018-11-12",89.1371688842773,63.0553817749023,4.69437837600708,37.3306541442871,132.827651977539,81.8424987792969,99.5624694824219,56.7139739990234,57.6589698791504,55.8670082092285,77.0966262817383,31.016716003418
"2018-11-13",89.660758972168,62.8814659118652,4.936354637146,37.3662109375,132.827651977539,81.5585021972656,99.6276626586914,56.4694747924805,56.3372001647949,55.6351280212402,77.7369995117188,30.7390060424805
"2018-11-14",87.8117599487305,62.924934387207,4.88384771347046,36.9813804626465,132.609008789062,79.9505004882812,98.2148361206055,51.1135787963867,55.8966064453125,56.0508995056152,77.7536392211914,30.3179702758789
"2018-11-15",90.0534744262695,64.3337097167969,5.01263761520386,37.4749603271484,135.08512878418,80.9720001220703,100.376190185547,52.296760559082,56.4744338989258,55.563175201416,78.0364074707031,29.7237300872803
"2018-11-16",89.9880142211914,64.5598068237305,4.07247352600098,37.7280349731445,133.504196166992,79.6705017089844,101.321174621582,52.3283195495605,57.0305709838867,56.2348289489746,78.0280990600586,29.1713047027588
"2018-11-19",90.6752700805664,63.8989181518555,3.58381676673889,38.0668640136719,128.342330932617,75.614501953125,97.8873748779297,51.2792320251465,57.2183609008789,56.2188148498535,77.5873031616211,28.899564743042
"2018-11-20",88.7280731201172,63.4380187988281,3.69229698181152,37.3892135620117,127.018486022949,74.7730026245117,95.1646270751953,50.7822952270508,55.5932655334473,56.2028427124023,76.5976028442383,28.1172027587891
"2018-11-21",88.0653686523438,64.4206771850586,3.58406448364258,36.847526550293,128.018508911133,75.8365020751953,96.4745407104492,50.2380256652832,56.019401550293,55.5791664123535,76.0237503051758,28.1201915740967
"2018-11-23",87.2553939819336,64.4293823242188,3.59124732017517,37.0880470275879,126.542335510254,75.1029968261719,96.4371109008789,49.6543197631836,54.5242919921875,55.803035736084,76.1318588256836,28.3978996276855
"2018-11-26",89.3907470703125,65.298957824707,3.79062223434448,37.0252952575684,129.466125488281,79.0664978027344,99.6183242797852,49.8751907348633,55.6004905700684,55.9069900512695,76.4645156860352,28.4128322601318
"2018-11-27",89.7671203613281,65.5250625610352,3.8074643611908,37.2281723022461,129.437545776367,79.0709991455078,100.245208740234,48.8182029724121,55.6510429382324,56.5626449584961,77.1132431030273,28.3799819946289
"2018-11-28",90.7652587890625,66.5860137939453,3.96448922157288,37.2386360168457,134.647048950195,83.8874969482422,103.969078063965,50.6797409057617,56.6622161865234,57.0503921508789,77.3544387817383,29.1026268005371
"2018-11-29",90.0453109741211,66.0990142822266,3.90126872062683,37.2765159606934,132.475646972656,83.6784973144531,103.098915100098,51.4212074279785,57.1028060913086,57.1143646240234,77.1964263916016,29.0518589019775
"2018-11-30",90.9698181152344,66.9077606201172,4.05175638198853,38.2425231933594,134.961318969727,84.5084991455078,103.753883361816,52.288875579834,57.4206161499023,57.8339920043945,78.6019439697266,29.1593532562256
"2018-12-03",91.8288650512695,67.838249206543,4.21563053131104,38.4066848754883,138.094650268555,88.6179962158203,104.876663208008,52.6990509033203,58.6629257202148,58.0898590087891,77.6122283935547,29.4878387451172
"2018-12-04",87.7299270629883,65.2120056152344,3.89507174491882,38.3393363952637,132.037551879883,83.4199981689453,101.536415100098,50.9794807434082,57.3700332641602,57.6740570068359,77.6039428710938,28.6099128723145
"2018-12-06",86.060905456543,63.7336845397949,3.92432594299316,38.4424591064453,134.332763671875,84.9595031738281,102.163284301758,51.1372451782227,56.6188926696777,59.7449989318848,77.8035507202148,28.4537906646729
"2018-12-07",84.5064315795898,61.9596786499023,3.6595470905304,38.484546661377,130.580337524414,81.4564971923828,98.0745086669922,50.0250434875488,56.0771827697754,58.9534111022949,76.8886947631836,27.9794101715088
"2018-12-10",82.9274368286133,62.0292663574219,3.7649130821228,38.4319458007812,131.313751220703,82.0514984130859,100.666236877441,50.2064666748047,55.2826881408691,58.3777122497559,77.37109375,28.2045917510986
"2018-12-11",82.1174468994141,61.6727066040039,3.67392659187317,38.5098114013672,130.294692993164,82.1620025634766,101.60188293457,50.0644950866699,55.3837852478027,58.4096832275391,78.1029510498047,28.1775608062744
"2018-12-12",82.6492462158203,61.8379440307617,3.69152879714966,38.158332824707,131.237609863281,83.177001953125,102.060363769531,50.5298805236816,54.9070930480957,57.3462448120117,78.2027587890625,27.9553871154785
"2018-12-13",82.7310638427734,61.5683746337891,3.69128108024597,38.3456420898438,130.98991394043,82.9189987182617,102.406547546387,49.812084197998,55.6004905700684,57.810001373291,80.2486724853516,27.9103565216064
"2018-12-14",82.0519866943359,61.3770599365234,3.63078880310059,38.1436042785645,128.656600952148,79.5954971313477,99.2066497802734,48.9049758911133,54.5892944335938,57.8419799804688,80.373420715332,27.5770893096924
"2018-12-17",81.0047378540039,60.1595878601074,3.55963492393494,36.9671325683594,125.14234161377,76.0455017089844,96.2686996459961,48.1713905334473,53.4769973754883,56.5466690063477,77.1548233032227,27.2528266906738
"2018-12-18",80.6202163696289,59.8987045288086,3.64293646812439,37.0407981872559,126.342315673828,77.5739974975586,97.2791976928711,48.1792755126953,52.0035705566406,57.0823822021484,76.9219589233398,27.3459033966064
"2018-12-19",79.5975494384766,59.1421356201172,3.43394041061401,36.7293243408203,125.008987426758,74.7539978027344,97.0172271728516,48.0136337280273,51.1223945617676,56.8664894104004,76.3148422241211,27.1867694854736
"2018-12-20",78.9103164672852,58.3594856262207,3.34939932823181,36.8113975524902,122.628059387207,73.0414962768555,94.9775009155273,47.1696319580078,49.5695152282715,56.8824768066406,75.6661376953125,26.204984664917
"2018-12-21",77.0449371337891,57.7159957885742,3.21229958534241,36.6430282592773,118.342353820801,68.8724975585938,91.9085922241211,46.8698921203613,49.2011451721191,56.2988014221191,75.657829284668,26.159948348999
"2018-12-24",75.3840866088867,56.4028739929199,3.15056729316711,35.373966217041,115.932861328125,67.197998046875,88.0724334716797,45.016242980957,47.3160247802734,53.1244316101074,72.6554412841797,25.7666358947754
"2018-12-26",78.5094146728516,58.9508323669434,3.29981517791748,35.8496017456055,124.028045654297,73.5449981689453,94.0886383056641,46.7988967895508,49.5767364501953,55.251335144043,74.9259262084961,27.144739151001
"2018-12-27",79.3930282592773,59.7682685852051,3.25196695327759,36.2326354980469,125.723274230957,73.0820007324219,94.6687393188477,47.4851570129395,49.7934074401855,55.3872718811035,76.5310745239258,27.4990234375
"2018-12-28",79.2212142944336,59.3421516418457,3.31345105171204,36.3504943847656,124.704277038574,73.9010009765625,93.9295654296875,47.0513114929199,49.2372627258301,55.467227935791,75.8324737548828,27.661153793335
"2018-12-31",79.867546081543,59.707389831543,3.30973196029663,36.5819969177246,125.656608581543,75.098503112793,95.0336380004883,47.5876998901367,49.2517242431641,55.4991989135742,76.4479217529297,27.9673957824707
"2019-01-02",81.2501983642578,59.6639099121094,3.37716579437256,35.7422714233398,126.589904785156,76.9564971923828,94.6126251220703,46.7200202941895,50.3351173400879,53.8040771484375,75.9156341552734,28.0244464874268
"2019-01-03",80.0955123901367,57.942081451416,3.17312812805176,35.6538848876953,122.02806854248,75.0139999389648,91.1320037841797,45.9312324523926,49.5623016357422,54.7955513000488,75.3833694458008,27.8803253173828
"2019-01-04",83.0482711791992,59.594352722168,3.37642240524292,36.3105049133301,127.285163879395,78.7695007324219,95.3704681396484,46.9803199768066,51.3896369934082,54.5956687927246,76.9219589233398,28.0544700622559
"2019-01-07",83.1059799194336,59.7682685852051,3.55517363548279,36.2578926086426,129.580444335938,81.4755020141602,95.4921188354492,47.3589363098145,51.6568794250488,55.243335723877,76.6142501831055,28.3847370147705
"2019-01-08",82.9492721557617,59.2899742126465,3.46666407585144,36.523078918457,130.285217285156,82.8290023803711,96.1844940185547,47.9032096862793,52.0324630737305,56.2188148498535,76.8970031738281,28.5828876495361
"2019-01-09",82.80908203125,60.0552215576172,3.53484344482422,36.3652229309082,131.818496704102,82.9710006713867,97.5598831176758,48.3528175354004,52.3069190979004,55.715087890625,75.6411666870117,28.4898166656494
"2019-01-10",82.8008346557617,61.0378837585449,3.60054230690002,36.9124183654785,132.066116333008,82.8109970092773,96.9330139160156,48.8813171386719,52.0396842956543,56.9624404907227,75.8241500854492,28.5108261108398
"2019-01-11",82.4049072265625,61.0639801025391,3.68979334831238,36.9797668457031,131.485168457031,82.0279998779297,96.1844940185547,48.6525726318359,51.8013343811035,57.1383399963379,76.3231353759766,28.4748039245605
"2019-01-14",83.2544555664062,61.2031135559082,3.72970795631409,36.0369033813477,130.570861816406,80.8604965209961,95.4827728271484,48.5736770629883,51.7363243103027,56.9064674377441,75.8075256347656,28.5078277587891
"2019-01-15",83.8647842407227,60.7683029174805,3.71557712554932,36.7714080810547,130.799468994141,83.7279968261719,98.2522964477539,48.9286231994629,51.7652168273926,57.8819694519043,76.5227432250977,28.8981399536133
"2019-01-16",84.541130065918,60.9596290588379,3.69004130363464,36.7629852294922,130.799468994141,84.1890029907227,98.5984420776367,49.378246307373,51.7435531616211,58.0418701171875,75.9905014038086,28.9281730651855
"2019-01-17",84.8875274658203,61.716178894043,3.7614426612854,36.933479309082,130.742309570312,84.661003112793,99.2908477783203,49.8909645080566,52.0974655151367,58.1378288269043,75.9795837402344,29.0452671051025
"2019-01-18",86.2649307250977,62.498851776123,3.89060807228088,37.0597457885742,131.904235839844,84.8099975585938,100.778511047363,50.8138275146484,52.7186126708984,58.4016952514648,76.633415222168,29.3425006866455
"2019-01-22",84.9040374755859,61.2553024291992,3.68830513954163,37.3312339782715,131.475631713867,81.6084976196289,98.8791580200195,49.9225120544434,51.9241142272949,58.6975326538086,75.8119277954102,29.2704429626465
"2019-01-23",84.6895904541016,61.003101348877,3.70119786262512,37.7521514892578,130.485168457031,82.0009994506836,99.8428726196289,51.2634391784668,51.4979782104492,59.3052215576172,79.5002670288086,29.6367340087891
"2019-01-24",84.7390518188477,61.0118103027344,3.91316986083984,37.9415626525879,131.142288208008,82.7464981079102,99.3657073974609,51.4606552124023,51.5702209472656,59.4171752929688,79.0475997924805,29.5316505432129
"2019-01-25",85.2751770019531,61.8031768798828,3.9704384803772,36.661979675293,132.066116333008,83.5285034179688,100.273262023926,51.5079803466797,51.8013343811035,59.9209175109863,78.4608306884766,29.1053047180176
"2019-01-28",85.6793212890625,60.0987167358398,3.42154407501221,36.2978706359863,129.513732910156,81.8945007324219,98.3177642822266,51.4290924072266,51.4546356201172,60.3366775512695,78.3937530517578,29.14133644104
"2019-01-29",85.9185256958008,61.8379440307617,3.26262712478638,36.3799591064453,128.570861816406,79.6940002441406,96.3155059814453,51.9102668762207,51.6496543884277,60.7604713439941,78.4105377197266,29.0362529754639
"2019-01-30",86.1164855957031,63.3771362304688,3.40617346763611,36.5335884094238,131.047073364258,83.5214996337891,99.5341339111328,52.6517181396484,52.2130165100098,61.2482032775879,79.2320098876953,28.4627952575684
"2019-01-31",85.3659439086914,66.3077087402344,3.56384992599487,37.66796875,128.580413818359,85.9365005493164,97.709587097168,53.0776748657227,52.9280776977539,61.9598426818848,80.8666152954102,28.7720413208008
"2019-02-01",85.6793212890625,66.5077438354492,3.58814525604248,37.4238357543945,133.475646972656,81.3115005493164,96.1657867431641,53.9167404174805,54.8348655700684,61.0163459777832,81.7048721313477,28.1805725097656
"2019-02-04",85.9844970703125,67.0469055175781,3.69846987724304,37.4827575683594,134.761337280273,81.6654968261719,98.935302734375,54.1052017211914,54.0403633117676,61.6879844665527,82.1742935180664,28.4537906646729
"2019-02-05",85.6051025390625,67.0903625488281,3.71756052970886,37.4974937438965,135.742309570312,82.9404983520508,100.320068359375,54.514892578125,54.5965347290039,61.935863494873,81.6797332763672,28.7029933929443
"2019-02-06",85.5638732910156,66.9077606201172,3.79317593574524,37.4827575683594,134.751831054688,82.0130004882812,99.2066497802734,55.367073059082,54.3581809997559,61.3681793212891,82.0820846557617,28.7149982452393
"2019-02-07",84.4421615600586,66.4033966064453,3.65483617782593,38.1667518615723,133.494674682617,80.7184982299805,98.4955139160156,55.4899940490723,53.9392623901367,61.6080207824707,81.4282302856445,29.04225730896
"2019-02-08",83.6008758544922,65.942497253418,3.67343020439148,38.51611328125,133.694702148438,79.411003112793,98.8697967529297,56.014404296875,54.0268936157227,61.7359504699707,81.9060592651367,28.6969833374023
"2019-02-11",83.2049560546875,65.7685623168945,3.63078880310059,38.51611328125,134.094665527344,79.5500030517578,98.4768142700195,56.6699485778809,54.1145248413086,61.911865234375,82.37548828125,28.883129119873
"2019-02-12",84.6236190795898,66.6729278564453,3.74780654907227,38.5708389282227,135.227966308594,81.9004974365234,100.011283874512,56.7846450805664,55.0639114379883,61.2881889343262,83.2053527832031,29.1143169403076
"2019-02-13",85.0277709960938,67.5425872802734,3.79020071029663,38.4824485778809,136.656555175781,82,99.9364547729492,58.0137481689453,55.6846542358398,62.0158081054688,83.1885986328125,29.4055500030518
"2019-02-14",84.4751281738281,67.1338500976562,3.83110785484314,38.4319458007812,136.580215454102,81.1324996948242,100.020629882812,57.940013885498,55.6992607116699,61.9438514709473,82.5347518920898,29.5796909332275
"2019-02-15",87.0567474365234,68.4643783569336,3.90077304840088,38.7328872680664,138.249816894531,80.3974990844727,101.255706787109,58.3906707763672,56.750862121582,62.0557823181152,82.5514984130859,30.0210514068604
"2019-02-19",86.751579284668,68.5252304077148,3.88341879844666,39.0127944946289,137.801391601562,81.3789978027344,101.208908081055,58.8413543701172,57.1306190490723,61.376148223877,83.8172607421875,30.6845703125
"2019-02-20",87.1722259521484,69.3252639770508,3.93077111244202,39.0696296691895,138.078079223633,81.1050033569336,100.682716369629,59.3903503417969,57.3497161865234,60.5685844421387,83.2221298217773,29.9880199432373
"2019-02-21",86.9907608032227,69.299186706543,3.8618495464325,39.2632522583008,137.381607055664,80.9720001220703,102.806327819824,59.0871696472168,56.8311958312988,60.2126579284668,83.6412506103516,29.8408985137939
"2019-02-22",86.6030883789062,70.2557525634766,3.94663858413696,39.5936698913574,139.16569519043,81.5780029296875,104.272155761719,59.2182693481445,57.2693901062012,61.0215377807617,84.0352401733398,29.8889389038086
"2019-02-25",87.510368347168,70.3688049316406,3.93424272537231,39.5410537719727,139.34700012207,81.6500015258789,104.85474395752,59.5952033996582,57.3278045654297,60.1803131103516,83.4652328491211,29.7598438262939
"2019-02-26",86.8422927856445,69.994873046875,3.89482307434082,39.6147193908691,140.281875610352,81.8199996948242,105.578262329102,59.2592468261719,57.4446678161621,60.3016395568848,83.6831588745117,29.6307373046875
"2019-02-27",86.7350692749023,70.1252899169922,3.85292458534241,39.5786972045898,140.453659057617,82.0544967651367,105.399726867676,59.5788269042969,58.0361709594727,60.2935562133789,82.9119644165039,29.4565963745117
"2019-02-28",86.0752410888672,69.3687438964844,3.82835531234741,39.7714996337891,141.312271118164,81.9915008544922,105.268173217773,59.7345008850098,57.7148513793945,60.1075057983398,82.6102066040039,29.7208061218262
"2019-03-01",86.1329727172852,69.7687835693359,3.88270616531372,39.7375946044922,142.600204467773,83.5865020751953,105.737991333008,59.8328323364258,58.4232406616211,59.8648529052734,82.5179977416992,29.4025440216064
"2019-03-04",85.9350204467773,70.6992492675781,3.89089608192444,39.8816680908203,141.159606933594,84.8085021972656,105.484283447266,59.5788269042969,58.6496238708496,60.3097305297852,82.8784408569336,29.3785362243652
"2019-03-05",85.8690490722656,70.2644653320312,3.8844428062439,39.8986206054688,141.150115966797,84.6214981079102,104.958099365234,59.4067459106445,58.5619926452637,60.5523872375488,83.062858581543,29.5256481170654
"2019-03-06",85.5473785400391,70.394905090332,3.77350854873657,39.7397117614746,141.016540527344,83.4475021362305,105.005081176758,58.923282623291,57.8974380493164,60.115592956543,82.9287033081055,29.5016269683838
"2019-03-07",84.9287719726562,70.1229248046875,3.70426654815674,39.8159866333008,140.081558227539,81.2975006103516,103.727149963379,59.1773262023926,58.5400924682617,60.746524810791,82.6102066040039,29.258430480957
"2019-03-08",84.9617691040039,69.6404113769531,3.73851561546326,39.9791259765625,140.577667236328,81.0400009155273,103.839920043945,59.2182693481445,57.7002754211426,60.6413726806641,82.4928283691406,29.3004684448242
"2019-03-11",86.0670013427734,70.456298828125,3.9991021156311,40.1486129760742,143.745086669922,83.5309982299805,106.019889831543,59.693531036377,58.2625732421875,61.854663848877,83.4736099243164,29.5676822662354
"2019-03-12",85.8113098144531,70.5001754760742,4.03334903717041,40.4431037902832,144.75634765625,83.6549987792969,106.762199401855,60.2916984558105,58.4232406616211,62.1701354980469,83.8675689697266,29.5346546173096
"2019-03-13",86.0999755859375,70.7019271850586,4.18473529815674,40.4600677490234,145.462371826172,84.5404968261719,107.589080810547,59.2592468261719,58.9417572021484,62.590763092041,84.8148040771484,29.7328147888184
"2019-03-14",86.883544921875,71.052848815918,4.10879421234131,40.4621849060059,147.112854003906,84.3109970092773,107.673629760742,59.7017250061035,58.7445755004883,62.9952011108398,84.9321517944336,29.6482925415039
"2019-03-15",87.8815460205078,70.6931838989258,4.21426916122437,40.517261505127,148.31494140625,85.6179962158203,108.914001464844,60.316276550293,58.5328063964844,62.5179557800293,85.8710174560547,29.7086715698242
"2019-03-18",88.4094009399414,72.0266799926758,4.19292497634888,40.4388771057129,147.837966918945,87.1074981689453,110.473808288574,59.8656005859375,59.2119445800781,61.2884635925293,85.0914306640625,30.0829620361328
"2019-03-19",88.0877456665039,72.1319580078125,4.36069107055664,39.9367446899414,147.484954833984,88.0924987792969,110.548973083496,59.3248062133789,59.0585899353027,60.8840255737305,85.4183578491211,30.1403179168701
"2019-03-20",86.2072067260742,71.2634201049805,4.32818126678467,40.2270050048828,146.683502197266,89.8635025024414,110.426826477051,59.005241394043,59.3872299194336,61.0700912475586,85.2674713134766,29.775074005127
"2019-03-21",84.8462905883789,71.9477310180664,4.56493949890137,40.6592140197754,148.639282226562,90.9629974365234,112.963829040527,59.9229774475098,59.7304763793945,62.8253479003906,85.9129180908203,29.9018497467041
"2019-03-22",82.2812118530273,69.324577331543,4.40511608123779,41.0871849060059,146.034774780273,88.2385025024414,109.985191345215,59.6361618041992,58.7737846374512,62.946662902832,85.2171783447266,29.6664066314697
"2019-03-25",81.5966110229492,69.2719421386719,4.31279420852661,41.0193939208984,145.996612548828,88.7129974365234,110.558364868164,59.5870094299316,58.3648300170898,63.4158020019531,85.4686431884766,29.6331996917725
"2019-03-26",82.4131698608398,69.7632217407227,4.389479637146,41.313892364502,148.162292480469,89.1880035400391,110.793266296387,59.9639320373535,59.1243324279785,63.6746520996094,86.3572158813477,29.6784801483154
"2019-03-27",82.1327209472656,69.6316452026367,4.38029766082764,41.0850715637207,147.131927490234,88.2850036621094,109.72208404541,59.5788269042969,58.6715087890625,63.1488800048828,86.2566070556641,29.3434219360352
"2019-03-28",83.0647430419922,70.0615081787109,4.39891052246094,40.6613388061523,147.561264038086,88.6709976196289,109.872421264648,59.3411903381348,58.9636573791504,63.5614242553711,86.8014907836914,29.3192691802979
"2019-03-29",83.4936370849609,70.6756210327148,4.45623922348022,40.9579429626465,149.011413574219,89.0374984741211,110.82145690918,59.0707664489746,59.0074920654297,62.7687187194824,87.2206115722656,29.440013885498
"2019-04-01",86.3061904907227,72.1495132446289,4.52374315261841,40.3583679199219,150.032211303711,90.7095031738281,111.836265563965,59.6197853088379,59.686653137207,62.3319129943848,86.8769302368164,29.527551651001
"2019-04-02",86.7185897827148,72.5004348754883,4.54161214828491,40.1443748474121,150.5283203125,90.6989974975586,111.996032714844,59.5624198913574,59.4310493469238,62.8010673522949,86.969123840332,29.2619209289551
"2019-04-03",86.8917846679688,72.7022018432617,4.68108749389648,40.1083717346191,151.177062988281,91.0350036621094,112.728935241699,59.8410263061523,59.0805015563965,62.4937057495117,86.9188461303711,29.337381362915
"2019-04-04",87.7311859130859,72.9741668701172,4.67215156555176,39.9155654907227,150.394744873047,90.943000793457,112.155746459961,59.512809753418,59.9203567504883,61.9274673461914,86.7008895874023,29.6150913238525
"2019-04-05",87.5234298706055,73.0355758666992,4.73891162872314,40.2714996337891,150.404296875,91.8639984130859,112.653755187988,59.6523056030273,60.2416801452637,62.0730743408203,86.8853149414062,29.8324298858643
"2019-04-08",87.8059921264648,73.4128265380859,4.75975799560547,39.9664192199707,150.499710083008,92.4929962158203,112.691352844238,59.0861511230469,60.6141204833984,61.2722854614258,87.9917907714844,29.9531669616699
"2019-04-09",87.1577377319336,72.2459869384766,4.6969690322876,40.1931114196777,150.25163269043,91.7919998168945,112.080558776855,58.6922836303711,59.8326950073242,61.3046455383301,87.7319488525391,29.790168762207
"2019-04-10",87.5483551025391,72.3074035644531,4.76745271682739,39.9621810913086,151.272491455078,92.3665008544922,112.935661315918,59.1353759765625,59.5624885559082,61.8951263427734,87.7235488891602,30.0648536682129
"2019-04-11",88.2880630493164,72.7987060546875,4.75355339050293,40.2630233764648,150.604675292969,92.203498840332,113.067199707031,58.889217376709,59.8473052978516,61.8951263427734,87.8073883056641,30.4270725250244
"2019-04-12",92.4269180297852,73.5882873535156,4.71558284759521,40.4346389770508,152.302810668945,92.1529998779297,113.649787902832,59.5784721374512,59.0950927734375,61.854663848877,88.0672454833984,30.6564979553223
"2019-04-15",91.3714294433594,73.3514099121094,4.58380126953125,40.5003128051758,153.066040039062,92.2434997558594,113.74373626709,59.2912712097168,58.8979301452637,61.8385009765625,88.6288757324219,30.9191074371338
"2019-04-16",92.3355178833008,73.8251571655273,4.67090940475464,40.1528587341309,152.865707397461,93.1520004272461,113.480644226074,63.3938865661621,59.2995872497559,59.6383628845215,89.207275390625,31.0700359344482
"2019-04-17",94.9950408935547,74.0707855224609,4.64807939529419,40.1804008483887,153.066040039062,93.2409973144531,114.420303344727,62.4913215637207,59.4675674438477,58.4493179321289,89.3558502197266,31.1394653320312
"2019-04-18",94.2968978881836,74.7550964355469,4.6235089302063,40.1189575195312,152.798919677734,93.0845031738281,115.923728942871,61.5394973754883,59.2484588623047,59.242015838623,89.5247039794922,31.1454982757568
"2019-04-22",94.4132461547852,74.5182495117188,4.6773624420166,40.3350563049316,153.027893066406,94.3655014038086,116.290168762207,61.1784858703613,60.5410919189453,58.044864654541,89.4909133911133,30.900993347168
"2019-04-23",94.5296249389648,75.088493347168,4.73196363449097,40.2100639343262,154.229995727539,96.1884994506836,117.868797302246,62.1056938171387,60.8916130065918,58.8052062988281,87.0850296020508,31.1122989654541
"2019-04-24",94.3717041015625,74.8691482543945,4.74437236785889,40.2672576904297,154.067825317383,95.0875015258789,117.464744567871,61.5969619750977,59.7085723876953,59.4037895202637,87.5324478149414,31.2511463165283
"2019-04-25",94.4215850830078,73.5180969238281,4.63864850997925,40.3562355041504,153.619415283203,95.1125030517578,121.354835510254,62.0318260192871,60.0444946289062,59.6545486450195,87.1863250732422,31.2481307983398
"2019-04-26",95.1363143920898,73.4917602539062,4.41975688934326,40.6168556213379,155.441604614258,97.5315017700195,122.050193786621,62.5159568786621,58.7810935974121,60.2935562133789,89.3642959594727,30.647439956665
"2019-04-29",96.5076370239258,73.6847839355469,4.45053005218506,40.6295509338379,156.605545043945,96.921501159668,121.937431335449,63.2708435058594,58.4013290405273,59.0397758483887,88.4525756835938,30.6564979553223
"2019-04-30",96.4494781494141,72.6583251953125,4.49197626113892,41.1952362060547,156.872665405273,96.3259963989258,122.717330932617,64.1241912841797,58.6277198791504,60.2854614257812,89.8876800537109,31.0428638458252
"2019-05-01",95.7097854614258,71.8600006103516,4.47882413864136,40.9473495483398,155.308059692383,95.5759963989258,120.161499023438,63.1067390441895,57.4519538879395,60.560489654541,88.5792236328125,30.5961227416992
"2019-05-02",95.9175567626953,72.0546722412109,4.54632759094238,40.6189613342285,153.714782714844,95.0410003662109,118.592300415039,61.9990158081055,56.444164276123,60.9487380981445,89.1110458374023,30.5327262878418
"2019-05-03",96.5076370239258,73.2759628295898,4.54186010360718,40.7651443481445,154.592483520508,98.1230010986328,121.119934082031,61.0718269348145,56.5756187438965,61.8385009765625,89.5500183105469,30.8134689331055
"2019-05-06",95.6516036987305,72.6033706665039,4.4634370803833,40.4452209472656,154.821517944336,97.5274963378906,120.41520690918,60.9159164428711,56.3273048400879,61.4745254516602,89.2123489379883,30.9281520843506
"2019-05-07",94.0891265869141,71.7095489501953,4.29616594314575,40.2015838623047,152.846603393555,96.0500030517578,117.943946838379,59.7261543273926,56.027889251709,60.9729995727539,88.3850479125977,30.578010559082
"2019-05-08",93.5904693603516,71.6475830078125,4.3162693977356,39.8053970336914,153.371353149414,95.8884963989258,117.934532165527,60.3251304626465,56.1155281066895,60.9002151489258,88.6974105834961,30.2761516571045
"2019-05-09",93.5156555175781,71.6475830078125,4.22369861602783,39.9600639343262,152.464996337891,94.9934997558594,117.925170898438,59.7753829956055,56.0644035339355,61.539234161377,87.996711730957,30.2063465118408
"2019-05-10",93.5073471069336,72.1166305541992,4.18969917297363,40.6274261474609,153.323669433594,94.4990005493164,119.456748962402,60.2512893676758,56.5519180297852,62.712085723877,89.4909133911133,30.9255504608154
"2019-05-13",90.9641876220703,69.4705581665039,3.93234086036682,41.2990455627441,150.099044799805,91.1340026855469,115.90495300293,59.5210189819336,55.9240608215332,63.5546913146973,89.5753326416016,30.3125648498535
"2019-05-14",91.6872406005859,70.045783996582,4.02143716812134,41.2926940917969,152.846603393555,92.0059967041016,117.201652526855,60.4235954284668,55.9979286193848,63.8737373352051,89.1447830200195,30.433952331543
"2019-05-15",91.3381958007812,70.3909378051758,3.96038484573364,41.2842140197754,155.308059692383,93.557502746582,118.852081298828,63.5908279418945,56.411563873291,64.3727645874023,90.0734024047852,30.3095359802246
"2019-05-16",92.5100402832031,70.8068618774414,3.97552347183228,41.7609252929688,157.534378051758,95.3785018920898,121.596580505371,63.8780212402344,56.4041976928711,65.0190124511719,91.263671875,30.743480682373
"2019-05-17",92.0612335205078,69.6917953491211,3.8846914768219,42.157112121582,156.789123535156,93.4499969482422,120.785507202148,63.7713356018066,56.0717926025391,65.4771347045898,90.70654296875,30.6069259643555
"2019-05-20",92.5432891845703,69.3997573852539,3.76606225967407,42.2355041503906,156.196670532227,92.9485015869141,119.040710449219,64.2472610473633,56.0644073486328,64.8144912719727,90.6052093505859,30.8072071075439
"2019-05-21",92.8591003417969,70.7272109985352,3.84820890426636,42.1401634216309,156.569305419922,92.8759994506836,119.68204498291,65.6995849609375,56.3229370117188,65.4444046020508,89.7948150634766,30.6858196258545
"2019-05-22",92.102783203125,69.8510894775391,3.77723073959351,42.7821044921875,156.932403564453,92.984001159668,120.408233642578,66.0113983154297,55.8132705688477,65.6243743896484,90.0903015136719,31.0226612091064
"2019-05-23",90.2909851074219,68.1696319580078,3.65612149238586,43.1211013793945,154.323852539062,90.7740020751953,119.002975463867,65.404182434082,54.5058326721191,66.5487823486328,90.1240539550781,30.9103889465332
"2019-05-24",91.1802749633789,68.4882278442383,3.60226774215698,43.0872001647949,155.403549194336,91.1640014648438,119.0595703125,65.8226776123047,54.7348098754883,66.7287216186523,90.0649719238281,31.1561813354492
"2019-05-28",90.1912689208984,67.42626953125,3.55709958076477,42.6210861206055,156.426010131836,91.8215026855469,118.98413848877,65.2236785888672,53.6342124938965,65.5343933105469,88.1824417114258,31.080322265625
"2019-05-29",89.9419326782227,66.8952560424805,3.48289465904236,42.1020164489746,155.489517211914,90.9595031738281,117.833511352539,65.5929183959961,53.3018226623535,65.207145690918,87.9545135498047,30.9892807006836
"2019-05-30",88.9778366088867,67.1253662109375,3.45631003379822,42.1486320495605,155.518264770508,90.8160018920898,118.578590393066,65.7570190429688,53.1614608764648,66.0661315917969,88.916862487793,31.0105228424072
"2019-05-31",88.0636367797852,65.9218063354492,3.36562299728394,42.2594871520996,154.151885986328,88.7535018920898,116.645195007324,65.0513687133789,52.2750663757324,66.4424209594727,86.8739852905273,30.7829322814941
"2019-06-03",88.4792022705078,66.7094116210938,3.32388162612915,42.5515937805176,151.543365478516,84.6344985961914,113.02360534668,65.5026702880859,53.0949897766113,67.0886611938477,87.6252822875977,30.9407253265381
"2019-06-04",91.205207824707,68.8245315551758,3.55296039581299,42.5089416503906,155.107376098633,86.4779968261719,116.154769897461,67.1355209350586,54.3580932617188,65.4934844970703,88.3681793212891,31.1228122711182
"2019-06-05",91.5293121337891,69.2227630615234,3.51022624969482,43.6325454711914,158.031234741211,86.9250030517578,118.672889709473,68.3827056884766,53.9075126647949,67.0641708374023,90.0987243652344,31.68723487854
"2019-06-06",91.7288055419922,69.2935638427734,3.57234001159668,43.8691940307617,159.493133544922,87.7180023193359,120.549697875977,68.2267990112305,54.8899383544922,67.5549774169922,90.6474227905273,31.8966236114502
"2019-06-07",90.7231826782227,69.9838562011719,3.61507558822632,43.5771102905273,162.483901977539,90.2014999389648,123.926086425781,68.2514038085938,55.0893707275391,68.0867004394531,91.8208465576172,32.1849136352539
"2019-06-10",91.7038650512695,70.1962356567383,3.68787336349487,43.3703002929688,163.219635009766,93.0315017700195,125.057830810547,67.7673034667969,55.3331336975098,67.3913497924805,91.7786331176758,32.6279640197754
"2019-06-11",91.9864501953125,70.0988998413086,3.74551677703857,43.0611572265625,162.732360839844,93.1849975585938,124.586280822754,67.7509078979492,55.2814178466797,67.1704864501953,92.3357849121094,32.7554054260254
"2019-06-12",90.814582824707,69.6210021972656,3.63246726989746,43.6112289428711,163.955352783203,92.765998840332,124.01097869873,66.5693283081055,54.6831092834473,67.301383972168,92.5890502929688,33.0224609375
"2019-06-13",91.0389938354492,70.169677734375,3.68365025520325,43.6581344604492,161.815032958984,93.5149993896484,124.793762207031,66.98779296875,55.1632423400879,67.3504638671875,93.6273574829102,32.9708671569824
"2019-06-14",91.2717132568359,69.3554992675781,3.5937077999115,44.1250534057617,162.111267089844,93.4834976196289,124.916366577148,67.250373840332,54.9194831848145,67.3095474243164,93.8721771240234,33.0983238220215
"2019-06-17",90.7730178833008,68.7094879150391,3.60339689254761,43.9992523193359,162.015686035156,94.3014984130859,125.293609619141,66.8401336669922,55.4661064147949,68.3975677490234,93.6949157714844,33.1256408691406
"2019-06-18",92.0113906860352,70.328987121582,3.79843759536743,43.7967071533203,161.748138427734,95.0684967041016,127.472190856934,66.7334518432617,55.9462242126465,67.931282043457,92.5215072631836,33.2743301391602
"2019-06-19",91.3465194702148,70.7537689208984,3.8044011592865,43.9715461730957,163.095413208008,95.4394989013672,127.972076416016,67.0698776245117,55.6359786987305,68.5530090332031,93.2137069702148,33.2652359008789
"2019-06-20",91.5791931152344,73.1343688964844,3.82874989509583,44.0013847351074,166.009719848633,95.9095001220703,129.160369873047,67.1765518188477,56.5888671875,69.2319641113281,94.328010559082,33.4776573181152
"2019-06-21",90.9558868408203,73.6476516723633,3.77061009407043,44.2508316040039,165.723022460938,95.5650024414062,129.179306030273,65.7406158447266,57.3866195678711,68.4302978515625,93.8721771240234,33.7234573364258
"2019-06-24",90.3076248168945,72.8069152832031,3.79297256469727,44.3894348144531,166.114883422852,95.6949996948242,129.94319152832,65.9375457763672,56.8400001525879,68.7738800048828,94.8261032104492,33.7568435668945
"2019-06-25",89.5596237182617,72.638786315918,3.76365232467651,43.9672775268555,163.659164428711,93.9134979248047,125.840606689453,65.2811126708984,56.3377113342285,68.1439666748047,94.3111572265625,33.5990371704102
"2019-06-26",90.1580429077148,73.1255111694336,3.95695447921753,43.2956886291504,163.448959350586,94.8915023803711,126.312171936035,64.4852066040039,56.581470489502,66.319709777832,92.631233215332,33.4290962219238
"2019-06-27",90.4571990966797,73.2051544189453,4.05559253692627,43.6112289428711,163.611404418945,95.213996887207,126.519638061523,65.3877792358398,56.0053367614746,66.7778244018555,92.673454284668,33.4108848571777
"2019-06-28",92.9172821044922,73.7007446289062,4.08043813705444,43.6773147583008,165.828140258789,94.6815032958984,126.340469360352,65.5847091674805,56.6036148071289,66.6960067749023,92.5637283325195,33.529239654541
"2019-07-01",94.4797515869141,73.6122436523438,4.12863874435425,43.4982261657715,166.200836181641,96.1094970703125,127.962623596191,67.0780639648438,56.5519180297852,66.8678283691406,93.272834777832,33.5686874389648
"2019-07-02",94.5794830322266,72.3378829956055,4.0307469367981,44.2742958068848,167.481185913086,96.7154998779297,128.811477661133,67.8083419799805,55.9314460754395,68.8556823730469,94.1085586547852,33.8660850524902
"2019-07-03",94.4288177490234,72.8511657714844,4.04366636276245,44.5024261474609,169.000473022461,96.9499969482422,129.64143371582,68.7202224731445,56.4632949829102,69.7555465698242,96.3034133911133,34.0845718383789
"2019-07-05",94.9896011352539,72.3998336791992,3.98105549812317,44.3702354431152,168.799819946289,97.1455001831055,129.264144897461,68.9995651245117,56.2342910766602,68.8965835571289,95.5183334350586,33.9813842773438
"2019-07-08",94.4706726074219,71.9130859375,3.9060206413269,44.5877075195312,168.35075378418,97.6159973144531,129.169845581055,68.6955871582031,56.4928359985352,69.7473831176758,96.2780838012695,34.2059478759766
"2019-07-09",94.8724212646484,71.0192642211914,3.90850472450256,44.3808975219727,169.822204589844,99.4150009155273,128.698272705078,68.5805816650391,56.4558944702148,70.4345474243164,95.3157196044922,34.2545051574707
"2019-07-10",94.5962295532227,69.9484405517578,3.97683215141296,44.6623229980469,171.33186340332,100.870498657227,130.009231567383,68.5394821166992,57.2536392211914,70.9417419433594,96.0248107910156,34.2848587036133
"2019-07-11",95.5001831054688,70.045783996582,4.13137197494507,44.8584823608398,172.698272705078,100.053497314453,130.527969360352,68.802375793457,57.297966003418,69.6737289428711,96.5566558837891,34.5701026916504
"2019-07-12",96.5045623779297,71.8688430786133,4.16441917419434,44.5024261474609,172.306457519531,100.550003051758,130.999481201172,69.3281478881836,57.3423004150391,69.3301391601562,97.0716094970703,34.7764511108398
"2019-07-15",95.3327713012695,71.4086608886719,4.1559681892395,44.528003692627,172.535842895508,101.049499511719,130.999481201172,68.9831314086914,56.9360237121582,69.0520248413086,97.4852600097656,34.8917694091797
"2019-07-16",96.3539123535156,71.8157348632812,4.15124845504761,44.3212013244629,171.33186340332,100.495002746582,129.283020019531,69.1063461303711,56.0865592956543,69.2483444213867,97.8313598632812,34.8250160217285
"2019-07-17",95.4081039428711,70.2227935791016,4.21659421920776,44.7540130615234,171.178985595703,99.6015014648438,128.519119262695,65.885986328125,55.7541809082031,69.1256332397461,97.8735656738281,34.7764511108398
"2019-07-18",95.9772415161133,69.9661331176758,4.22827053070068,45.2763557434082,172.497634887695,98.8949966430664,128.660552978516,66.6992950439453,55.2814178466797,69.4119567871094,98.0825958251953,34.8128700256348
"2019-07-19",95.0314636230469,70.6741180419922,4.18503952026367,44.7156257629395,171.265014648438,98.2259979248047,128.849136352539,65.7052536010742,55.392219543457,67.9394683837891,97.7172393798828,34.5640296936035
"2019-07-22",95.6424560546875,70.4086227416992,4.25659704208374,44.6367416381836,172.535842895508,99.2815017700195,130.556213378906,66.5596237182617,55.4513168334961,67.9394683837891,97.963623046875,34.2362937927246
"2019-07-23",97.3917541503906,72.3998336791992,4.36442756652832,44.1975440979004,172.851135253906,99.7245025634766,131.36735534668,66.1817321777344,55.6729164123535,68.4875411987305,96.7316513061523,34.0147819519043
"2019-07-24",97.7851409912109,73.213996887207,4.43896389007568,44.7859840393066,175.173004150391,100.040496826172,132.715957641602,66.5596237182617,55.6655158996582,67.9721832275391,95.6695938110352,33.9874572753906
"2019-07-25",96.8477096557617,72.55029296875,4.30777740478516,44.2679100036621,173.510452270508,98.6910018920898,132.216110229492,66.6910858154297,55.3479156494141,67.5958786010742,95.8140411376953,34.0542297363281
"2019-07-26",97.2745895385742,72.1874084472656,4.34976863861084,44.5962371826172,175.517044067383,97.1524963378906,133.300704956055,67.1182556152344,55.2592468261719,68.0048904418945,97.4793395996094,34.296989440918
"2019-07-29",96.9649124145508,71.7449417114258,4.34355735778809,45.0674095153809,175.058364868164,95.6224975585938,133.008316040039,66.7075119018555,55.6507530212402,68.4793701171875,98.5583953857422,34.0693969726562
"2019-07-30",96.7472763061523,73.5591506958008,4.35921001434326,44.643138885498,173.453125,94.9264984130859,132.36701965332,66.3049621582031,55.658145904541,68.6756973266602,102.305297851562,34.0056610107422
"2019-07-31",97.090446472168,72.7361221313477,4.19199705123901,44.1698150634766,170.080154418945,93.338996887207,128.519119262695,66.5267562866211,54.9268646240234,67.9967269897461,100.29167175293,33.4958572387695
"2019-08-01",94.5292663574219,71.3881454467773,4.09758138656616,44.8286209106445,171.198120117188,92.765998840332,130.207244873047,65.8202743530273,53.5234184265137,68.4712066650391,99.1786193847656,33.1923942565918
"2019-08-02",94.5209045410156,70.7900619506836,4.00490665435791,45.0738220214844,169.525924682617,91.1620025634766,129.113235473633,65.5245132446289,52.998950958252,69.3383483886719,98.9322509765625,33.1984634399414
"2019-08-05",91.7086029052734,68.5851135253906,3.74651026725769,44.3574333190918,161.346817016602,88.2565002441406,124.690032958984,63.5364418029785,51.9131240844727,69.4037704467773,96.0774230957031,32.1120910644531
"2019-08-06",92.4284439086914,70.4240417480469,3.78526973724365,45.0716857910156,164.805755615234,89.3915023803711,127.028945922852,65.3520050048828,52.4154243469238,69.8700790405273,97.0969924926758,32.5521087646484
"2019-08-07",90.4196701049805,69.7098999023438,3.82353210449219,45.3850898742676,167.519409179688,89.6699981689453,127.585372924805,64.464729309082,52.0756454467773,71.3752899169922,98.1505508422852,32.8343162536621
"2019-08-08",91.9513549804688,71.20068359375,3.93210887908936,45.8861236572266,171.895645141602,91.6445007324219,130.990051269531,65.5820159912109,53.4643211364746,71.9152069091797,99.7818832397461,33.0935287475586
"2019-08-09",91.8509140014648,70.5490341186523,3.83073711395264,46.1547660827637,171.083450317383,90.3789978027344,129.877151489258,66.214599609375,52.326774597168,72.2178802490234,99.2210998535156,32.7153816223145
"2019-08-12",90.1267242431641,69.5849304199219,3.76290845870972,45.9351577758789,168.494049072266,89.2460021972656,128.066360473633,64.9165802001953,52.0725135803223,71.9806442260742,98.583869934082,32.0871849060059
"2019-08-13",91.51611328125,70.8882598876953,3.87719917297363,45.9714012145996,170.662979125977,91.2170028686523,130.716583251953,65.278076171875,52.7156562805176,71.8661270141602,99.6204299926758,32.7550354003906
"2019-08-14",87.716194152832,67.1211166381836,3.72862076759338,45.8306922912598,165.789932250977,88.1480026245117,126.780097961426,62.0905570983887,50.5917854309082,71.5191040039062,98.3799591064453,32.3860359191895
"2019-08-15",88.0509872436523,67.7638702392578,3.69632124900818,46.2976112365723,168.670166015625,88.8059997558594,126.49626159668,63.2899703979492,50.2926292419434,72.9402236938477,99.7393798828125,34.365177154541
"2019-08-16",90.1601867675781,69.0225372314453,3.9644079208374,46.3786315917969,170.545700073242,89.6285018920898,128.814575195312,63.6596527099609,51.0778770446777,73.3616104125977,101.260238647461,34.4566688537598
"2019-08-19",90.9720764160156,70.6472320556641,4.24317789077759,46.6835174560547,171.990570068359,90.8059997558594,130.972076416016,64.0047149658203,51.9378890991211,73.8821334838867,102.160850524902,34.7067375183105
"2019-08-20",89.8170394897461,69.7724075317383,4.1708779335022,46.7197570800781,171.512115478516,90.0690002441406,129.883850097656,63.0352935791016,51.6237945556641,73.1633224487305,101.022354125977,34.1700019836426
"2019-08-21",90.0681304931641,70.2098159790039,4.25435829162598,47.1738891601562,173.13883972168,91.177001953125,131.331619262695,63.5035781860352,52.1398124694824,73.4772796630859,101.277198791504,34.1608695983887
"2019-08-22",90.997184753418,69.9598541259766,4.26057147979736,47.2506523132324,172.325500488281,90.2330017089844,130.375900268555,63.3146209716797,52.0276374816895,73.4524917602539,101.464134216309,34.127311706543
"2019-08-23",88.7373123168945,68.3708801269531,4.03596496582031,47.3103485107422,167.675018310547,87.4810028076172,126.22184753418,61.7372932434082,50.4721183776855,72.5023345947266,99.6799240112305,33.797966003418
"2019-08-26",89.4487457275391,68.5851135253906,4.11074924468994,47.677059173584,169.933242797852,88.4434967041016,128.171081542969,62.2630767822266,50.7413444519043,73.2046279907227,101.379196166992,34.151725769043
"2019-08-27",88.5029754638672,68.6119232177734,4.0200629234314,47.7602043151855,170.689208984375,88.0914993286133,128.445526123047,61.5812225341797,50.2477760314941,73.502067565918,102.42423248291,34.2828483581543
"2019-08-28",89.3901596069336,69.5135116577148,4.00961685180664,47.4235916137695,170.966690063477,88.2125015258789,128.275207519531,61.4990615844727,50.6142082214355,73.4442367553711,103.146453857422,34.3743286132812
"2019-08-29",91.4156646728516,71.0935745239258,4.15336847305298,47.4085807800293,173.358917236328,89.3199996948242,130.697616577148,62.2630767822266,51.1750984191895,74.0969696044922,102.959510803223,34.7890663146973
"2019-08-30",91.9513549804688,72.0576858520508,4.16605234146118,46.9712066650391,173.024032592773,88.8144989013672,130.451599121094,62.2712860107422,51.2124900817871,73.9978179931641,102.152389526367,34.8439636230469
"2019-09-03",90.8632583618164,70.0669708251953,4.08298587799072,48.3605346679688,171.47380065918,89.4919967651367,128.729400634766,62.1234092712402,51.2723083496094,75.5015563964844,103.112464904785,34.959846496582
"2019-09-04",91.9597091674805,70.6740112304688,4.19713973999023,48.0517959594727,173.933059692383,90.0309982299805,130.233978271484,62.6491928100586,51.8182487487793,76.3939208984375,104.684280395508,35.3471260070801
"2019-09-05",94.0521926879883,73.1556701660156,4.47021865844727,47.1277160644531,176.765426635742,92.036003112793,132.523941040039,62.8709945678711,52.5511322021484,75.261962890625,104.301971435547,35.2038040161133
"2019-09-06",94.2530517578125,74.3161697387695,4.44310903549194,47.1984786987305,177.731872558594,91.6754989624023,131.625,63.5774917602539,53.0447044372559,75.5098190307617,104.39542388916,34.9872932434082
"2019-09-09",96.5882568359375,75.7444763183594,4.48912048339844,47.1448783874512,173.722503662109,91.567497253418,130.1298828125,63.0435180664062,53.4635009765625,74.5348587036133,103.800651550293,35.4752235412598
"2019-09-10",97.8186416625977,77.5209197998047,4.55577278137207,46.7653884887695,168.746688842773,91.0274963378906,128.767272949219,62.5423851013184,53.8972549438477,72.6097183227539,101.854988098145,35.3898277282715
"2019-09-11",98.0864486694336,78.5831985473633,4.58437490463257,47.1813125610352,167.435821533203,91.1494979858398,128.805145263672,62.6656074523926,53.7925605773926,72.4444885253906,103.03596496582,35.380672454834
"2019-09-12",98.6890869140625,77.9315567016602,4.58288145065308,47.3271179199219,170.306427001953,92.1774978637695,130.1298828125,63.2406883239746,53.829948425293,72.2544555664062,104.310455322266,35.6551399230957
"2019-09-13",100.630897521973,78.0833053588867,4.5249342918396,46.8447036743164,169.627044677734,91.9670028686523,129.940689086914,59.7081451416016,54.3235244750977,70.6515579223633,103.758201599121,35.810661315918
"2019-09-16",99.7353286743164,77.1816864013672,4.48190784454346,46.8061141967773,168.517074584961,90.3919982910156,129.003814697266,60.2996253967285,55.1386680603027,71.8248062133789,101.744537353516,35.2434501647949
"2019-09-17",99.2414932250977,76.8603286743164,4.50329637527466,47.6444244384766,168.842407226562,91.1275024414062,130.006820678711,60.8089714050293,54.7198867797852,73.7829895019531,102.942527770996,35.5301055908203
"2019-09-18",100.237510681152,75.8605194091797,4.47618818283081,48.0046310424805,167.732421875,90.8730010986328,131.076156616211,61.7619285583496,54.4581451416016,73.4359970092773,103.154945373535,35.728328704834
"2019-09-19",99.9194564819336,75.4409484863281,4.4005823135376,48.2190284729004,168.373580932617,91.0749969482422,133.489151000977,62.2548484802246,54.0916900634766,73.7829895019531,103.571266174316,35.7130699157715
"2019-09-20",99.5177230834961,74.6018295288086,4.29488277435303,48.3948402404785,166.555465698242,89.7080001831055,131.946701049805,62.4438209533691,53.9047317504883,73.3698654174805,103.860145568848,35.6734275817871
"2019-09-23",99.5009765625,74.9053421020508,4.34835243225098,48.3004951477051,167.368835449219,89.2649993896484,131.662826538086,62.7477569580078,53.9421234130859,73.5847015380859,104.692779541016,35.8686065673828
"2019-09-24",98.2036361694336,73.4859771728516,4.29090261459351,48.9930152893066,166.957336425781,87.0804977416992,129.997436523438,62.8956604003906,53.2017478942871,73.6755752563477,105.024147033691,36.1064682006836
"2019-09-25",98.7644119262695,73.7983932495117,4.4326639175415,49.1774024963379,167.72282409668,88.4164962768555,131.870971679688,63.1831855773926,53.3587989807129,73.6755752563477,104.522857666016,36.1278190612793
"2019-09-26",97.9525375366211,73.6377410888672,4.41052913665771,49.6812438964844,168.076873779297,86.9919967651367,132.041320800781,63.2817687988281,53.0746269226074,74.8736267089844,105.61890411377,36.0759735107422
"2019-09-27",98.5300750732422,74.101936340332,4.27175331115723,49.5826225280762,166.498001098633,86.2724990844727,130.328567504883,63.3392677307129,53.4560165405273,74.6009674072266,105.839797973633,36.121711730957
"2019-09-30",98.5049591064453,74.2269058227539,4.3292031288147,49.953540802002,164.593887329102,86.7955017089844,131.558746337891,63.4625015258789,52.8054046630859,74.8984146118164,105.678367614746,36.1918601989746
"2019-10-01",96.7137985229492,72.1290817260742,4.32746124267578,49.7477035522461,166.77555847168,86.7825012207031,129.704055786133,62.3780899047852,51.56396484375,73.9151763916016,105.228080749512,35.9387474060059
"2019-10-02",94.7887268066406,69.4153213500977,4.30358648300171,49.1216621398926,162.507827758789,85.6614990234375,127.414093017578,61.6058578491211,50.2178497314453,74.1795806884766,102.874572753906,35.4111709594727
"2019-10-03",94.6537322998047,70.0491409301758,4.50926494598389,49.3489265441895,165.416732788086,86.2210006713867,128.956527709961,61.9344749450684,50.838565826416,75.4602508544922,103.435302734375,35.469108581543
"2019-10-04",96.7039108276367,70.8079147338867,4.52568006515503,50.0821838378906,168.392684936523,86.9824981689453,130.697616577148,63.2588577270508,51.578929901123,75.9807739257812,105.355514526367,36.0332794189453
"2019-10-07",96.4929962158203,69.8973693847656,4.58437490463257,49.8592109680176,167.359252929688,86.6330032348633,129.751373291016,62.321102142334,50.8684768676758,75.6337738037109,104.369926452637,35.749683380127
"2019-10-08",94.3415756225586,68.0673522949219,4.40779399871826,49.3060455322266,164.986206054688,85.2754974365234,128.379302978516,61.2023468017578,49.8813133239746,75.336296081543,102.747108459473,35.8564033508301
"2019-10-09",95.0249710083008,69.0850524902344,4.49434280395508,50.0328712463379,167.340118408203,86.0995025634766,130.81120300293,61.7041435241699,50.4347305297852,75.4767837524414,103.639228820801,36.2680892944336
"2019-10-10",96.3580093383789,70.165168762207,4.55204200744629,49.7412719726562,167.340118408203,86.0130004882812,131.625,61.4984893798828,51.0404815673828,75.683349609375,103.605247497559,36.4754486083984
"2019-10-11",97.9863052368164,72.6289901733398,4.62565898895264,49.2138442993164,169.426086425781,86.5960006713867,132.173782348633,61.8768768310547,51.5864143371582,75.336296081543,102.883056640625,36.6675872802734
"2019-10-14",98.2478637695312,72.1826477050781,4.63908958435059,49.0766334533691,169.713150024414,86.8215026855469,132.05078125,62.2799682617188,51.7359771728516,75.8403396606445,101.999435424805,36.3412857055664
"2019-10-15",101.209213256836,73.3074340820312,4.88381576538086,48.7850379943848,171.043258666992,88.3690032958984,133.962265014648,61.6712341308594,51.915454864502,75.5098190307617,99.5779647827148,36.4510612487793
"2019-10-16",100.972991943359,72.3701248168945,4.83009576797485,49.2931823730469,170.201187133789,88.8714981079102,132.864593505859,59.9437446594238,51.0255279541016,75.2041091918945,99.8583221435547,36.4175109863281
"2019-10-17",101.538269042969,72.6736297607422,4.83208322525024,49.5461769104004,170.268142700195,89.3740005493164,132.183288574219,58.7920913696289,50.9582099914551,75.336296081543,99.7266616821289,36.5456008911133
"2019-10-18",101.71541595459,73.7002105712891,4.73757648468018,49.8441963195801,168.134353637695,87.8755035400391,130.025817871094,57.7473602294922,50.5618667602539,76.0881805419922,100.44490814209,36.3321380615234
"2019-10-21",104.238082885742,74.5393447875977,4.8748607635498,49.9127998352051,168.823272705078,89.2829971313477,130.990966796875,57.5828475952148,51.4069366455078,76.1873474121094,101.821578979492,36.5150985717773
"2019-10-22",105.284240722656,75.6284103393555,4.86491441726685,50.6503486633301,163.493438720703,88.2864990234375,129.041656494141,56.5710296630859,51.6686706542969,75.9477386474609,104.472274780273,36.4663162231445
"2019-10-23",105.56266784668,75.5748596191406,4.85198068618774,50.5989036560059,163.933624267578,88.1084976196289,129.86491394043,56.2666625976562,52.1622581481934,75.286750793457,105.173454284668,36.3961715698242
"2019-10-24",105.486747741699,75.2088623046875,4.8960018157959,50.9312057495117,168.564910888672,89.0390014648438,132.419845581055,57.2455787658691,51.6686706542969,75.0553894042969,106.70401763916,36.3199348449707
"2019-10-25",106.330413818359,76.4318237304688,5.08700656890869,50.7875633239746,170.182037353516,88.0664978027344,133.167404174805,57.0070190429688,51.788330078125,72.6758346557617,105.387222290039,36.3016357421875
"2019-10-28",106.735412597656,77.8601226806641,5.1429648399353,50.0050010681152,172.086227416992,88.8539962768555,136.441452026367,56.6121673583984,51.332145690918,71.9157028198242,105.583877563477,36.3565292358398
"2019-10-29",106.667907714844,79.4134063720703,5.04671669006348,49.8699188232422,169.97151184082,88.135498046875,135.154510498047,57.410099029541,51.1825828552246,73.898681640625,105.686492919922,35.7252655029297
"2019-10-30",106.077346801758,78.7795944213867,5.04870557785034,50.4831199645996,171.521667480469,88.9994964599609,136.838897705078,57.072826385498,50.6441230773926,74.7414321899414,106.83226776123,36.0149803161621
"2019-10-31",105.393943786621,78.3926391601562,4.99946212768555,51.1005935668945,171.148513793945,88.8330001831055,135.665512084961,57.3360595703125,50.5319519042969,74.9314651489258,106.46460723877,35.7588157653809
"2019-11-01",107.823768615723,79.7425155639648,5.03850889205933,50.5367202758789,173.129257202148,89.5719985961914,135.996688842773,57.4018745422363,52.0500679016113,74.3861465454102,105.917335510254,35.8686065673828
"2019-11-04",108.684326171875,82.037353515625,5.23523426055908,49.2267150878906,171.234619140625,90.2330017089844,136.782073974609,56.6121673583984,53.5981254577637,71.7917633056641,101.813011169434,35.8533592224121
"2019-11-05",108.920555114746,81.5693664550781,5.21309900283813,48.6928558349609,168.765838623047,90.0855026245117,136.696975708008,56.677978515625,54.6600532531738,70.6846084594727,101.667663574219,36.2467498779297
"2019-11-06",109.089317321777,82.0733337402344,5.16385746002197,48.7743301391602,169.14860534668,89.7884979248047,136.318420410156,58.3478736877441,53.4635009765625,70.1227645874023,102.881858825684,36.4419059753418
"2019-11-07",109.679901123047,81.8033676147461,5.18151473999023,47.8309593200684,170.737030029297,89.4100036621094,136.507690429688,59.6887168884277,54.6002388000488,68.7842559814453,102.283309936523,36.6645278930664
"2019-11-08",110.000503540039,82.9912643432617,5.16758489608765,47.6144180297852,171.253768920898,89.2939987182617,138.116348266602,60.6018333435059,53.5633239746094,68.4785461425781,102.35173034668,36.4236145019531
"2019-11-11",109.612411499023,82.6852722167969,5.17753458023071,47.6444244384766,171.79914855957,88.5824966430664,138.258285522461,60.6512031555176,53.237865447998,68.668586730957,102.03532409668,36.3016357421875
"2019-11-12",108.97119140625,83.1082534790039,5.21309900283813,47.858829498291,171.990570068359,88.9000015258789,139.16667175293,61.2517013549805,52.5037078857422,68.710334777832,101.984016418457,36.3260307312012
"2019-11-13",108.397468566895,81.6953430175781,5.1872353553772,48.8643684387207,171.674758911133,87.6555023193359,139.393814086914,58.9566116333008,52.0722999572754,69.3866500854492,103.164039611816,36.893238067627
"2019-11-14",108.498741149902,81.7943344116211,5.21757745742798,49.284610748291,172.28825378418,87.7300033569336,140.103500366211,60.0095634460449,51.8452453613281,69.7958145141602,103.035766601562,36.7926139831543
"2019-11-15",109.283355712891,82.6042785644531,5.07830238342285,49.6169281005859,172.307342529297,86.9745025634766,141.910827636719,59.9684257507324,52.3674850463867,70.1297912597656,103.069969177246,36.2497901916504
"2019-11-18",110.202972412109,81.6503753662109,5.27950525283813,49.7755889892578,172.201950073242,87.6265029907227,142.260971069336,58.5946617126465,51.8603820800781,70.8228149414062,104.224311828613,36.6706352233887
"2019-11-19",110.169235229492,81.1824035644531,5.17280912399292,49.8827857971191,175.182846069336,87.6395034790039,142.308303833008,58.8661270141602,51.3305702209473,71.0566253662109,103.822448730469,36.560848236084
"2019-11-20",109.367706298828,80.8314208984375,5.25214672088623,50.4316635131836,174.118942260742,87.276496887207,142.061386108398,58.0188331604004,51.4895057678223,70.8395233154297,104.566329956055,36.3290748596191
"2019-11-21",109.620819091797,81.1374130249023,5.22727489471436,50.4144897460938,172.422393798828,86.7354965209961,141.928482055664,57.656867980957,52.730770111084,69.7206344604492,102.898963928223,36.5516929626465
"2019-11-22",110.346382141113,81.6593627929688,5.24493360519409,50.0371589660645,172.019882202148,87.286003112793,142.032943725586,58.2656173706055,52.5037078857422,69.8459091186523,102.85619354248,36.3992195129395
"2019-11-25",110.936981201172,82.9282531738281,5.5015983581543,49.8613471984863,173.457565307617,88.6920013427734,143.590042114258,58.8167686462402,52.1555595397949,69.4618225097656,103.044326782227,36.2650451660156
"2019-11-26",111.088851928711,83.4232177734375,5.39689254760742,50.3673362731934,174.97200012207,89.8470001220703,144.349670410156,60.0013236999512,52.0268974304199,70.6057357788086,104.540679931641,36.3473777770996
"2019-11-27",111.41788482666,83.6931991577148,5.43173694610596,50.2380065917969,176.716445922852,90.9254989624023,144.625015258789,60.165828704834,51.9966087341309,71.6578063964844,104.113166809082,36.2162437438965
"2019-11-29",111.16478729248,83.2432403564453,5.39440298080444,50.3996734619141,176.850616455078,90.0400009155273,143.732467651367,60.0918159484863,51.5651931762695,70.6140899658203,104.369682312012,36.3168869018555
"2019-12-02",110.920104980469,82.775276184082,5.20798540115356,49.8457145690918,174.243560791016,89.0800018310547,141.994903564453,58.9401550292969,51.7846984863281,69.4952011108398,104.934043884277,36.374813079834
"2019-12-03",109.494277954102,82.2533264160156,5.16841316223145,50.056941986084,174.348937988281,88.4980010986328,141.767059326172,58.1175422668457,51.3759880065918,70.0796966552734,105.13069152832,36.1888046264648
"2019-12-04",111.654121398926,82.001335144043,5.21221733093262,50.494514465332,173.102966308594,88.0345001220703,142.279769897461,59.0964469909668,51.9587783813477,69.9544525146484,106.481674194336,36.1949005126953
"2019-12-05",112.261566162109,82.6672744750977,5.19529390335083,50.5591735839844,174.339385986328,87.0240020751953,142.355712890625,59.5900230407715,51.7771263122559,70.1882476806641,106.558654785156,36.3480606079102
"2019-12-06",113.932098388672,83.7651901245117,5.28066205978394,50.522533416748,174.60774230957,87.5800018310547,144.08381652832,60.034236907959,52.6096801757812,69.9460906982422,106.190971374512,36.6911354064941
"2019-12-09",113.40055847168,83.4772338867188,5.28066205978394,50.4966659545898,175.326629638672,87.4755020141602,143.713500976562,60.3303756713867,52.7231941223145,69.4200668334961,106.772407531738,36.5624809265137
"2019-12-10",113.476516723633,83.4052200317383,5.32571077346802,50.535457611084,174.694000244141,86.9605026245117,143.495132446289,59.9272918701172,52.2690849304199,69.0443267822266,106.259384155273,36.4951019287109
"2019-12-11",113.206512451172,84.0441741943359,5.40933561325073,50.8221321105957,174.45442199707,87.4359970092773,144.036346435547,58.5370826721191,52.1933975219727,67.7751693725586,106.592849731445,36.4522132873535
"2019-12-12",116.446281433105,84.9980773925781,5.57683897018433,50.4169120788574,175.058227539062,88.0165023803711,145.49853515625,59.7956657409668,53.237865447998,66.0718002319336,106.515899658203,36.6850166320801
"2019-12-13",115.425430297852,84.2331619262695,5.57484817504883,51.0743370056152,177.454513549805,88.0469970703125,146.723297119141,59.3679275512695,52.3977470397949,65.6876983642578,107.285469055176,36.8473625183105
"2019-12-16",115.87255859375,84.6651229858398,5.60371828079224,51.6175231933594,178.508804321289,88.4605026245117,147.6728515625,58.4877281188965,52.9805374145508,65.6876983642578,107.362403869629,36.9239501953125
"2019-12-17",116.581283569336,84.8001251220703,5.68186950683594,51.6929550170898,177.818725585938,89.5329971313477,146.875289916992,59.2280693054199,52.7383346557617,64.6272964477539,107.148651123047,37.1506233215332
"2019-12-18",116.463157653809,84.9801025390625,5.71223306655884,51.7942733764648,177.22444152832,89.2014999389648,146.571395874023,58.6522445678711,52.882152557373,65.4539184570312,106.037040710449,36.7156410217285
"2019-12-19",115.881011962891,84.8091201782227,5.86032152175903,51.8718643188477,178.796356201172,89.6139984130859,147.843734741211,58.4959411621094,52.5188446044922,66.005012512207,106.815155029297,36.7830467224121
"2019-12-20",115.788215637207,84.9531021118164,5.95763826370239,52.3158988952637,180.195709228516,89.3249969482422,149.45783996582,59.0306396484375,52.9351196289062,67.1322326660156,107.19140625,36.8473625183105
"2019-12-23",115.75447845459,85.6100311279297,5.94395017623901,51.4687843322754,179.313934326172,89.6500015258789,149.45783996582,58.9730682373047,53.2000350952148,66.6729888916016,106.798049926758,36.4613990783691
"2019-12-24",116.075065612793,85.0251159667969,5.93897104263306,51.8416938781738,179.783599853516,89.4605026245117,149.42936706543,59.1211318969727,52.9956665039062,66.7397918701172,107.07169342041,36.6084365844727
"2019-12-26",117.306816101074,85.5290374755859,5.95315837860107,52.1542472839355,181.307586669922,93.4384994506836,150.654144287109,59.0059623718262,53.0789413452148,67.1990203857422,107.07169342041,36.6115036010742
"2019-12-27",117.391227722168,85.4840698242188,5.89541578292847,52.2727928161621,181.528045654297,93.4899978637695,150.929580688477,59.3514747619629,52.8972816467285,67.5998153686523,107.815605163574,36.632942199707
"2019-12-30",116.9609375,85.4300842285156,5.78217124938965,52.0098190307617,180.032775878906,92.3444976806641,149.628768920898,59.4913101196289,52.586971282959,67.6415634155273,106.43041229248,36.5747337341309
"2019-12-31",117.610565185547,85.2410659790039,5.85633945465088,52.197338104248,180.099914550781,92.3919982910156,149.733215332031,59.548900604248,52.8140335083008,68.2844924926758,106.798049926758,36.403205871582
"2020-01-02",119.036415100098,86.275993347168,5.97107887268066,51.4343032836914,183.186218261719,94.9004974365234,152.50569152832,61.1447639465332,53.6617088317871,66.9151306152344,105.524032592773,36.4338302612305
"2020-01-03",117.465545654297,85.6370315551758,5.87550449371338,51.8007469177246,181.729309082031,93.7484970092773,150.606750488281,61.136547088623,53.2303009033203,68.0924453735352,104.814308166504,36.1121940612793
"2020-01-06",117.372169494629,85.7990264892578,5.90014362335205,52.0594024658203,181.336380004883,95.1439971923828,150.996047973633,62.2470474243164,53.6390151977539,69.1278228759766,104.959663391113,36.0386734008789
"2020-01-07",115.376739501953,85.3490676879883,5.97157669067383,52.0141334533691,180.857116699219,95.3430023193359,149.619247436523,61.7716484069824,53.2000350952148,68.6769180297852,104.30980682373,35.7047843933105
"2020-01-08",116.276817321777,85.6100311279297,5.98277521133423,51.990421295166,183.953033447266,94.598503112793,152.00244140625,62.1367149353027,52.3977470397949,68.6936492919922,104.754447937012,35.5822525024414
"2020-01-09",116.701393127441,85.6640319824219,6.04848194122314,52.3978042602539,185.227783203125,95.0524978637695,153.901443481445,62.7734222412109,52.798900604248,68.8522796630859,105.900230407715,35.949836730957
"2020-01-10",115.538116455078,85.4750595092773,6.08083772659302,52.496955871582,185.726226806641,94.1579971313477,153.189315795898,62.5696868896484,52.3296394348145,69.1361770629883,106.002861022949,35.6496543884277
"2020-01-13",116.497596740723,85.3670806884766,6.27148532867432,53.1112861633301,187.221466064453,94.5650024414062,155.031311035156,63.6054306030273,52.8291625976562,70.1965866088867,106.780952453613,35.4964828491211
"2020-01-14",117.856185913086,84.6831359863281,6.15450811386108,53.3979454040527,187.911636352539,93.4720001220703,153.939422607422,63.0366096496582,52.3750381469727,70.163200378418,106.618499755859,35.58837890625
"2020-01-15",116.090026855469,84.5031204223633,6.11194705963135,54.2278175354004,191.505889892578,93.1009979248047,154.936340332031,64.2846069335938,52.2917861938477,70.9313812255859,107.704437255859,35.3127136230469
"2020-01-16",116.5400390625,85.3310699462891,6.19557523727417,54.3765449523926,192.608154296875,93.8970031738281,157.775329589844,64.0468902587891,52.0874443054199,72.267333984375,107.798500061035,35.502613067627
"2020-01-17",117.346710205078,86.1050033569336,6.20428466796875,54.6201171875,196.202514648438,93.2360000610352,158.658325195312,64.7770233154297,51.8906440734863,72.1337432861328,108.089218139648,35.2146797180176
"2020-01-21",116.19189453125,85.0610733032227,6.17093515396118,55.372386932373,198.684951782227,94.5999984741211,158.088668823242,64.8873596191406,51.1489219665527,73.3110656738281,107.815605163574,35.407657623291
"2020-01-22",116.056015014648,87.436897277832,6.22494268417358,56.0211868286133,199.269653320312,94.3730010986328,157.329086303711,64.6581649780273,50.8537559509277,71.80810546875,108.003715515137,35.5638885498047
"2020-01-23",115.937156677246,88.1028366088867,6.29338788986206,56.0599822998047,197.94694519043,94.2289962768555,158.29753112793,64.8024978637695,50.5358619689941,72.8434524536133,107.509986877441,35.4750442504883
"2020-01-24",113.058692932129,87.14892578125,6.23415327072144,56.8445892333984,196.490036010742,93.0820007324219,156.702423095703,65.1590270996094,50.1952819824219,72.6013259887695,107.639007568359,35.0339469909668
"2020-01-27",112.107704162598,85.1690673828125,5.97829580307007,57.4955368041992,193.317459106445,91.4169998168945,154.081848144531,64.3270568847656,48.9994277954102,72.5345230102539,108.112106323242,35.490364074707
"2020-01-28",114.145561218262,86.6359558105469,6.17168235778809,57.2950859069824,194.429275512695,92.6624984741211,157.101181030273,64.9043502807617,48.9313125610352,72.4343185424805,108.40454864502,35.7170333862305
"2020-01-29",113.975738525391,87.1759414672852,6.11120176315308,57.284309387207,196.355865478516,92.9000015258789,159.550827026367,68.6059112548828,48.5226058959961,72.2506408691406,107.570198059082,35.4995536804199
"2020-01-30",115.38525390625,87.499885559082,6.11792182922363,58.1831359863281,199.566818237305,93.5339965820312,164.051406860352,69.4209365844727,49.0372657775879,71.3071136474609,108.335723876953,35.7109184265137
"2020-01-31",112.38793182373,85.0160827636719,5.88446426391602,57.810245513916,190.710388183594,100.435997009277,161.630172729492,68.5040283203125,47.0164413452148,70.8979873657227,107.191741943359,35.0707054138184
"2020-02-03",113.245506286621,85.9340209960938,5.98153162002563,57.5106163024902,192.474014282227,100.209999084473,165.570556640625,68.4021377563477,45.9643974304199,70.5222320556641,107.613220214844,35.0033111572266
"2020-02-04",114.875793457031,90.811637878418,6.15077447891235,57.0213317871094,195.109802246094,102.483497619629,171.020599365234,68.6993026733398,45.3891830444336,70.9313812255859,108.086288452148,35.3096351623535
"2020-02-05",116.828735351562,92.0985336303711,6.24112176895142,57.4890823364258,194.390991210938,101.993499755859,170.81169128418,70.4651870727539,47.4781265258789,70.146484375,109.075454711914,35.7813720703125
"2020-02-06",116.845718383789,92.2245178222656,6.32798337936401,57.8382606506348,194.611358642578,102.511497497559,174.353286743164,70.5160903930664,46.8347969055176,70.6975784301758,109.359329223633,35.6282043457031
"2020-02-07",116.472091674805,91.7565536499023,6.26177978515625,58.0990905761719,194.323867797852,103.963996887207,174.60009765625,70.6858901977539,46.5244789123535,70.246711730957,108.447547912598,35.6710929870605
"2020-02-10",116.95613861084,92.6114730834961,6.54501342773438,58.573299407959,197.43896484375,106.695503234863,179.167175292969,70.966064453125,46.0331344604492,71.0733261108398,108.524963378906,35.3035125732422
"2020-02-11",117.176887512207,93.16943359375,6.66746711730957,58.6616668701172,195.474044799805,107.540000915527,175.122344970703,71.0254898071289,46.4707336425781,70.8896255493164,106.79606628418,35.3494529724121
"2020-02-12",117.176887512207,93.619384765625,6.78320026397705,58.2542724609375,198.828796386719,108,175.378707885742,70.6689071655273,47.0388565063477,71.6912002563477,106.185356140137,35.4872894287109
"2020-02-13",117.074989318848,92.5934982299805,6.73939561843872,59.3772850036621,199.078308105469,107.493499755859,174.429214477539,71.1952667236328,46.77783203125,73.2275543212891,107.484184265137,35.9743537902832
"2020-02-14",116.718353271484,93.1874389648438,7.21253252029419,60.0347137451172,201.852355957031,106.743499755859,175.986358642578,71.1188812255859,46.562873840332,74.5802307128906,108.499160766602,36.1121940612793
"2020-02-18",115.172973632812,94.0153656005859,7.3812780380249,60.7934379577637,202.725845336914,107.783500671387,177.771377563477,70.8047485351562,45.9717178344727,75.014404296875,107.406776428223,36.6451835632324
"2020-02-19",116.743843078613,93.8713760375977,7.83251333236694,59.2048606872559,204.751205444336,108.511001586914,178.304534912109,69.123779296875,46.3248710632324,73.2609558105469,107.897048950195,36.0478706359863
"2020-02-20",116.743843078613,94.5823059082031,7.68317937850952,59.7135429382324,202.965866088867,107.654998779297,175.581604003906,68.6313781738281,45.9563674926758,73.4947662353516,108.877624511719,36.0509185791016
"2020-02-21",115.317329406738,94.429328918457,7.31905555725098,59.8342590332031,200.431747436523,104.798500061035,170.031021118164,69.1577224731445,45.3959159851074,73.4610290527344,108.980850219727,36.323558807373
"2020-02-24",112.21809387207,91.4775543212891,6.80161762237549,59.0474967956543,190.813766479492,100.464500427246,162.700042724609,68.7417221069336,43.2693061828613,73.0562133789062,106.056350708008,35.6312713623047
"2020-02-25",107.208343505859,88.3818359375,6.52211570739746,58.2693672180176,180.840682983398,98.6370010375977,160.015182495117,67.9182281494141,41.6110076904297,69.9697189331055,104.447860717773,35.0400657653809
"2020-02-26",107.53099822998,86.9149398803711,6.66149282455444,58.0839920043945,179.698440551758,98.9794998168945,162.014541625977,67.62109375,40.6973991394043,68.0722503662109,103.355453491211,34.8532218933105
"2020-02-27",103.056213378906,83.9091796875,6.29067754745483,55.4362182617188,172.787292480469,94.2149963378906,150.599136352539,64.7600250244141,38.2483444213867,63.7376174926758,97.6268615722656,33.8178520202637
"2020-02-28",98.5898895263672,81.641357421875,6.72574472427368,54.7667045593262,174.467163085938,94.1875,154.24560546875,62.1112251281738,39.4920768737793,63.0967102050781,97.3946533203125,32.9846534729004
"2020-03-02",103.183578491211,86.1050033569336,6.88413190841675,58.144660949707,184.612976074219,97.6975021362305,164.508987426758,66.9673614501953,41.3653335571289,63.4677810668945,102.839363098145,35.4964828491211
"2020-03-03",99.311653137207,83.5582046508789,6.62164831161499,57.451301574707,178.277801513672,95.4495010375977,156.625778198242,65.5750427246094,39.3845901489258,64.9435653686523,101.643768310547,34.5867195129395
"2020-03-04",101.765586853027,88.3008193969727,7.08535432815552,61.1499366760254,186.494354248047,98.7914962768555,162.376312255859,68.8096466064453,40.2444381713867,67.1698989868164,107.088531494141,35.7691192626953
"2020-03-05",96.7728118896484,84.2871551513672,6.80593490600586,59.8368911743164,179.458450317383,96.2014999389648,158.301483154297,68.3766937255859,38.4709777832031,64.2351913452148,104.619903564453,35.5087394714355
"2020-03-06",91.7715682983398,83.4862213134766,6.62538242340088,58.8965301513672,176.962783813477,95.0544967651367,153.826736450195,68.3596954345703,36.6130752563477,62.371467590332,104.645698547363,35.9100303649902
"2020-03-09",79.3406372070312,74.8109359741211,6.11236715316772,56.6127662658691,164.263626098633,90.0305023193359,143.401489257812,63.9195518493652,32.1372108459473,54.714168548584,99.8288803100586,35.8885803222656
"2020-03-10",85.5051498413086,80.1474914550781,6.50186109542847,55.4102249145508,175.273376464844,94.5910034179688,153.207855224609,66.1863174438477,33.3271942138672,54.4864768981934,103.690948486328,36.694206237793
"2020-03-11",81.4803695678711,75.9268341064453,6.13801670074463,52.2749443054199,166.010559082031,91.0429992675781,146.267211914062,63.7667350769043,32.2293357849121,47.6387748718262,95.9839935302734,35.0523262023926
"2020-03-12",74.7639465332031,68.9187545776367,5.38692092895508,45.2611770629883,153.657012939453,83.8304977416992,132.3955078125,59.1058464050293,28.5442314147949,38.7502517700195,87.5975494384766,31.8727169036865
"2020-03-13",88.2308044433594,77.6697769165039,5.99780893325806,48.0064468383789,168.775039672852,89.25,151.218032836914,66.2797164916992,29.2658996582031,43.2451057434082,98.1171569824219,34.9512367248535
"2020-03-16",75.0271682739258,68.3741073608398,4.89108848571777,43.6317939758301,145.91081237793,84.4574966430664,128.929962158203,61.9753952026367,26.4790344238281,32.6952629089355,93.3261489868164,32.7028388977051
"2020-03-17",79.6123580932617,66.9397735595703,5.41082906723022,48.0497856140137,151.554885864258,90.3919982910156,139.545593261719,65.6175231933594,28.2601642608643,32.5771980285645,101.703979492188,36.5318603515625
"2020-03-18",71.2316665649414,62.4735069274902,5.05097103118896,45.6403617858887,142.522415161133,91.5,133.671264648438,61.2537689208984,25.4272403717041,28.0148754119873,101.024459838867,37.5488395690918
"2020-03-19",72.4288864135742,65.7687606811523,5.30374336242676,44.8733291625977,146.141143798828,94.046501159668,135.870635986328,56.9154815673828,26.4329662322998,34.5083808898926,95.3302536010742,36.7519607543945
"2020-03-20",70.900520324707,58.9422492980957,5.12393808364868,41.5473747253418,140.938598632812,92.3044967651367,130.767471313477,57.9682006835938,25.1355018615723,35.7733497619629,88.1050186157227,35.0658874511719
"2020-03-23",67.1049880981445,52.4425201416016,5.29677057266235,39.361141204834,130.29362487793,95.1415023803711,129.463088989258,56.4994812011719,24.1451320648193,36.6756973266602,84.0365371704102,35.1612663269043
"2020-03-24",75.0866088867188,64.6430969238281,6.20550632476807,44.7498359680176,148.329711914062,97.004997253418,141.230758666992,58.6134338378906,27.2083702087402,38.261116027832,88.8275451660156,35.392032623291
"2020-03-25",77.8886795043945,67.7204971313477,6.11684989929199,45.5601921081543,155.288787841797,94.2919998168945,139.878784179688,59.3860130310059,28.6286849975586,38.9273490905762,86.8062057495117,33.6598052978516
"2020-03-26",83.3144607543945,71.0338973999023,6.40623044967651,50.0735321044922,162.103881835938,97.7744979858398,148.628387451172,64.369514465332,29.8032989501953,42.5114250183105,92.3627548217773,33.7890319824219
"2020-03-27",77.3791885375977,67.6660232543945,6.29391479492188,50.2577018737793,155.077575683594,95.004997253418,142.525527954102,62.433837890625,28.3676509857178,41.912670135498,94.762580871582,33.7151908874512
"2020-03-30",79.3915786743164,71.0974273681641,6.61417675018311,53.3041381835938,158.926681518555,98.1975021362305,152.550918579102,64.6751480102539,28.7899074554443,39.7875289916992,98.9170913696289,35.4412574768066
"2020-03-31",76.4451599121094,70.5255279541016,6.56461906433105,52.1362648010254,154.655258178711,97.4860000610352,150.15168762207,62.6885185241699,29.1507377624512,38.606876373291,94.6163482666016,34.9582061767578
"2020-04-01",71.6307525634766,66.3951416015625,6.0533447265625,47.2849235534668,146.966613769531,95.3850021362305,144.820129394531,61.4320411682129,28.8129291534424,34.2385215759277,94.0400619506836,35.1181869506836
"2020-04-02",74.3054351806641,66.8036041259766,6.36214971542358,49.0659942626953,151.074920654297,95.9414978027344,147.819122314453,64.9977722167969,31.0163269042969,32.7121276855469,98.4010162353516,36.5058212280273
"2020-04-03",72.1091232299805,64.6794204711914,6.07426404953003,48.0237808227539,145.757202148438,95.3294982910156,146.45768737793,64.4713821411133,30.102725982666,31.4218616485596,98.9859390258789,36.7611923217773
"2020-04-06",76.7505264282227,70.2622680664062,6.68415594100952,50.8123817443848,162.641418457031,99.8795013427734,157.349380493164,64.5988922119141,31.0700645446777,35.849250793457,101.334121704102,38.7887763977051
"2020-04-07",77.7628860473633,69.1366500854492,6.45080852508545,49.5080032348633,161.825531005859,100.580001831055,155.654678344727,64.2673645019531,31.6612186431885,37.443115234375,96.9989776611328,37.5334625244141
"2020-04-08",80.9029235839844,72.7495956420898,6.64804601669312,50.5935478210449,167.92073059082,102.150001525879,157.216110229492,66.1460571289062,33.6649856567383,43.506534576416,99.0031356811523,37.4873008728027
"2020-04-09",88.1610107421875,73.9297027587891,6.54843187332153,53.1459732055664,166.720916748047,102.138000488281,157.225631713867,68.3393173217773,33.1122245788574,47.7315292358398,98.6246566772461,37.4749984741211
"2020-04-13",84.2402725219727,71.1609802246094,6.7202672958374,51.180736541748,162.209503173828,108.443496704102,157.577865600586,65.5425033569336,32.8281631469727,44.2570762634277,99.7342376708984,38.551872253418
"2020-04-14",81.9324417114258,72.4772644042969,7.07140922546387,52.5176200866699,167.613616943359,114.166000366211,165.375381469727,68.4073333740234,32.5748176574707,44.9907684326172,104.043586730957,39.6902618408203
"2020-04-15",77.8915710449219,68.7553634643555,6.99395799636841,51.3995742797852,159.301086425781,115.384002685547,163.642623901367,67.370231628418,31.0777435302734,40.9259986877441,104.267234802246,39.6164169311523
"2020-04-16",74.9231338500977,68.827995300293,7.33912420272827,51.4559020996094,155.903106689453,120.40950012207,168.555282592773,67.2341842651367,30.0566577911377,39.8381309509277,104.508079528809,40.7148323059082
"2020-04-17",81.6579055786133,71.9507369995117,7.27985286712646,53.3583183288574,162.737365722656,118.75,170.040557861328,70.1330184936523,33.1813201904297,41.4066886901855,107.251960754395,40.6502227783203
"2020-04-20",78.6808776855469,70.7070846557617,7.14861011505127,51.4840850830078,157.630859375,119.68049621582,166.670211791992,69.6569747924805,31.615140914917,38.2695579528809,103.733924865723,39.9517974853516
"2020-04-21",76.3987808227539,69.8174743652344,6.7117977142334,51.0095558166504,154.088928222656,116.40599822998,159.777160644531,69.0704116821289,31.4462471008301,36.878101348877,102.942596435547,39.7548713684082
"2020-04-22",76.647575378418,70.4892196655273,7.12619733810425,53.5554809570312,159.905776977539,118.174499511719,165.204040527344,70.1245346069336,32.3444976806641,37.3503494262695,102.701766967773,40.4871559143066
"2020-04-23",76.6904602050781,70.943115234375,7.07290172576904,52.248950958252,159.704238891602,119.972503662109,163.204635620117,69.3764419555664,33.3578987121582,36.3552398681641,103.386680603027,39.5456619262695
"2020-04-24",77.8229522705078,71.5876388549805,7.21186494827271,51.9369316101074,160.606475830078,120.511001586914,166.184661865234,70.4475555419922,33.5728645324707,37.1563873291016,102.849822998047,39.8256454467773
"2020-04-27",81.1774520874023,74.9282913208008,7.39839363098145,52.7819595336914,164.868301391602,118.800003051758,165.708618164062,70.5240707397461,33.7340850830078,38.741813659668,101.698188781738,39.4748878479004
"2020-04-28",81.7522659301758,75.436637878418,7.25594520568848,51.8502616882324,164.378829956055,115.704002380371,161.671798706055,68.9768753051758,34.5248489379883,41.3729553222656,101.21329498291,39.3825912475586
"2020-04-29",83.957160949707,77.8694839477539,7.43276214599609,50.946720123291,174.495895385742,118.635498046875,168.926635742188,67.837760925293,36.4364967346191,44.3076858520508,101.377830505371,38.0288162231445
"2020-04-30",82.1555023193359,75.7997512817383,7.27885484695435,50.0778579711914,171.549102783203,123.699996948242,170.621337890625,65.7125244140625,35.6764450073242,43.2029418945312,102.061874389648,37.398078918457
"2020-05-01",80.0020980834961,74.5016021728516,7.04227113723755,49.1959953308105,168.525497436523,114.302001953125,166.203689575195,64.7604141235352,33.1199035644531,39.9140281677246,101.152717590332,37.8195877075195
"2020-05-04",79.0497741699219,72.0052261352539,7.25420045852661,49.8546829223633,169.082214355469,115.799499511719,170.269058227539,64.4798965454102,34.455753326416,40.7489128112793,100.243515014648,38.0595779418945
"2020-05-05",78.9296722412109,73.3487243652344,7.31521606445312,49.8568534851074,171.280334472656,115.889999389648,172.097015380859,66.3416061401367,34.4173698425293,40.6477127075195,100.451332092285,38.3764953613281
"2020-05-06",77.4454574584961,72.5498962402344,7.41607570648193,48.2447929382324,171.606674194336,117.563003540039,173.79167175293,64.768913269043,33.7724685668945,38.2189559936523,97.9315948486328,37.9365196228027
"2020-05-07",78.2519073486328,72.8585357666016,7.59239387512207,48.6391487121582,175.388580322266,118.380500793457,174.800964355469,63.6977844238281,33.9644050598145,35.4191589355469,97.126335144043,37.6676559448242
"2020-05-08",79.5302200317383,74.6650238037109,7.78240966796875,49.7766876220703,177.663497924805,118.980499267578,175.829162597656,63.1367149353027,35.4537963867188,37.5696067810059,100.399368286133,37.9921455383301
"2020-05-11",77.1880722045898,73.6029205322266,8.0344352722168,49.2674980163574,176.194839477539,120.449996948242,177.790451049805,62.2016448974609,35.1159973144531,35.4697532653809,99.8452072143555,38.2177238464355
"2020-05-12",74.6657485961914,70.3167343139648,7.77244758605957,49.386661529541,172.268966674805,117.847503662109,173.763153076172,61.3685188293457,34.5290374755859,33.5385665893555,99.187126159668,38.2517166137695
"2020-05-13",72.0919570922852,67.1210632324219,7.75003480911255,49.8611869812012,170.269088745117,118.396003723145,171.135391235352,61.853084564209,32.8151054382324,32.0121726989746,98.6416320800781,38.2300834655762
"2020-05-14",75.0861587524414,68.0660400390625,7.99956750869751,50.3183670043945,173.932327270508,119.442497253418,171.878021240234,62.6861724853516,33.1046829223633,34.0192527770996,98.5463790893555,38.1404685974121
"2020-05-15",73.6963195800781,66.9756774902344,8.45804691314697,49.3693313598633,176.422592163086,120.488998413086,174.381988525391,64.7859115600586,32.8698997497559,34.280689239502,99.2390823364258,38.9192276000977
"2020-05-18",77.5998764038086,71.1190872192383,8.71654605865479,51.0160636901855,184.008712768555,121.313003540039,176.048141479492,65.1344757080078,35.4838409423828,38.6385498046875,100.624504089355,39.450756072998
"2020-05-19",76.0727462768555,69.3654098510742,8.77158355712891,49.9435195922852,182.066497802734,122.466499328613,174.829513549805,64.4968872070312,34.3881683349609,38.6984786987305,97.3601303100586,38.61328125
"2020-05-20",78.3548583984375,70.8101348876953,8.93545055389404,50.4397010803223,186.393173217773,124.897003173828,177.254531860352,63.6637878417969,35.5073089599609,39.1693687438965,98.0874481201172,38.7678070068359
"2020-05-21",77.3596420288086,71.1372528076172,8.74145221710205,49.5968399047852,183.277969360352,122.33699798584,175.125442504883,63.774284362793,34.8733978271484,39.742992401123,96.6501007080078,38.6256446838379
"2020-05-22",76.7591018676758,71.4825134277344,8.99148559570312,50.6693878173828,183.508728027344,121.84400177002,175.20182800293,63.5192642211914,34.9046936035156,40.9416198730469,97.498664855957,38.4216842651367
"2020-05-26",82.2069778442383,74.4355850219727,8.68417167663574,50.7690505981445,185.77783203125,121.093002319336,173.349670410156,63.0177154541016,35.9299240112305,43.7669525146484,97.0050964355469,38.276439666748
"2020-05-27",86.9684829711914,78.3972625732422,8.49241256713867,52.2467803955078,185.393218994141,120.519500732422,173.578796386719,65.0069580078125,36.1881942749023,44.4261932373047,98.6156539916992,37.8499946594238
"2020-05-28",85.6729965209961,77.3523101806641,8.45431137084961,54.4633522033691,186.777755737305,120.055000305176,173.187347412109,65.1089553833008,35.2490501403809,43.9553070068359,100.494636535645,38.2239151000977
"2020-05-29",83.4852905273438,77.1433486938477,8.84131813049316,55.3733901977539,187.720016479492,122.118499755859,174.953582763672,66.0355529785156,35.5855751037598,43.3816719055176,100.373382568359,38.3382568359375
"2020-06-01",84.5920028686523,76.9252700805664,8.77233123779297,55.6980209350586,186.864303588867,123.552001953125,174.552627563477,66.5966186523438,36.2194862365723,45.4364624023438,101.524993896484,38.3073539733887
"2020-06-02",84.875129699707,77.7975540161133,8.79125690460205,55.9049873352051,188.796890258789,123.620498657227,176.538421630859,67.225700378418,37.0255889892578,46.900505065918,102.226379394531,38.3011627197266
"2020-06-03",89.4564895629883,81.1685943603516,8.73572540283203,56.5542335510254,189.287200927734,123.919998168945,176.968078613281,67.2512054443359,38.5360412597656,50.4878196716309,102.633346557617,38.1559257507324
"2020-06-04",91.3182144165039,83.5855865478516,8.73671913146973,54.878833770752,186.181671142578,123.029998779297,174.638534545898,66.9876556396484,38.4264640808105,50.2652168273926,100.485977172852,37.735652923584
"2020-06-05",95.4277114868164,86.7112884521484,8.88969898223877,55.4213256835938,191.92170715332,124.150001525879,178.724761962891,69.5974807739258,41.5412826538086,52.7395172119141,102.460182189941,37.565673828125
"2020-06-08",97.3322982788086,86.9293746948242,8.77509117126465,56.7503204345703,191.912139892578,126.203002929688,179.832244873047,69.2914276123047,42.8404235839844,52.7823371887207,103.083641052246,37.4667854309082
"2020-06-09",94.8357162475586,86.7022171020508,9.01526832580566,56.3559722900391,191.412139892578,130.042999267578,181.207061767578,68.8748931884766,41.8856353759766,51.0271911621094,102.468841552734,37.5007820129395
"2020-06-10",90.9921722412109,83.5764923095703,9.33493137359619,55.9463920593262,192.758148193359,132.372497558594,187.928298950195,68.2458267211914,39.6395378112793,47.7481079101562,103.239479064941,37.442066192627
"2020-06-11",83.3994979858398,77.3523101806641,8.7663688659668,54.1032218933105,181.604995727539,127.898002624512,177.836898803711,64.5393905639648,36.1412239074707,43.9553070068359,100.667785644531,37.111400604248
"2020-06-12",85.6815795898438,78.1519317626953,8.90215682983398,53.7938461303711,184.854766845703,127.250999450684,179.240341186523,65.1174621582031,36.9160194396973,47.2943344116211,100.113655090332,36.3851737976074
"2020-06-15",86.8655471801758,78.7698059082031,9.14258766174316,54.1555099487305,184.3740234375,128.634002685547,180.385986328125,67.4042129516602,36.8925476074219,48.0477523803711,101.040138244629,36.4902534484863
"2020-06-16",87.5604476928711,80.8142318725586,9.03769397735596,54.0683555603027,185.450927734375,130.76350402832,184.806365966797,68.3733291625977,37.722110748291,49.3491096496582,102.287010192871,36.9754333496094
"2020-06-17",85.3470077514648,80.7233734130859,9.20462512969971,54.2491836547852,186.104736328125,132.04899597168,185.446044921875,67.3362045288086,36.493408203125,47.9621505737305,102.113815307617,36.7838249206543
"2020-06-18",84.8837356567383,79.5330505371094,9.18668842315674,54.2339324951172,186.441253662109,132.699005126953,187.431884765625,68.7473831176758,36.7203712463379,47.7823448181152,103.282783508301,36.4624366760254
"2020-06-19",83.9142532348633,81.1776962280273,9.22978782653809,52.7698631286621,184.797103881836,133.750503540039,186.314819335938,68.8493728637695,35.9847030639648,43.6642150878906,102.971061706543,37.0372352600098
"2020-06-22",83.0048446655273,79.1241683959961,9.494384765625,53.8221664428711,187.450820922852,135.690994262695,191.489471435547,68.7048645019531,36.3290519714355,43.9895553588867,101.957954406738,37.6027717590332
"2020-06-23",84.017204284668,79.160530090332,9.41789722442627,52.9877395629883,190.344879150391,138.220504760742,192.768783569336,68.0587997436523,36.5481834411621,44.0751647949219,101.940658569336,37.414249420166
"2020-06-24",81.2117767333984,76.3346481323242,9.20412540435791,52.6522216796875,184.037521362305,136.720001220703,188.883087158203,65.7040405273438,34.8264350891113,42.2772331237793,100.806335449219,37.1763000488281
"2020-06-25",84.0429458618164,77.661262512207,9.45776081085205,52.1053619384766,186.508514404297,137.72900390625,191.26985168457,67.9227828979492,35.3507957458496,42.9878463745117,102.079200744629,36.993968963623
"2020-06-26",79.4358596801758,77.6885223388672,9.1239013671875,51.4648361206055,181.979965209961,134.643493652344,187.441390991211,66.2140731811523,34.1377296447754,42.58544921875,99.7759628295898,36.5644226074219
"2020-06-29",79.78759765625,78.9696884155273,9.16874694824219,51.9049301147461,184.008712768555,134.018997192383,189.45588684082,66.6476211547852,34.6855735778809,43.8868103027344,101.880035400391,36.7931022644043
"2020-06-30",80.6970062255859,79.4876251220703,9.46548843383789,52.3254165649414,185.729736328125,137.940994262695,194.296340942383,68.1013031005859,34.998607635498,44.3063354492188,103.533874511719,37.0155906677246
"2020-07-01",80.0107116699219,79.1423492431641,9.49762535095215,53.652229309082,186.316268920898,143.934997558594,195.432479858398,67.837760925293,34.2081642150879,45.9244766235352,103.888893127441,36.9877853393555
"2020-07-02",80.2705612182617,80.1781845092773,9.57959842681885,53.682731628418,188.13346862793,144.514999389648,196.921829223633,67.3532257080078,34.4977378845215,45.0597648620605,104.668159484863,36.8394470214844
"2020-07-06",82.2976760864258,80.7597122192383,9.80582618713379,53.8047332763672,190.142974853516,152.852005004883,201.16081237793,67.6000518798828,34.7403450012207,44.7857818603516,105.317604064941,36.7405662536621
"2020-07-07",79.9760284423828,79.4149398803711,9.83821582794189,53.7524490356445,186.720108032227,150.005996704102,198.821762084961,66.4084091186523,33.8403358459473,42.7652473449707,105.828475952148,39.2313499450684
"2020-07-08",80.8249816894531,79.3604125976562,10.1812973022461,55.1794891357422,187.556564331055,154.05549621582,203.194396972656,65.8551559448242,33.762077331543,42.8337440490723,106.408615112305,38.4556846618652
"2020-07-09",79.0750732421875,77.8157501220703,10.4732999801636,54.9006156921387,184.806747436523,159.131500244141,204.616989135742,66.2126388549805,32.3690185546875,42.1231231689453,106.053604125977,39.4785690307617
"2020-07-10",83.3978729248047,78.5426406860352,10.4436521530151,56.5585975646973,185.13362121582,160,203.996353149414,68.7406234741211,33.378604888916,43.2789421081543,107.27449798584,40.3840408325195
"2020-07-13",84.5933609008789,79.4422073364258,10.0181016921997,55.8265533447266,181.739547729492,155.199996948242,197.695205688477,68.3746109008789,33.386417388916,42.8251800537109,107.413047790527,40.0255584716797
"2020-07-14",85.0784759521484,82.3861694335938,10.3417501449585,57.2012977600098,185.883590698242,154.199996948242,198.917236328125,71.9240036010742,34.4899101257324,42.7566757202148,108.313537597656,40.7950439453125
"2020-07-15",86.3952331542969,84.8667755126953,10.1925106048584,56.4278717041016,188.979568481445,150.443496704102,198.62126159668,73.1071395874023,34.9281692504883,43.6984596252441,107.802703857422,40.7919464111328
"2020-07-16",86.6378021240234,85.0121383666992,10.100323677063,58.4714775085449,186.047012329102,149.994995117188,194.687789916992,74.1455459594727,34.6542549133301,42.7053184509277,108.027824401855,40.8537559509277
"2020-07-17",85.0351791381836,85.9298629760742,10.1668462753296,59.9965476989746,187.575805664062,148.098495483398,193.694869995117,74.5881652832031,34.0594673156738,43.6556549072266,108.781135559082,40.7116050720215
"2020-07-20",84.290153503418,84.3034133911133,10.4750442504883,59.7677726745605,190.825622558594,159.841995239258,202.020111083984,75.0137481689453,33.2612037658691,42.2087364196777,108.443458557129,40.6281623840332
"2020-07-21",86.1180267333984,85.0121383666992,10.2934141159058,60.2035255432129,188.91227722168,156.914505004883,199.299133300781,75.6266021728516,34.9438247680664,42.3628540039062,108.296241760254,40.8939323425293
"2020-07-22",85.4943008422852,85.3846893310547,10.4032917022705,61.0946006774902,191.200561523438,154.995498657227,202.163314819336,76.724609375,34.1299057006836,44.8029136657715,109.222747802734,40.9959182739258
"2020-07-23",85.7455062866211,85.2574691772461,10.0953397750854,61.2144546508789,189.825668334961,149.327499389648,193.370239257812,75.4478454589844,34.2003326416016,44.4690093994141,109.929405212402,40.6806945800781
"2020-07-24",85.1390991210938,85.0575714111328,10.1598682403564,61.0575714111328,187.633483886719,150.445495605469,192.186401367188,74.7839584350586,33.9890327453613,44.0237998962402,109.755149841309,40.5570755004883
"2020-07-27",83.9436340332031,86.5295715332031,10.3860998153687,60.4867630004883,189.325668334961,152.760498046875,194.621002197266,74.3072967529297,34.4899101257324,43.6727752685547,110.068840026855,40.5478172302246
"2020-07-28",84.307487487793,84.8122329711914,10.1807985305786,61.0118217468262,189.162246704102,150.016494750977,192.873825073242,74.4094161987305,34.0829467773438,45.496395111084,111.428131103516,40.7177810668945
"2020-07-29",86.3519134521484,88.0379104614258,10.4299468994141,61.3168334960938,190.931350708008,151.676498413086,194.82145690918,75.6861801147461,34.4586067199707,46.8234443664551,111.802810668945,40.3871116638184
"2020-07-30",84.0475769042969,85.8299026489258,10.5779457092285,61.5129089355469,186.585494995117,152.593994140625,194.668701171875,75.3457183837891,32.7681427001953,46.6778984069824,114.512702941895,40.2109756469727
"2020-07-31",83.7183990478516,84.6214218139648,10.5786905288696,61.1556129455566,183.066436767578,158.233993530273,195.728424072266,76.8948364257812,32.9324989318848,45.8559875488281,114.251289367676,39.988468170166
"2020-08-03",83.2505874633789,86.2024688720703,10.9728479385376,60.4780502319336,183.345230102539,155.594497680664,206.736419677734,76.5118179321289,33.065544128418,45.2652397155762,114.399429321289,39.9575653076172
"2020-08-04",82.7741317749023,86.0025634765625,11.1896104812622,62.1033248901367,184.883636474609,156.941497802734,203.633575439453,76.818229675293,34.020336151123,45.6248207092285,116.57780456543,40.6806945800781
"2020-08-05",84.2121887207031,87.5381546020508,11.2484102249146,61.8266639709473,188.546890258789,160.251495361328,203.299453735352,77.1331939697266,34.3177375793457,45.5049591064453,116.272850036621,40.1151733398438
"2020-08-06",84.2381820678711,87.6926116943359,11.2969942092896,61.6153144836426,191.114044189453,161.25,206.555068969727,76.2734832763672,34.1533813476562,48.2960433959961,115.636741638184,39.9730186462402
"2020-08-07",86.092041015625,88.8284225463867,11.1614570617676,62.698127746582,188.796890258789,158.373001098633,202.860260009766,77.2268142700195,33.9968643188477,48.9552879333496,116.368682861328,40.1646156311035
"2020-08-10",87.1835708618164,90.6456985473633,11.1270704269409,61.7961502075195,189.210357666016,157.408004760742,198.821762084961,76.7075881958008,34.8342666625977,49.1778831481934,116.847930908203,40.7548599243164
"2020-08-11",89.938362121582,92.844596862793,10.8131427764893,60.5216331481934,190.152633666992,154.033493041992,194.172241210938,75.7712707519531,35.1942672729492,48.4843978881836,116.089851379395,40.2357063293457
"2020-08-12",89.1760406494141,93.1808013916016,11.4013862609863,62.0031356811523,191.085205078125,158.111999511719,199.719192504883,75.7628173828125,35.1862831115723,48.7241325378418,118.032981872559,40.7579498291016
"2020-08-13",88.6822357177734,92.8238754272461,11.4041290283203,61.9617195129395,190.257095336914,158.050994873047,199.251373291016,75.7883148193359,34.3243827819824,47.9364547729492,118.311790466309,40.9131088256836
"2020-08-14",88.7169189453125,92.329704284668,11.524715423584,61.1120452880859,189.351928710938,157.401000976562,199.442321777344,75.7287368774414,34.4760055541992,48.5871391296387,117.719276428223,41.1458396911621
"2020-08-17",86.3779144287109,92.3388442993164,12.295090675354,61.6545181274414,192.038482666016,159.120498657227,200.759857177734,75.6095809936523,34.0291061401367,48.4486618041992,118.067810058594,42.076732635498
"2020-08-18",85.1737670898438,92.1649856567383,12.2190990447998,61.6675834655762,191.63410949707,165.624496459961,201.915084838867,76.3841323852539,33.8615112304688,47.5485763549805,118.947883605957,41.8005714416504
"2020-08-19",85.3730163574219,91.9544906616211,12.0972661972046,61.5129089355469,193.540679931641,163.024002075195,200.690078735352,76.9544296264648,33.4864196777344,46.691780090332,118.30305480957,41.0868682861328
"2020-08-20",84.3507995605469,91.0301742553711,12.0997581481934,61.4627914428711,196.583572387695,164.868499755859,205.360397338867,77.3204193115234,32.9756660461426,47.6697425842285,119.244125366211,40.5159187316895
"2020-08-21",84.307487487793,92.0551681518555,12.6404132843018,61.5281677246094,196.56428527832,164.235992431641,203.867446899414,78.1545867919922,32.728271484375,48.5784950256348,119.758224487305,40.8448295593262
"2020-08-24",86.6811065673828,94.1508483886719,12.6770391464233,61.5761108398438,198.759826660156,165.373001098633,204.508605957031,78.3078002929688,33.6939239501953,49.6949348449707,120.690536499023,40.7517433166504
"2020-08-25",87.0622940063477,94.0959320068359,12.7066869735718,61.2885131835938,200.387191772461,167.324493408203,207.169204711914,78.9631881713867,32.6245384216309,49.8420562744141,121.169799804688,40.534538269043
"2020-08-26",85.8408126831055,93.7115859985352,12.7296104431152,60.7852516174316,202.467147827148,172.092498779297,211.648101806641,78.4524765014648,31.9302024841309,48.3361587524414,120.586006164551,40.5562591552734
"2020-08-27",88.6649017333984,93.4278869628906,12.5853509902954,61.0655250549316,203.208572387695,170,216.844787597656,79.4228286743164,31.7147350311279,50.1276626586914,120.429145812988,42.3963432312012
"2020-08-28",89.0287628173828,94.7274017333984,13.1030874252319,61.2122001647949,207.715118408203,170.089996337891,219.074691772461,79.7377471923828,32.4728965759277,51.4518356323242,120.917098999023,43.5351448059082
"2020-08-31",86.7937316894531,93.4370346069336,13.3290672302246,61.129020690918,204.13298034668,172.548004150391,215.839950561523,80.8953552246094,31.8743495941162,49.7814826965332,120.533729553223,43.085205078125
"2020-09-01",86.7504043579102,94.654182434082,13.7781734466553,60.6823310852051,205.442626953125,174.955993652344,217.505157470703,79.8994827270508,31.4673347473145,50.3094100952148,120.403015136719,45.7972373962402
"2020-09-02",88.0585174560547,96.6126098632812,14.3020429611206,63.1194267272949,208.456588745117,176.572494506836,221.696990966797,80.8613052368164,31.2758083343506,51.9364852905273,122.43327331543,45.8251647949219
"2020-09-03",87.7813110351562,93.482795715332,12.9751682281494,61.4399604797363,201.21533203125,168.399993896484,207.96354675293,79.4057846069336,31.2119674682617,52.3172874450684,120.472732543945,44.8508148193359
"2020-09-04",89.6784820556641,93.8763046264648,12.5833854675293,60.723934173584,197.074691772461,164.731002807617,205.04460144043,79.1078872680664,31.1880207061768,52.8971519470215,120.211349487305,44.3202018737793
"2020-09-08",86.5598220825195,91.9544906616211,11.8760833740234,60.8531074523926,192.702972412109,157.492004394531,193.952575683594,78.1460647583008,30.4697666168213,51.9710998535156,118.451194763184,42.9610900878906
"2020-09-09",87.3827972412109,93.8580017089844,12.6756000518799,61.8297119140625,196.496932983398,163.43049621582,202.211776733398,80.5804214477539,30.2862300872803,52.6980857849121,120.376853942871,43.4079284667969
"2020-09-10",86.4818649291992,92.4303665161133,12.2735958099365,60.6341438293457,194.070297241211,158.755493164062,196.546142578125,80.3080368041992,29.5280666351318,51.8066635131836,119.113410949707,42.4521980285645
"2020-09-11",87.5560684204102,93.8213958740234,12.126805305481,60.9056701660156,193.242218017578,155.811004638672,195.263641357422,80.8442687988281,29.448263168335,50.9498519897461,120.368141174316,42.4180603027344
"2020-09-14",88.7688903808594,94.4253997802734,12.8323602676392,61.7311820983887,197.382797241211,155.148498535156,196.584381103516,81.9337921142578,29.2567253112793,52.0316925048828,120.79515838623,42.6104621887207
"2020-09-15",86.0054092407227,94.1508483886719,12.9507398605347,64.7485504150391,197.777618408203,157.806503295898,199.809600830078,80.9294128417969,28.9454917907715,52.542308807373,120.79515838623,42.6228637695312
"2020-09-16",86.369255065918,95.53271484375,12.47571849823,61.3874053955078,197.527267456055,153.904998779297,196.239883422852,80.9294128417969,30.1744937896729,51.8153190612793,119.984771728516,42.2815322875977
"2020-09-17",85.3816757202148,96.1001358032227,12.424877166748,61.2056427001953,197.662124633789,150.436492919922,194.191833496094,81.2273178100586,30.1665172576904,50.0065002441406,119.827934265137,42.4149589538574
"2020-09-18",85.1997604370117,94.6267242431641,12.1514806747437,60.6363334655762,195.100662231445,147.745498657227,191.780090332031,82.4444885253906,29.6796970367432,48.8554420471191,119.697212219238,41.9805450439453
"2020-09-21",82.5662231445312,89.1175003051758,12.4784631729126,60.4786949157715,190.131912231445,148.023498535156,193.837707519531,82.8700637817383,29.0731773376465,46.8994903564453,119.122161865234,42.5328674316406
"2020-09-22",81.6652984619141,90.8837585449219,12.5985879898071,60.8859558105469,193.126617431641,156.449493408203,198.508026123047,80.3676376342773,28.3549270629883,47.3495216369629,120.211349487305,42.9176406860352
"2020-09-23",80.3398590087891,90.3987426757812,12.0861806869507,59.8458595275879,188.128997802734,149.99299621582,191.971496582031,77.6183624267578,27.4451370239258,44.9695091247559,118.773582458496,42.19775390625
"2020-09-24",80.2705612182617,91.1949081420898,12.3097362518311,60.7720909118652,188.2734375,150.989501953125,194.45979309082,78.4780349731445,27.3892841339111,44.8916091918945,119.305114746094,42.4180603027344
"2020-09-25",80.9722366333008,91.4786071777344,12.833854675293,61.7092704772949,189.939331054688,154.756500244141,198.890884399414,78.8185119628906,27.6446514129639,46.0946006774902,119.915046691895,42.5949401855469
"2020-09-28",83.3025894165039,93.6566848754883,12.994607925415,62.2172737121582,192.895538330078,158.702499389648,200.44123840332,79.9931182861328,28.1793556213379,47.0725746154785,120.254875183105,42.5887298583984
"2020-09-29",82.6008834838867,92.5951080322266,13.1847648620605,61.9939308166504,192.048126220703,157.244003295898,198.354904174805,80.1378173828125,27.3573532104492,47.167781829834,119.601387023926,42.5545921325684
"2020-09-30",83.3978729248047,93.3729705810547,13.4885721206665,60.7764778137207,192.558502197266,157.436492919922,201.293029785156,80.5804214477539,27.3972625732422,47.678394317627,121.108825683594,43.4141273498535
"2020-10-01",84.0042724609375,92.0551681518555,13.5723094940186,61.9151191711426,195.813293457031,161.063003540039,203.331497192383,79.5505065917969,26.4395885467529,48.8294677734375,121.326667785645,44.3977813720703
"2020-10-02",84.8012542724609,93.9403762817383,13.0217714309692,61.5669479370117,193.993286132812,156.25,197.33088684082,80.1888885498047,26.3198852539062,50.1449699401855,120.350723266602,43.5972061157227
"2020-10-05",86.5936508178711,96.1733474731445,13.6002225875854,63.0427932739258,195.996170043945,159.960006713867,201.340881347656,81.6954574584961,26.9264049530029,49.738208770752,121.457359313965,44.0005912780762
"2020-10-06",85.7018127441406,95.5785064697266,13.6939315795898,63.5617446899414,193.020690917969,154.998001098633,197.062911987305,81.0478897094727,26.6470851898193,49.0371780395508,121.649040222168,43.6375427246094
"2020-10-07",87.1969451904297,97.8755111694336,13.9207277297974,65.0594711303711,194.9658203125,159.78450012207,200.814498901367,82.1470413208008,26.7348709106445,48.5525207519531,122.598815917969,43.7182197570801
"2020-10-08",88.9893035888672,98.3605651855469,13.7958660125732,65.9178161621094,195.456924438477,159.527496337891,201.532257080078,83.4762496948242,28.1394519805908,49.5218391418457,123.426612854004,43.8640670776367
"2020-10-09",88.4821853637695,98.4063262939453,13.7201013565063,66.327278137207,198.981292724609,164.332504272461,206.537567138672,85.1036911010742,27.7244644165039,48.7342681884766,124.533218383789,44.3046913146973
"2020-10-12",89.5663528442383,99.0286178588867,14.1819162368774,66.9316329956055,198.750213623047,172.146499633789,211.887329101562,86.3817596435547,27.6366729736328,48.3534622192383,125.901237487793,44.7608261108398
"2020-10-13",88.1149749755859,98.4703750610352,14.2040996551514,66.0119857788086,196.747299194336,172.181503295898,213.284637451172,85.4359817504883,27.3094787597656,46.9600715637207,125.657234191895,45.3752136230469
"2020-10-14",87.6253433227539,99.0103149414062,14.0515689849854,65.8302307128906,194.705856323242,168.185501098633,211.370574951172,84.9077224731445,27.2536125183105,46.6225242614746,125.509117126465,44.6646347045898
"2020-10-15",88.9368438720703,99.412971496582,13.9267101287842,65.3528900146484,192.154083251953,166.932495117188,210.222152709961,83.0843276977539,27.4930267333984,47.6437835693359,125.326156616211,44.847713470459
"2020-10-16",88.7532272338867,99.9895248413086,13.7686986923218,66.9163208007812,192.837783813477,163.635498046875,210.222152709961,82.2407531738281,27.2137050628662,46.9773788452148,125.814094543457,44.9035720825195
"2020-10-19",87.2581329345703,98.7357635498047,13.4559230804443,65.5915679931641,189.669708251953,160.360504150391,205.015823364258,81.6102294921875,26.6710262298584,45.5060844421387,123.653160095215,44.3574409484863
"2020-10-20",87.7565002441406,99.5136489868164,13.603217124939,65.9068832397461,190.372650146484,160.850494384766,205.427368164062,80.596305847168,26.8944854736328,46.8129425048828,124.149848937988,44.6522216796875
"2020-10-21",86.8821640014648,99.0926666259766,13.4828367233276,65.1820983886719,191.075607299805,159.246994018555,205.57096862793,79.7527542114258,26.4635334014893,46.484058380127,124.820747375488,44.807373046875
"2020-10-22",89.9510726928711,100.556922912598,13.3195972442627,66.1871490478516,190.651901245117,158.820007324219,205.657104492188,80.4259033203125,27.8202285766602,47.8168792724609,123.93669128418,44.5436172485352
"2020-10-23",90.7641754150391,100.492866516113,13.5481367111206,66.3623428344727,190.671127319336,160.220001220703,206.939483642578,80.6218643188477,27.2615909576416,48.6909980773926,124.751541137695,44.6367149353027
"2020-10-26",88.5171737670898,98.3056411743164,13.1005277633667,66.2703628540039,185.914291381836,160.352005004883,201.053756713867,79.9572525024414,26.6151599884033,48.2063331604004,123.805282592773,44.1123008728027
"2020-10-27",86.8471984863281,96.4753494262695,13.3552360534668,66.3732681274414,183.01579284668,164.316497802734,204.087554931641,79.9231567382812,26.1921939849854,46.7610092163086,124.734008789062,44.3326148986816
"2020-10-28",84.407844543457,93.6292190551758,12.5878705978394,65.2171173095703,174.166397094727,158.139007568359,193.9716796875,78.0230865478516,25.1946201324463,45.2291374206543,120.615951538086,43.4544639587402
"2020-10-29",84.9586410522461,95.3771591186523,12.9836397171021,64.8229904174805,178.018157958984,160.550506591797,195.924011230469,77.5885162353516,26.3119029998779,47.2803001403809,120.537063598633,43.4172325134277
"2020-10-30",85.7192993164062,94.9836578369141,12.4951591491699,64.1223068237305,174.975280761719,151.807495117188,193.770721435547,78.3042678833008,26.0325813293457,46.5359954833984,120.125289916992,43.0541801452637
"2020-11-02",87.6515731811523,98.2324447631836,12.5417671203613,65.803955078125,177.892974853516,150.223999023438,193.636734008789,80.4344100952148,27.125919342041,49.1064300537109,121.351943969727,43.5661811828613
"2020-11-03",90.4144592285156,101.810676574707,12.9791536331177,66.5834732055664,181.35954284668,152.420501708984,197.560562133789,80.4940719604492,26.6630458831787,51.0710182189941,123.73518371582,44.3046913146973
"2020-11-04",87.6515731811523,96.9146041870117,13.7515029907227,64.2186431884766,186.780868530273,162.057998657227,207.092651367188,81.6784133911133,26.5193977355957,49.3227882385254,123.226974487305,44.0502433776855
"2020-11-05",91.2363357543945,101.190399169922,14.1161193847656,65.4711227416992,190.314880371094,166.100006103516,213.69612121582,82.8968505859375,26.471508026123,49.2016143798828,124.751541137695,44.518798828125
"2020-11-06",90.0210189819336,101.32861328125,14.5168762207031,66.3207244873047,191.11408996582,165.568496704102,214.107696533203,83.4251174926758,26.1602725982666,48.0332450866699,125.496299743652,45.2324867248535
"2020-11-09",102.209175109863,104.590744018555,13.58851146698,66.1367797851562,204.797424316406,157.186996459961,209.006713867188,77.0176467895508,29.4721984863281,58.3329544067383,120.905075073242,44.5405197143555
"2020-11-10",101.876922607422,105.84398651123,12.7304286956787,66.5572128295898,205.404083251953,151.751007080078,201.943771362305,78.9433059692383,30.1260509490967,59.3655662536621,122.894004821777,45.1673278808594
"2020-11-11",100.355575561523,105.115982055664,13.3764190673828,67.9147872924805,204.816680908203,156.869506835938,207.24577331543,79.0029449462891,29.8154678344727,57.3353538513184,124.479934692383,45.9182624816895
"2020-11-12",99.1227951049805,104.424873352051,13.4150505065918,67.1527862548828,200.843399047852,155.514007568359,206.183441162109,80.6729888916016,28.7938385009766,55.6376991271973,124.550025939941,45.9958267211914
"2020-11-13",99.743537902832,105.466156005859,13.2557945251465,67.6082458496094,202.984344482422,156.440505981445,207.207473754883,81.5080032348633,29.4885520935059,57.3791122436523,126.416313171387,46.7126159667969
"2020-11-16",102.558906555176,108.276779174805,13.47336769104,68.0987396240234,205.125335693359,156.552993774414,207.896530151367,81.7124938964844,31.1885566711426,58.1229362487793,124.795349121094,47.302188873291
"2020-11-17",101.518447875977,106.959007263184,13.3806562423706,67.1002655029297,203.206176757812,156.783004760742,205.245574951172,80.8860015869141,31.6053829193115,57.7116432189941,124.313446044922,46.3495750427246
"2020-11-18",100.766510009766,107.585632324219,13.3871355056763,66.3820190429688,200.4287109375,155.272994995117,202.539657592773,80.4769973754883,30.4121055603027,55.8564758300781,122.403388977051,46.2626876831055
"2020-11-19",101.037551879883,108.848091125488,13.3986024856567,65.803955078125,200.177978515625,155.850997924805,203.825454711914,80.3236236572266,30.5673942565918,57.0553321838379,122.254425048828,47.2028999328613
"2020-11-20",100.171981811523,108.184616088867,13.047194480896,66.1718368530273,196.619415283203,154.970001220703,201.877548217773,79.3608245849609,30.1914348602295,56.4515342712402,122.052917480469,46.6195259094238
"2020-11-23",103.057281494141,110.820121765137,13.0992832183838,65.3134765625,200.746963500977,154.919494628906,201.60888671875,79.181884765625,32.1693305969238,55.725212097168,121.579772949219,46.8336334228516
"2020-11-24",107.822364807129,113.575408935547,12.9175977706909,65.6725997924805,202.212875366211,155.90299987793,205.207168579102,75.5180130004883,34.3106727600098,57.2916145324707,121.185440063477,46.9670639038086
"2020-11-25",106.694480895996,112.598617553711,13.1937379837036,66.8517761230469,203.379730224609,159.253494262695,205.216751098633,76.1741027832031,33.3544273376465,57.1078453063965,121.509651184082,47.1129150390625
"2020-11-27",105.986274719238,112.331398010254,13.2201547622681,66.1125717163086,203.48583984375,159.766998291016,206.521789550781,75.3476104736328,32.8476905822754,56.477783203125,121.448318481445,47.0415420532227
"2020-11-30",103.066009521484,111.603393554688,13.3599700927734,64.7573928833008,202.859024047852,158.401992797852,205.408706665039,74.2228851318359,31.1640377044678,55.1126441955566,121.676162719727,47.4108009338379
"2020-12-01",104.692268371582,111.225578308105,13.3485069274902,65.2501983642578,203.678756713867,161.003997802734,207.462112426758,75.9696350097656,31.4664306640625,55.558952331543,122.114204406738,47.3642539978027
"2020-12-02",106.703247070312,109.585296630859,13.5025281906128,65.390998840332,202.695022583008,160.176498413086,206.65608215332,76.0037002563477,32.6433639526367,54.6751136779785,121.229270935059,46.706413269043
"2020-12-03",106.003768920898,107.567199707031,13.3584318161011,64.5462341308594,200.640884399414,159.336502075195,205.571807861328,75.2368621826172,32.8640403747559,55.2964134216309,120.335563659668,46.3278579711914
"2020-12-04",106.965530395508,109.493133544922,13.520227432251,63.8158416748047,205.105987548828,158.128997802734,205.686965942383,76.2763519287109,34.0654830932617,56.180248260498,120.449478149414,46.2068252563477
"2020-12-07",106.563346862793,108.184616088867,13.5685920715332,64.4757995605469,205.077056884766,157.899993896484,205.619766235352,76.8983535766602,33.4279823303223,57.510383605957,120.633476257324,45.9585876464844
"2020-12-08",106.668251037598,108.608505249023,13.3125619888306,64.8366088867188,205.192794799805,158.864501953125,207.27018737793,79.1052017211914,34.5231704711914,56.8365707397461,120.957641601562,46.374382019043
"2020-12-09",105.837631225586,108.636154174805,12.8944883346558,64.8278045654297,202.116394042969,155.210006713867,203.230529785156,79.7527542114258,34.9808692932129,56.8978233337402,119.520698547363,46.008243560791
"2020-12-10",105.155670166016,106.111251831055,12.9358720779419,64.484619140625,200.216583251953,155.074493408203,202.002319335938,80.2639846801758,35.9698181152344,56.0314865112305,118.732154846191,45.7933502197266
"2020-12-11",104.534881591797,106.525894165039,12.9767570495605,64.9421997070312,198.895385742188,155.820999145508,204.631454467773,80.4259033203125,35.7981834411621,56.224006652832,119.608329772949,45.780891418457
"2020-12-14",103.433219909668,104.904067993164,13.2714309692383,64.7222213745117,199.869354248047,157.848495483398,205.533432006836,80.1787872314453,34.5068359375,55.3401756286621,119.030067443848,45.3604507446289
"2020-12-15",105.19938659668,107.392120361328,13.323034286499,65.9189758300781,200.939865112305,158.255996704102,205.466232299805,82.3856201171875,35.1770248413086,57.6416397094727,119.730995178223,45.3386497497559
"2020-12-16",105.505386352539,106.313972473145,13.2053661346436,65.5053863525391,200.85302734375,162.048004150391,210.407867431641,82.1044311523438,35.7164497375488,58.184196472168,120.27424621582,45.2919425964355
"2020-12-17",104.631065368652,106.240242004395,13.3038368225098,66.0509796142578,203.659439086914,161.804000854492,210.542251586914,82.0618438720703,35.5366477966309,57.7116432189941,121.132934570312,45.5005912780762
"2020-12-18",104.115219116211,106.968223571777,13.2347822189331,65.5669860839844,203.784805297852,160.082504272461,209.745803833008,82.6071395874023,34.9236717224121,56.0227394104004,121.825088500977,45.4538879394531
"2020-12-21",108.023445129395,107.797584533691,13.2948627471924,65.4701843261719,201.566665649414,160.309005737305,213.583938598633,83.4507141113281,34.2861595153809,54.8238754272461,120.493278503418,45.4601173400879
"2020-12-22",106.37971496582,107.456619262695,13.2410106658936,65.7429733276367,198.50959777832,160.32600402832,214.879348754883,83.493293762207,33.7058715820312,54.8413772583008,119.643371582031,44.9088706970215
"2020-12-23",109.352447509766,107.834434509277,12.9727668762207,65.4085922241211,197.988830566406,159.26350402832,212.07746887207,83.0843276977539,34.1390571594238,54.5701141357422,119.459403991699,44.6036720275879
"2020-12-24",108.871559143066,108.80200958252,12.957311630249,65.9805908203125,201.26774597168,158.634506225586,213.737518310547,83.7659378051758,34.0001029968262,55.5851898193359,120.668518066406,44.6908721923828
"2020-12-28",109.588516235352,108.479484558105,12.8638248443604,66.4293518066406,205.057800292969,164.197998046875,215.858047485352,83.6040954589844,34.1145172119141,55.1039085388184,121.509651184082,45.2265319824219
"2020-12-29",109.299995422363,107.963455200195,12.9069528579712,66.2885665893555,206.735824584961,166.100006103516,215.080825805664,83.237678527832,33.7303886413574,55.287670135498,121.281837463379,44.9400177001953
"2020-12-30",109.606002807617,109.935485839844,13.1088838577271,66.798957824707,210.583740234375,164.292495727539,212.710754394531,82.9991073608398,34.0001029968262,55.8302154541016,120.712348937988,44.9026412963867
"2020-12-31",111.101104736328,110.709510803223,13.0183897018433,67.8901138305664,210.940536499023,162.846496582031,213.420852661133,84.2516250610352,33.6895217895508,56.5477867126465,121.912689208984,44.8932991027832
"2021-01-04",110.05192565918,109.428649902344,13.0767259597778,65.3118057250977,210.005096435547,159.331497192383,208.882202148438,82.7605133056641,33.9183692932129,53.9050445556641,120.756126403809,45.6345176696777
"2021-01-05",110.650733947754,110.589736938477,13.3671588897705,65.7957763671875,206.870819091797,160.925506591797,209.083709716797,82.6071395874023,35.5529861450195,54.2200622558594,121.527191162109,45.3915977478027
"2021-01-06",115.84644317627,116.524238586426,12.5791273117065,69.016487121582,205.048187255859,156.919006347656,203.662322998047,84.174934387207,36.4602088928223,56.5127906799316,122.806411743164,45.6750068664551
"2021-01-07",119.650764465332,118.957000732422,13.3065814971924,69.7732620239258,206.195755004883,158.108001708984,209.457931518555,84.6664657592773,36.7462615966797,55.3926811218262,121.658584594727,45.6718788146973
"2021-01-08",119.782844543457,116.920455932617,13.2395191192627,71.3924102783203,207.777374267578,159.134994506836,210.734115600586,84.4519958496094,37.154914855957,54.8501319885254,121.60604095459,45.6656646728516
"2021-01-11",121.570503234863,116.994194030762,13.5833005905151,70.1252593994141,205.308547973633,155.710494995117,208.690277099609,84.9792556762695,38.2828063964844,53.5375061035156,120.782409667969,45.8712120056152
"2021-01-12",123.481468200684,118.265869140625,13.4469356536865,70.1780548095703,201.422073364258,156.04150390625,206.233901977539,84.9613800048828,39.1328163146973,53.458740234375,120.081481933594,46.3944091796875
"2021-01-13",123.595970153809,115.565864562988,13.4938020706177,72.0171966552734,201.894577026367,158.294494628906,207.586822509766,84.8362808227539,39.5741539001465,55.8389701843262,120.265464782715,45.9210395812988
"2021-01-14",124.318092346191,114.837867736816,13.1632299423218,72.624397277832,194.671356201172,156.373504638672,204.401184082031,83.5136337280273,41.1188774108887,55.6202011108398,118.986236572266,45.7715530395508
"2021-01-15",122.090087890625,113.501678466797,12.8234376907349,72.1931991577148,194.410919189453,155.212493896484,204.046127319336,84.7200927734375,39.140983581543,56.224006652832,118.09252166748,45.0459060668945
"2021-01-19",121.561706542969,115.648803710938,12.9887228012085,72.8707885742188,194.478439331055,156.037994384766,207.682800292969,85.962287902832,39.9174346923828,53.3799934387207,117.058631896973,44.6566123962402
"2021-01-20",119.738761901855,116.091125488281,13.3282680511475,73.9619522094727,198.673568725586,163.169006347656,215.263137817383,85.8461151123047,40.481372833252,54.3688354492188,115.595367431641,45.3168601989746
"2021-01-21",118.734878540039,115.307846069336,13.8286123275757,73.6627578735352,197.834518432617,165.349502563477,215.867645263672,84.2375106811523,39.32080078125,54.1238098144531,115.481658935547,45.1113052368164
"2021-01-22",117.819038391113,114.662788391113,13.6740474700928,74.1027450561523,194.825653076172,164.61149597168,216.808013916016,82.4948501586914,38.7650184631348,55.1914100646973,114.59139251709,45.5722236633301
"2021-01-25",116.34838104248,112.257659912109,13.6149606704712,76.4434814453125,193.822677612305,164.699996948242,220.243118286133,82.593147277832,38.3318405151367,54.7451171875,116.565910339355,45.5317344665527
"2021-01-26",115.872871398926,111.262435913086,13.397572517395,75.0003280639648,194.815979003906,166.306503295898,222.929885864258,81.9675827026367,37.4900207519531,54.0713043212891,117.315132141113,45.9397163391113
"2021-01-27",112.59693145752,105.84398651123,12.8815269470215,70.5652465820312,188.026718139648,161.628997802734,223.476806640625,77.7852172851562,37.0650100708008,52.3211402893066,113.163414001465,44.7967491149902
"2021-01-28",114.578338623047,109.004745483398,13.0144023895264,72.5628128051758,191.160934448242,161.880996704102,229.262832641602,79.0810012817383,37.6453094482422,54.0625534057617,114.908714294434,44.7687301635742
"2021-01-29",113.310234069824,108.461044311523,12.9533224105835,71.1636428833008,186.367950439453,160.309997558594,222.57487487793,77.9192352294922,36.6481857299805,53.029956817627,113.013572692871,43.7534523010254
"2021-02-01",114.146812438965,111.999633789062,13.1998805999756,71.8940124511719,191.295989990234,167.143997192383,229.953704833984,77.0255813598633,36.7135696411133,54.7013702392578,113.683471679688,43.3735008239746
"2021-02-02",117.660530090332,110.985969543457,13.5187330245972,72.9763870239258,195.394638061523,169,229.819381713867,77.526008605957,37.2938575744629,54.4038276672363,113.524795532227,43.8406600952148
"2021-02-03",119.007881164551,110.156631469727,13.4925565719604,73.0819778442383,194.189117431641,165.626495361328,233.168182373047,77.7136764526367,38.7568435668945,54.3338317871094,113.665863037109,43.9745635986328
"2021-02-04",121.746620178223,111.078132629395,13.6259336471558,73.037971496582,201.798095703125,166.550003051758,232.218231201172,78.7682189941406,39.500602722168,55.9264717102051,113.736381530762,44.3887825012207
"2021-02-05",121.508857727051,112.368240356445,13.552885055542,73.5659637451172,201.335250854492,167.607498168945,232.40055847168,78.1694793701172,40.824634552002,56.0227394104004,114.212364196777,44.9587059020996
"2021-02-08",123.411033630371,110.783233642578,14.3982601165771,73.3899688720703,199.522201538086,166.147003173828,232.659591674805,77.007698059082,42.5818557739258,55.3139190673828,113.859771728516,45.1673622131348
"2021-02-09",122.917892456055,110.423881530762,14.2232513427734,73.7683715820312,199.165374755859,165.25,233.906997680664,77.097053527832,42.0831451416016,55.3314247131348,113.419044494629,45.41650390625
"2021-02-10",122.988311767578,112.20238494873,14.722846031189,73.8387832641602,199.088241577148,164.328994750977,232.995452880859,76.4357376098633,42.4904251098633,56.8190574645996,113.02237701416,44.8870735168457
"2021-02-11",122.644859313965,113.833442687988,15.2079801559448,73.8739547729492,203.473358154297,163.106506347656,234.597915649414,77.1864395141602,41.4265060424805,58.1316909790039,113.119316101074,44.8528175354004
"2021-02-12",124.388526916504,114.248107910156,14.9192953109741,73.1523818969727,202.797241210938,163.885498046875,235.077651977539,77.097053527832,41.9917182922363,59.0767784118652,112.493492126465,44.9929580688477
"2021-02-16",127.382659912109,115.188041687012,15.2872581481934,71.4452285766602,200.807464599609,163.447494506836,233.839874267578,76.0782775878906,43.2551231384277,58.7792510986328,112.757942199707,45.3635711669922
"2021-02-17",127.778923034668,115.215667724609,14.8641986846924,70.9964218139648,200.430801391602,165.432006835938,234.859268188477,77.0791931152344,43.9283866882324,58.8842430114746,113.233924865723,45.8431816101074
"2021-02-18",128.210418701172,115.363121032715,14.7874174118042,71.0404357910156,202.208023071289,166.411499023438,234.464965820312,78.7324676513672,43.2384986877441,59.6543388366699,114.177085876465,42.8720970153809
"2021-02-19",130.350372314453,117.768257141113,14.8846406936646,68.7261047363281,197.745666503906,162.494995117188,231.752853393555,77.8030700683594,43.5294227600098,60.3872108459473,112.052757263184,43.0838737487793
"2021-02-22",131.574417114258,120.578834533691,14.3154916763306,66.086181640625,201.213180541992,159.037002563477,225.539916992188,78.4554672241211,45.1336097717285,61.7116622924805,111.576759338379,42.8814353942871
"2021-02-23",132.631164550781,120.58805847168,14.1023416519165,65.7429733276367,204.873886108398,159.725006103516,224.347381591797,80.2070388793945,45.757007598877,62.3386077880859,112.405342102051,42.1900482177734
"2021-02-24",134.964813232422,122.265174865723,14.4583396911621,64.9069747924805,211.944152832031,157.976501464844,225.578384399414,78.4107437133789,47.1284713745117,64.987548828125,112.528747558594,41.4862022399902
"2021-02-25",133.133102416992,119.943023681641,13.2701816558838,65.5129470825195,206.457931518555,152.858001708984,220.231079101562,77.8477478027344,46.3471450805664,62.0560302734375,111.576759338379,41.0937919616699
"2021-02-26",129.601821899414,119.970657348633,13.6760396957397,64.999885559082,205.144348144531,154.646499633789,223.491409301758,76.8110885620117,45.1917915344238,59.9545516967773,108.888282775879,40.4615859985352
"2021-03-01",132.534317016602,123.702758789062,13.8029356002808,67.1494598388672,209.239669799805,157.307006835938,227.876983642578,78.3213882446289,46.8791160583496,60.4666709899902,109.55818939209,40.9131813049316
"2021-03-02",132.102767944336,123.453956604004,13.3686532974243,66.8221435546875,208.409057617188,154.726501464844,224.924423217773,79.2776184082031,46.6048164367676,60.5902900695801,109.214408874512,40.5207633972168
"2021-03-03",134.656631469727,124.891448974609,12.7688426971436,64.1506881713867,207.520431518555,150.25,218.855773925781,79.4116668701172,46.9788589477539,60.9434700012207,108.562141418457,39.7359428405762
"2021-03-04",132.587158203125,123.896270751953,12.3355588912964,63.0626258850098,204.284713745117,148.878494262695,218.057525634766,77.7405014038086,48.7991523742676,61.5704002380371,107.671844482422,39.7172546386719
"2021-03-05",132.895355224609,126.605506896973,12.4265565872192,62.5407028198242,208.061309814453,150.022994995117,222.741256713867,80.037239074707,50.6443939208984,62.0383796691895,111.047889709473,40.2124366760254
"2021-03-08",134.656631469727,128.494552612305,11.5607385635376,62.6822547912598,212.755554199219,147.597503662109,218.692276000977,81.3419952392578,50.5945205688477,63.7778549194336,112.220237731934,39.8262634277344
"2021-03-09",133.70556640625,125.554985046387,12.4894485473633,65.4775695800781,212.842407226562,153.142501831055,224.837860107422,80.5913238525391,49.8132095336914,64.2458419799805,111.224151611328,40.1408081054688
"2021-03-10",136.611618041992,128.31950378418,12.4375791549683,65.8667755126953,215.556564331055,152.88200378418,223.529861450195,82.4144134521484,51.3426055908203,65.3142547607422,112.246673583984,41.1654243469238
"2021-03-11",135.898330688477,128.282638549805,12.9615345001221,66.2206268310547,218.434875488281,155.679504394531,228.059692382812,82.9237976074219,50.9602508544922,64.7844467163086,111.867630004883,41.149845123291
"2021-03-12",137.509841918945,129.720153808594,12.8243741989136,66.9371566772461,216.705947875977,154.474502563477,226.732498168945,83.1472015380859,51.5088386535645,65.4467086791992,112.951858520508,41.7696151733398
"2021-03-15",136.822937011719,129.293975830078,13.1587982177734,66.804443359375,215.653167724609,154.083999633789,225.828491210938,83.4510803222656,50.1955604553223,65.8263626098633,113.322090148926,41.5547256469727
"2021-03-16",135.185028076172,126.773864746094,13.2585515975952,66.6806106567383,217.034408569336,154.593002319336,228.617523193359,83.4421310424805,49.1316413879395,64.378288269043,113.657028198242,41.5422592163086
"2021-03-17",136.576385498047,127.857872009277,13.3084297180176,64.539909362793,215.411712646484,156.786499023438,227.973175048828,81.4134979248047,49.3477401733398,65.0670013427734,113.198669433594,41.1965789794922
"2021-03-18",138.830810546875,126.894340515137,12.6912021636963,62.9210815429688,213.132202148438,151.399505615234,221.894912719727,80.7432556152344,47.219898223877,63.4423294067383,113.445472717285,40.6586647033691
"2021-03-19",136.62043762207,123.466247558594,12.8141469955444,62.6645431518555,199.841613769531,153.748001098633,221.539047241211,81.2705154418945,46.953914642334,62.4445686340332,112.837249755859,41.1996994018555
"2021-03-22",132.948196411133,124.948661804199,13.1538114547729,63.4164733886719,200.904067993164,155.543502807617,226.963333129883,80.546630859375,46.4718170166016,62.6917991638184,114.750061035156,41.396728515625
"2021-03-23",131.618453979492,123.160499572754,13.038592338562,65.4775695800781,201.049011230469,156.875,228.49250793457,81.1007080078125,45.8983116149902,62.6829566955566,116.883224487305,41.8877143859863
"2021-03-24",132.639953613281,124.568786621094,12.6118965148926,64.4248962402344,200.971725463867,154.353500366211,226.45361328125,82.6556854248047,46.8292388916016,62.8507194519043,116.847953796387,41.6281471252441
"2021-03-25",134.339584350586,125.838104248047,12.5044116973877,64.9733428955078,200.875076293945,152.313003540039,223.452941894531,84.2106781005859,46.6962509155273,62.8330574035645,117.658935546875,41.9096069335938
"2021-03-26",136.576385498047,128.497177124023,12.8076639175415,65.5129470825195,206.24543762207,152.601501464844,227.4345703125,85.1222305297852,47.9679718017578,64.8021392822266,119.395416259766,42.2598686218262
"2021-03-29",134.454086303711,128.367462158203,12.9163942337036,66.1675415039062,207.191986083984,153.786499023438,226.242034912109,85.9712295532227,47.7103118896484,63.2922325134277,121.264144897461,42.7415008544922
"2021-03-30",136.039199829102,129.395904541016,12.8400850296021,65.6544952392578,204.67106628418,152.764495849609,222.981704711914,85.3903503417969,47.1201515197754,64.3959350585938,119.395416259766,42.4506378173828
"2021-03-31",134.057800292969,128.117294311523,13.3154134750366,66.8840560913086,204.506866455078,154.703994750977,226.751724243164,85.443962097168,46.4053268432617,63.2480506896973,119.377777099609,42.4787864685059
"2021-04-01",135.361145019531,129.238388061523,13.7777719497681,67.0256042480469,209.461822509766,158.050003051758,233.080078125,85.3903503417969,47.7019844055176,64.6785049438477,118.364097595215,42.4131202697754
"2021-04-05",136.078628540039,131.897476196289,13.9530897140503,67.9190368652344,211.567413330078,161.336502075195,239.543029785156,86.4359359741211,46.962230682373,64.2811584472656,120.276893615723,43.6046295166016
"2021-04-06",135.121963500977,130.748596191406,13.8273983001709,68.6089935302734,211.190780639648,161.190994262695,238.379318237305,85.3713531494141,46.8292388916016,65.4820098876953,120.32096862793,43.8141593933105
"2021-04-07",137.239013671875,130.06298828125,14.1087055206299,68.4763488769531,211.789627075195,163.969497680664,240.341232299805,85.7560424804688,47.037036895752,66.4003219604492,120.532508850098,43.720344543457
"2021-04-08",137.407348632812,129.618255615234,14.2817802429199,68.7859420776367,213.170852661133,164.964996337891,243.563125610352,84.9687881469727,46.5466270446777,66.7711791992188,120.990859985352,43.692195892334
"2021-04-09",138.43489074707,130.127822875977,14.3645753860474,68.9451675415039,214.928756713867,168.610000610352,246.063690185547,85.5950241088867,46.4385757446289,66.3208465576172,120.20637512207,43.7140922546387
"2021-04-12",138.142593383789,130.906097412109,15.1715831756592,68.6797866821289,213.914581298828,168.969497680664,246.121398925781,86.2659454345703,46.131046295166,66.5680847167969,120.69116973877,43.720344543457
"2021-04-13",136.494979858398,129.525604248047,15.640926361084,69.9182205200195,213.479949951172,170,248.60270690918,87.0353317260742,46.3055839538574,66.9212799072266,119.095756530762,43.5858764648438
"2021-04-14",133.943801879883,129.933288574219,15.2394180297852,69.9978408813477,214.407165527344,166.649993896484,245.813613891602,86.9369049072266,47.6438102722168,66.3031845092773,119.527648925781,43.5702285766602
"2021-04-15",134.794189453125,130.452117919922,16.0975513458252,70.9266662597656,218.560501098633,168.954498291016,249.574066162109,89.817497253418,47.361198425293,67.3274688720703,120.973274230957,43.8329238891602
"2021-04-16",135.795181274414,130.776397705078,15.8733549118042,71.5989532470703,218.686050415039,169.97200012207,250.766571044922,88.3503646850586,47.0952186584473,66.8329772949219,120.982078552246,43.9736595153809
"2021-04-19",135.219375610352,130.433578491211,15.3239583969116,70.581672668457,218.087158203125,168.600494384766,248.843154907227,88.8245086669922,46.9456024169922,66.1177520751953,120.417907714844,43.692195892334
"2021-04-20",132.225357055664,128.284057617188,15.1339273452759,71.2362747192383,215.662826538086,166.734497070312,248.381469726562,89.2718124389648,45.9564895629883,67.2126617431641,121.422813415527,44.0299530029297
"2021-04-21",133.350280761719,131.109893798828,15.3227128982544,68.9717025756836,219.690536499023,168.100997924805,250.612731933594,90.5421447753906,46.5466270446777,67.4245758056641,120.62947845459,44.1581649780273
"2021-04-22",130.54231262207,131.00798034668,14.8137168884277,69.2813262939453,219.806427001953,165.451995849609,247.333190917969,89.5938568115234,45.9398727416992,66.7799911499023,119.43187713623,43.6796913146973
"2021-04-23",133.040267944336,132.462631225586,15.2276964187622,69.2105484008789,222.153564453125,167.044006347656,251.160980224609,90.1395416259766,46.1892204284668,66.6122436523438,118.819763183594,43.7516212463379
"2021-04-26",133.368057250977,132.833221435547,15.4399242401123,68.9363250732422,222.481964111328,170.449996948242,251.545639038086,89.3344268798828,46.2806549072266,67.0095901489258,116.442314147949,43.1292686462402
"2021-04-27",133.979278564453,133.963592529297,15.3439102172852,68.3613357543945,222.066619873047,170.871505737305,251.949554443359,89.3791732788086,46.8874168395996,67.5217132568359,116.371337890625,43.2762565612793
"2021-04-28",134.847381591797,133.907989501953,15.2391672134399,68.1932525634766,225.485870361328,172.925003051758,244.822998046875,89.7817230224609,48.3004417419434,66.6828765869141,116.566497802734,43.1230125427246
"2021-04-29",137.469390869141,134.36198425293,15.2870483398438,68.3082809448242,228.779541015625,173.565505981445,242.851409912109,91.2041320800781,48.9903297424316,67.1773452758789,117.551193237305,43.667179107666
"2021-04-30",136.24690246582,132.425582885742,14.9725751876831,68.5647888183594,225.59211730957,173.371002197266,242.534042358398,90.1216506958008,47.5773124694824,66.2502059936523,118.358474731445,43.7547492980957
"2021-05-03",135.848327636719,133.75048828125,14.8002490997314,67.8482818603516,224.674530029297,169.324493408203,242.226272583008,91.7498321533203,48.8905944824219,67.5393524169922,119.760139465332,44.4458808898926
"2021-05-04",137.72624206543,134.037689208984,14.3159437179565,66.9548492431641,224.114334106445,165.593505859375,238.311981201172,92.2597579956055,49.1981239318848,66.1442489624023,119.351997375488,44.008056640625
"2021-05-05",139.533340454102,134.788162231445,14.4229278564453,65.2652587890625,221.390502929688,163.526992797852,237.042465209961,92.859130859375,50.6776504516602,64.1487121582031,118.39395904541,43.9705352783203
"2021-05-06",142.341354370117,135.677597045898,14.4872741699219,65.4687194824219,223.428558349609,165.318496704102,240.177734375,93.2169570922852,51.159740447998,64.9080810546875,119.884315490723,44.2844924926758
"2021-05-07",142.828521728516,136.678207397461,14.7758131027222,65.9286956787109,224.201278686523,164.580505371094,242.803375244141,94.0936737060547,51.8911819458008,65.9588241577148,119.893173217773,44.0176239013672
"2021-05-10",142.810821533203,136.585586547852,14.2306566238403,66.1675415039062,218.261077880859,159.524505615234,237.72526550293,94.5946578979492,52.0158653259277,66.154670715332,122.128707885742,44.2122840881348
"2021-05-11",140.436813354492,135.047561645508,14.2710542678833,65.5217971801758,217.787734985352,161.195495605469,236.811630249023,94.0042190551758,50.3617935180664,65.0685729980469,121.525489807129,43.813549041748
"2021-05-12",139.471298217773,133.12971496582,13.7246522903442,63.2837753295898,213.103210449219,157.59700012207,229.858169555664,93.7179641723633,50.631649017334,63.2435646057129,120.239143371582,42.6801376342773
"2021-05-13",143.058822631836,135.80290222168,13.6316289901733,64.2479858398438,216.421005249023,158.073501586914,233.73405456543,94.8719863891602,50.0076141357422,64.1694107055664,122.173049926758,43.4022598266602
"2021-05-14",145.282211303711,138.001098632812,14.2079620361328,64.6814346313477,219.516326904297,161.145004272461,238.658218383789,95.8113021850586,51.2472496032715,65.1843109130859,122.430313110352,43.8041305541992
"2021-05-17",145.86686706543,137.321166992188,14.1306505203247,63.6022453308105,219.03271484375,163.519500732422,235.801803588867,95.3282165527344,52.4447441101074,65.0952987670898,122.181938171387,43.6063346862793
"2021-05-18",143.811798095703,134.433700561523,13.9812679290771,63.9472351074219,218.191162109375,161.613998413086,233.782135009766,94.8093566894531,50.9605407714844,65.1041870117188,120.931091308594,44.5545082092285
"2021-05-19",142.713394165039,132.971374511719,14.0311489105225,64.274528503418,217.243194580078,161.589996337891,234.360504150391,90.3542633056641,49.7377510070801,64.8282012939453,121.179466247559,44.5576438903809
"2021-05-20",142.465362548828,133.781723022461,14.5765523910522,65.7163925170898,219.03271484375,162.384002685547,237.599456787109,91.2846450805664,49.6196899414062,65.3801727294922,122.421455383301,44.7146186828613
"2021-05-21",144.086395263672,133.595428466797,14.954870223999,65.8490829467773,219.351913452148,160.154006958008,236.336654663086,88.690315246582,49.6871566772461,65.2377243041992,122.421455383301,44.504264831543
"2021-05-24",144.865905761719,133.791015625,15.5735921859741,65.4864044189453,221.818496704102,162.249496459961,241.744491577148,87.1874084472656,50.2690391540527,66.4662780761719,122.385986328125,44.5074081420898
"2021-05-25",143.368911743164,133.017944335938,15.6092548370361,64.9025955200195,221.528289794922,162.952499389648,242.650665283203,87.0263671875,49.1305732727051,66.6176300048828,122.802894592285,44.6895065307617
"2021-05-26",143.351150512695,133.176300048828,15.6613759994507,64.9910202026367,219.642135620117,163.257995605469,242.428955078125,88.0282974243164,49.7040214538574,66.7600326538086,122.527900695801,44.6361351013184
"2021-05-27",145.583389282227,134.675903320312,15.4498977661133,64.5752716064453,219.438934326172,161.505493164062,240.327453613281,88.6992568969727,49.3835678100586,65.9677429199219,119.742393493652,44.4854354858398
"2021-05-28",145.485961914062,135.290634155273,16.2045383453369,64.7698822021484,219.864562988281,161.153503417969,240.684127807617,88.6366424560547,49.2233390808105,66.5642013549805,119.627044677734,44.5921783447266
"2021-06-01",147.089279174805,136.259338378906,16.2244911193848,64.1340560913086,219.216491699219,160.932495117188,238.486312866211,88.8423919677734,50.98583984375,68.2823867797852,117.879440307617,44.476016998291
"2021-06-02",147.09814453125,135.961273193359,16.7369709014893,64.6587371826172,222.147415161133,161.699493408203,238.389907836914,89.8801193237305,51.3906135559082,69.2794723510742,118.39395904541,44.3786849975586
"2021-06-03",147.195587158203,136.380416870117,16.9280014038086,64.3563766479492,220.648056030273,159.350494384766,236.857192993164,89.4238815307617,51.5930137634277,68.2912979125977,120.514167785645,44.4571723937988
"2021-06-04",147.434783935547,138.327102661133,17.5350036621094,64.3297119140625,222.611679077148,160.311004638672,241.754150390625,89.7817230224609,51.8206977844238,68.059814453125,120.602874755859,44.5356597900391
"2021-06-07",146.743835449219,136.78092956543,17.5756530761719,64.4453277587891,223.75309753418,159.900497436523,244.665344238281,86.2301712036133,51.4833755493164,68.4337387084961,121.019844055176,44.2374038696289
"2021-06-08",146.1591796875,137.032409667969,17.4140491485596,64.1518630981445,224.459213256836,163.205505371094,243.470077514648,85.7560424804688,52.3941421508789,69.5732421875,119.6181640625,43.9014625549316
"2021-06-09",144.334381103516,136.371078491211,17.3195114135742,64.4275131225586,224.710693359375,164.057495117188,244.45329284668,84.8256530761719,52.8326683044434,70.1875228881836,119.573822021484,43.6659851074219
"2021-06-10",142.084442138672,136.753021240234,17.386116027832,65.3701553344727,226.297027587891,167.482498168945,247.971771240234,84.1099853515625,52.9169883728027,70.4546127319336,120.4609375,43.9171600341797
"2021-06-11",141.987014770508,136.576034545898,17.785472869873,65.3523712158203,227.274017333984,167.341506958008,248.598358154297,83.734260559082,52.4278717041016,70.9353561401367,119.635902404785,44.1903114318848
"2021-06-14",139.577590942383,135.989227294922,17.9785385131836,65.1922912597656,226.422775268555,169.193496704102,250.526336669922,83.3048324584961,52.3435440063477,72.2974166870117,119.680282592773,44.1306419372559
"2021-06-15",137.460479736328,137.712341308594,17.7488059997559,65.2990112304688,225.358779907227,169.156494140625,249.051406860352,83.8773880004883,54.2494087219238,72.2528991699219,119.449615478516,43.9548377990723
"2021-06-16",138.426040649414,136.333831787109,17.7705078125,65.1833953857422,222.089340209961,170.762496948242,248.106735229492,83.1259307861328,54.0554428100586,71.9324264526367,117.790725708008,43.0600433349609
"2021-06-17",134.431015014648,132.841003417969,18.6156139373779,66.3216552734375,224.555923461914,174.462005615234,251.499908447266,82.1597595214844,52.2760810852051,71.7098541259766,118.864128112793,43.2389907836914
"2021-06-18",131.029541015625,129.711349487305,18.5971565246582,65.1656036376953,222.872817993164,174.345001220703,250.082824707031,82.5802154541016,50.9352416992188,69.8937377929688,117.125396728516,42.4383926391602
"2021-06-21",133.252883911133,133.232162475586,18.3861312866211,66.0993499755859,226.654907226562,172.697998046875,253.167633056641,84.6288375854492,52.7820587158203,71.7365570068359,118.047981262207,42.8245658874512
"2021-06-22",133.057998657227,133.036560058594,18.8446044921875,65.9037246704102,228.212265014648,175.272003173828,255.943817138672,84.9419708251953,53.7940216064453,73.1965789794922,118.092315673828,43.0223693847656
"2021-06-23",133.864105224609,134.508209228516,19.0147247314453,65.2278747558594,227.003143310547,175.190994262695,255.712417602539,84.9151229858398,54.190372467041,74.3094177246094,117.923789978027,42.6864204406738
"2021-06-24",135.095367431641,135.663177490234,19.1626415252686,64.8098983764648,228.512115478516,172.453994750977,257.081359863281,85.6039657592773,54.4096260070801,74.3004913330078,118.003639221191,42.9846801757812
"2021-06-25",136.459518432617,136.631912231445,18.9885349273682,65.6813888549805,229.55680847168,170.072998046875,255.471466064453,86.6416854858398,54.5276985168457,74.7990570068359,119.689147949219,43.4933052062988
"2021-06-28",136.707550048828,136.454940795898,19.9404048919678,66.8285675048828,226.43244934082,172.19450378418,259.038208007812,87.0711135864258,53.1362419128418,73.8553771972656,120.043975830078,43.3583106994629
"2021-06-29",136.539276123047,136.44563293457,19.9820613861084,65.8770294189453,228.231582641602,172.406997680664,261.62158203125,88.0641098022461,52.8073692321777,74.2559967041016,119.227828979492,43.1071281433105
"2021-06-30",137.779388427734,138.019714355469,19.9578647613525,65.1656036376953,226.171325683594,172.007995605469,261.139617919922,87.8583297729492,53.1952781677246,73.9800033569336,119.697982788086,44.275074005127
"2021-07-01",139.1435546875,139.873275756836,20.1669025421143,65.9748458862305,227.457794189453,171.648498535156,261.814422607422,88.4219436645508,53.3470687866211,74.5408706665039,119.973022460938,43.7413330078125
"2021-07-02",139.009918212891,141.018966674805,20.4412803649902,66.0548858642578,230.823928833008,175.54899597168,267.646362304688,88.5382308959961,53.2711715698242,75.6002502441406,120.558486938477,43.9893760681152
"2021-07-06",136.675674438477,139.435501098633,20.6523132324219,66.8107604980469,231.762222290039,183.787002563477,267.656097412109,87.6337814331055,51.7532348632812,75.7961349487305,120.629463195801,43.9359817504883
"2021-07-07",136.836090087891,141.745452880859,20.3262901306152,66.9886169433594,232.149124145508,184.828994750977,269.84423828125,88.7531509399414,50.9436798095703,75.5557632446289,121.534339904785,43.8637809753418
"2021-07-08",134.475158691406,140.245834350586,19.8583393096924,66.8107604980469,228.870025634766,186.570495605469,267.424682617188,88.1979522705078,50.7159843444824,75.5735702514648,121.516593933105,43.8261070251465
"2021-07-09",138.778259277344,143.030838012695,20.0055046081543,66.6862640380859,230.669174194336,185.966995239258,267.925994873047,89.2188110351562,51.635181427002,76.9445495605469,121.560943603516,44.049015045166
"2021-07-12",140.764999389648,144.437316894531,20.4667263031006,66.7751922607422,230.088806152344,185.927505493164,267.328247070312,89.4426727294922,51.5845718383789,77.9238128662109,121.658515930176,43.9705276489258
"2021-07-13",138.671340942383,143.477935791016,20.2048110961914,66.5706558227539,234.422241210938,183.86799621582,270.856414794922,87.5710906982422,51.3400268554688,77.4252853393555,121.50772857666,44.1369361877441
"2021-07-14",138.199157714844,142.881805419922,19.7972259521484,67.3176422119141,237.943206787109,184.083999633789,272.331329345703,87.2666397094727,50.2015724182129,78.5202789306641,122.403717041016,44.4414863586426
"2021-07-15",138.502090454102,143.319610595703,18.9239273071289,68.3136367797852,240.419448852539,181.559997558594,270.904541015625,85.0278472900391,49.712459564209,78.8763885498047,123.45051574707,44.476016998291
"2021-07-16",135.33935546875,142.267059326172,18.120475769043,69.2918319702148,240.003494262695,178.681503295898,270.634674072266,86.1293334960938,48.3378829956055,79.8378677368164,124.648086547852,44.4446258544922
"2021-07-19",130.938201904297,138.960494995117,18.7378463745117,68.4648056030273,232.545745849609,177.479507446289,267.029449462891,84.6875839233398,46.6765823364258,75.1640396118164,124.586006164551,44.3410110473633
"2021-07-20",133.379302978516,143.524520874023,18.5704689025879,68.6248779296875,234.760787963867,178.65950012207,269.256225585938,84.5532531738281,47.190990447998,78.3600311279297,123.920692443848,44.5419425964355
"2021-07-21",136.185668945312,144.958908081055,19.3666839599609,67.4777145385742,235.689407348633,179.259994506836,271.261260986328,84.1861038208008,48.708927154541,78.3333282470703,123.486030578613,44.3221740722656
"2021-07-22",134.466232299805,145.350128173828,19.5502758026123,67.6911468505859,236.153717041016,181.901504516602,275.830535888672,83.6398315429688,48.1607856750488,77.7635803222656,123.012870788574,44.353572845459
"2021-07-23",134.207870483398,145.983489990234,19.5143566131592,68.6515350341797,240.874084472656,182.832000732422,279.233306884766,84.8308639526367,48.1017570495605,78.1285781860352,124.78931427002,44.7177734375
"2021-07-26",135.107696533203,145.331512451172,19.2509479522705,68.3936767578125,242.063827514648,184.990997314453,278.635650634766,84.7502746582031,49.3161125183105,77.9861297607422,125.226707458496,44.7805595397949
"2021-07-27",134.929489135742,145.433959960938,19.1651344299316,69.2384719848633,242.721588134766,181.31950378418,276.216156005859,85.8606948852539,48.7679595947266,78.5826110839844,125.735542297363,44.7836990356445
"2021-07-28",135.152236938477,144.800582885742,19.4594783782959,69.2295761108398,238.862121582031,181.516006469727,275.907623291016,84.6428146362305,49.0968551635742,77.7991943359375,123.869850158691,44.6016006469727
"2021-07-29",136.310440063477,146.896270751953,19.6181259155273,69.5052642822266,239.810028076172,179.996002197266,276.177490234375,85.7532348632812,49.6955833435059,78.1018676757812,124.512588500977,44.6581153869629
"2021-07-30",135.223510742188,147.212982177734,19.4554901123047,69.2740325927734,238.330062866211,166.379501342773,274.644805908203,85.215934753418,48.5487060546875,77.3273544311523,126.967460632324,44.7554397583008
"2021-08-02",134.680038452148,145.75993347168,19.7059268951416,70.0832748413086,231.936325073242,166.574005126953,274.558074951172,85.1084747314453,48.5571327209473,76.8021087646484,126.655052185059,44.6518211364746
"2021-08-03",136.21240234375,151.646591186523,19.7707805633545,70.6257400512695,229.334320068359,168.311996459961,276.775177001953,86.5144119262695,49.0799827575684,77.5499267578125,128.502914428711,45.1541748046875
"2021-08-04",134.742416381836,150.733810424805,20.228759765625,71.0259094238281,228.92805480957,167.735992431641,276.187194824219,85.3860702514648,47.9330940246582,75.7605133056641,127.145988464355,44.8464889526367
"2021-08-05",136.444030761719,150.817626953125,20.5909481048584,71.5772476196289,232.352264404297,168.799499511719,279.088745117188,85.4487609863281,48.236686706543,77.0780792236328,127.208511352539,45.6784858703613
"2021-08-06",140.319549560547,151.721084594727,20.3205509185791,71.683952331543,233.503326416016,167.246994018555,279.030914306641,86.7920074462891,48.7932586669922,75.8317184448242,126.235481262207,45.5968627929688
"2021-08-09",140.168106079102,152.093673706055,20.2497138977051,71.6394805908203,232.149124145508,167.093505859375,277.941589355469,86.9711074829102,48.236686706543,76.1700210571289,126.922859191895,45.7067413330078
"2021-08-10",141.887588500977,155.875305175781,19.8915119171143,71.6128311157227,230.282272338867,166.033996582031,276.119689941406,86.2815628051758,49.063117980957,75.7070922851562,127.003150939941,46.6800346374512
"2021-08-11",143.580322265625,155.465484619141,19.6550407409668,73.2490844726562,227.370697021484,164.605499267578,276.611358642578,86.9442443847656,49.2064781188965,75.2766876220703,127.315605163574,47.0976104736328
"2021-08-12",144.141586303711,156.419845581055,19.8605804443359,73.8093032836914,224.51335144043,165.175003051758,279.368316650391,86.8099060058594,49.0951881408691,75.08837890625,127.610244750977,46.9715538024902
"2021-08-13",142.529037475586,156.840957641602,20.1429481506348,74.2094802856445,225.346328735352,164.698501586914,282.298736572266,86.0755996704102,48.5986747741699,76.3168563842773,128.226165771484,47.1196708679199
"2021-08-16",141.593566894531,157.673690795898,19.9054832458496,74.6541061401367,227.971267700195,164.949493408203,283.985717773438,86.9532012939453,47.8881301879883,76.4513473510742,129.118865966797,47.5041046142578
"2021-08-17",139.883010864258,156.167236328125,19.4145774841309,74.6630020141602,227.167343139648,162.098007202148,282.520385742188,85.6726303100586,47.5628356933594,76.7472534179688,129.333099365234,47.488353729248
"2021-08-18",138.608993530273,155.736831665039,18.9975090026855,75.0720672607422,224.3583984375,160.061004638672,280.791656494141,85.5830841064453,46.5612449645996,75.5905303955078,127.922653198242,46.9841613769531
"2021-08-19",137.450790405273,156.204696655273,19.7538242340088,75.1876831054688,224.300231933594,159.387496948242,286.625183105469,86.1472549438477,45.1401748657227,75.3932495117188,129.431304931641,47.3024291992188
"2021-08-20",137.842788696289,156.69123840332,20.769552230835,76.7261047363281,224.096817016602,159.997497558594,293.955657958984,87.3740844726562,45.1487426757812,75.5188064575195,129.520568847656,47.7246932983398
"2021-08-23",139.606842041016,157.982482910156,21.9090042114258,75.0542755126953,226.78955078125,163.293502807617,294.23583984375,87.1233444213867,47.0063972473145,75.4829406738281,128.860000610352,47.4095840454102
"2021-08-24",140.471008300781,158.497131347656,21.7443656921387,74.8230819702148,226.886444091797,165.289001464844,292.275177001953,86.5323104858398,47.3916244506836,75.7519378662109,127.815521240234,46.9211387634277
"2021-08-25",143.366470336914,159.264419555664,22.1634311676025,75.1698913574219,225.288223266602,164.958999633789,291.686126708984,86.1651611328125,47.4772300720215,76.1195831298828,127.360290527344,46.9400405883789
"2021-08-26",144.105941772461,158.469024658203,22.0187568664551,74.8706207275391,223.283218383789,165.800003051758,288.865905761719,86.1741104125977,46.8351860046387,75.9222869873047,127.137084960938,46.4327125549316
"2021-08-27",145.26416015625,159.095977783203,22.585485458374,74.5132904052734,225.385101318359,167.481506347656,289.474334716797,87.3024444580078,47.7426109313965,76.7920837402344,127.038902282715,46.1711463928223
"2021-08-30",142.938858032227,159.264419555664,22.6373710632324,74.9956817626953,223.970916748047,171.078506469727,293.212036132812,86.1024780273438,47.2204093933105,76.8996963500977,127.592353820801,46.5429916381836
"2021-08-31",142.502288818359,157.533355712891,22.3389854431152,75.0314178466797,221.907791137695,173.539505004883,291.560516357422,86.2726135253906,46.6725311279297,78.48681640625,127.110298156738,46.6690483093262
"2021-09-01",142.297409057617,156.026916503906,22.3948745727539,76.2374267578125,222.895767211914,173.949996948242,291.512237548828,86.3353118896484,46.0304832458496,79.0696792602539,128.404708862305,46.5682067871094
"2021-09-02",142.95671081543,157.318145751953,22.3499660491943,77.2558441162109,217.142227172852,173.156005859375,290.85546875,86.2815628051758,47.1519355773926,78.6840972900391,128.502914428711,46.8139953613281
"2021-09-03",142.092498779297,155.680694580078,22.7960414886475,76.5501022338867,218.043045043945,173.902496337891,290.845794677734,86.1741104125977,46.9721603393555,77.7874069213867,128.592193603516,47.0314254760742
"2021-09-07",141.843032836914,153.173004150391,22.6154174804688,75.9604873657227,219.166641235352,175.464492797852,289.918609619141,84.4099655151367,46.6982192993164,76.2988967895508,128.110122680664,46.4074897766113
"2021-09-08",141.210494995117,152.854888916016,22.2930812835693,77.220085144043,221.898086547852,176.274993896484,289.947601318359,84.4368591308594,46.2701835632324,77.1149063110352,129.083190917969,46.4673728942871
"2021-09-09",141.8251953125,151.142593383789,22.1314144134521,76.6840896606445,220.34831237793,174.207992553711,287.088806152344,83.478645324707,46.3044204711914,77.2135314941406,128.538619995117,46.1396331787109
"2021-09-10",140.194839477539,150.075866699219,22.4317932128906,75.8711624145508,217.849365234375,173.457504272461,285.601440429688,83.3891067504883,46.2102584838867,77.7246322631836,128.663604736328,45.9726333618164
"2021-09-13",142.422119140625,148.092224121094,22.1064605712891,75.5584716796875,217.578155517578,172.858505249023,286.837615966797,84.1771469116211,47.4001808166504,79.1055450439453,130.047286987305,45.7110862731934
"2021-09-14",139.936492919922,146.248916625977,22.1962814331055,75.6120758056641,216.028335571289,172.5,289.541900634766,83.4607467651367,46.7238960266113,78.4957962036133,129.824096679688,45.4715919494629
"2021-09-15",140.90754699707,150.225631713867,22.2950801849365,75.5852890014648,216.783874511719,173.789505004883,294.399993896484,83.5592498779297,48.2990531921387,77.9039611816406,129.547348022461,45.5503768920898
"2021-09-16",140.84521484375,149.046630859375,22.1962814331055,75.0403518676758,217.287567138672,174.412002563477,294.786376953125,83.2726821899414,47.7854118347168,78.7378921508789,128.645736694336,45.7016296386719
"2021-09-17",140.479934692383,147.399810791016,21.8549823760986,72.9320755004883,214.788558959961,173.126007080078,289.619201660156,82.9323959350586,47.2204093933105,76.9624710083008,128.851089477539,45.6070938110352
"2021-09-20",136.274810791016,146.43603515625,21.0696029663086,72.9767379760742,213.14192199707,167.786499023438,284.239593505859,82.5742034912109,45.9620056152344,76.8907241821289,127.556671142578,44.9800109863281
"2021-09-21",136.292587280273,144.648849487305,21.2023239135742,73.1822052001953,213.25813293457,167.181503295898,284.722595214844,82.4488296508789,45.9192047119141,77.0610885620117,127.753051757812,45.068244934082
"2021-09-22",138.90299987793,146.370513916016,21.8958950042725,73.1643524169922,215.757141113281,169.002502441406,288.373291015625,82.4219589233398,47.2632179260254,76.6127548217773,128.190475463867,44.9642524719238
"2021-09-23",143.598114013672,147.839553833008,22.4357852935791,72.6015472412109,221.142578125,170.800003051758,289.31982421875,82.0010681152344,48.8640594482422,76.8817520141602,128.717163085938,44.9894599914551
"2021-09-24",145.255233764648,145.9775390625,22.0356140136719,72.0923461914062,224.319610595703,171.276000976562,289.117065429688,81.9921112060547,49.3006477355957,74.6938400268555,128.14582824707,45.1155052185059
"2021-09-27",148.765426635742,145.1728515625,21.6154766082764,70.3592681884766,222.39208984375,170.289993286133,284.114135742188,81.2041015625,50.7645149230957,74.2365493774414,126.458656311035,44.8255996704102
"2021-09-28",147.963623046875,144.087432861328,20.6564540863037,69.0281753540039,218.478927612305,165.798004150391,273.828155517578,80.908561706543,51.2952728271484,74.514518737793,125.503479003906,44.2741432189941
"2021-09-29",147.84782409668,143.600860595703,20.4748249053955,69.9930038452148,219.563766479492,165.055999755859,274.291778564453,81.6160125732422,51.2610282897949,75.1332092285156,126.780006408691,44.2552261352539
"2021-09-30",145.834320068359,139.708389282227,20.6734142303467,70.1448516845703,215.757141113281,164.251998901367,272.282806396484,80.9443817138672,50.3536071777344,73.8868255615234,124.798225402832,43.9212036132812
"2021-10-01",148.899108886719,140.962249755859,20.6993637084961,70.7612609863281,223.225067138672,164.162994384766,279.217346191406,81.4369125366211,52.1598968505859,75.18701171875,124.601860046387,43.1869812011719
"2021-10-04",148.738723754883,138.819488525391,19.6914405822754,70.8952560424805,217.67497253418,159.488998413086,273.432159423828,80.8727340698242,52.8361892700195,75.0794372558594,123.896606445312,42.7710227966309
"2021-10-05",151.167694091797,141.532974243164,20.4089641571045,71.0024795532227,217.239120483398,161.050003051758,278.888946533203,81.7234878540039,52.7505798339844,73.2950134277344,124.378677368164,43.0514831542969
"2021-10-06",151.490341186523,141.944671630859,20.6574535369873,72.5211563110352,219.399078369141,163.100494384766,283.090301513672,82.7185592651367,51.7832298278809,74.6041793823242,126.039085388184,43.3666038513184
"2021-10-07",152.449295043945,144.021957397461,21.0316772460938,72.2888641357422,223.312240600586,165.121505737305,284.770843505859,81.7055511474609,51.9287567138672,74.3620681762695,127.047805786133,43.8770904541016
"2021-10-08",152.565856933594,143.685089111328,20.7881774902344,71.6545867919922,223.041046142578,164.430999755859,284.770843505859,81.5172653198242,53.2299728393555,74.1468734741211,126.521141052246,44.0094413757324
"2021-10-11",149.357177734375,142.749389648438,20.652458190918,69.5284652709961,218.043045043945,162.315002441406,284.172058105469,81.7593154907227,52.6992149353027,74.281364440918,127.047805786133,43.9684715270996
"2021-10-12",148.2099609375,141.869857788086,20.6285095214844,70.4575347900391,217.016342163086,162.366500854492,282.868194580078,81.1497192382812,52.4252700805664,74.6848754882812,126.860343933105,43.9212036132812
"2021-10-13",144.302108764648,143.526031494141,20.895959854126,71.6367492675781,215.476287841797,164.214004516602,286.180908203125,81.4186706542969,52.2797431945801,74.6848754882812,127.154937744141,43.6029281616211
"2021-10-14",146.515914916992,149.308624267578,21.701301574707,72.7712631225586,218.110870361328,164.99299621582,292.400756835938,80.6925201416016,53.0758857727051,75.2766876220703,128.592193603516,44.075611114502
"2021-10-15",149.330261230469,151.067718505859,21.8170623779297,72.9588775634766,223.738479614258,170.45100402832,293.810882568359,81.8041610717773,53.5809516906738,75.4201431274414,128.922454833984,44.2898941040039
"2021-10-18",149.276473999023,150.899276733398,22.1763210296631,72.3514175415039,223.409118652344,172.337005615234,296.785583496094,80.9883270263672,53.5552749633789,74.7476425170898,127.065658569336,44.6459808349609
"2021-10-19",151.086975097656,151.095825195312,22.2441806793213,73.2804870605469,226.189025878906,172.207504272461,297.693420410156,83.032341003418,54.3599739074707,75.38427734375,125.565979003906,45.5944938659668
"2021-10-20",153.12158203125,152.705169677734,22.0575675964355,74.9688873291016,224.154968261719,170.753005981445,296.901428222656,84.7177276611328,54.6595916748047,75.8415832519531,126.05696105957,46.0072898864746
"2021-10-21",151.920532226562,151.694595336914,22.6453552246094,74.8706207275391,223.012023925781,171.750503540039,300.136993408203,84.8342666625977,53.6665649414062,74.5593338012695,125.149726867676,46.2625465393066
"2021-10-22",153.964065551758,151.937896728516,22.6792831420898,75.4155502319336,223.970916748047,166.777496337891,298.591644287109,85.7217864990234,54.0346755981445,72.6673431396484,126.497062683105,46.7446746826172
"2021-10-25",153.211196899414,152.059555053711,23.1183815002441,75.299430847168,226.537750244141,166.018493652344,297.596832275391,86.376220703125,55.0876197814941,72.6135482788086,126.515022277832,47.2866744995117
"2021-10-26",153.623474121094,150.964782714844,24.6661930084229,76.3535690307617,224.542404174805,168.803497314453,299.509155273438,86.2865753173828,56.3631591796875,72.120361328125,128.311477661133,46.8738670349121
"2021-10-27",150.423751831055,149.823226928711,24.4007377624512,75.9426574707031,209.005935668945,169.624496459961,312.122802734375,84.5384368896484,54.8992919921875,73.7971649169922,127.395324707031,46.489429473877
"2021-10-28",152.691345214844,154.351959228516,24.8897323608398,77.2022323608398,203.25244140625,172.328506469727,313.262359619141,85.7845458984375,55.0533790588379,74.1827163696289,128.158798217773,46.7793312072754
"2021-10-29",152.270095825195,154.164855957031,25.5144424438477,76.2285079956055,205.121841430664,168.621505737305,320.283874511719,85.0583877563477,55.190357208252,72.0934753417969,128.437225341797,47.0849952697754
"2021-11-01",152.189422607422,153.771896362305,25.7739124298096,76.4607543945312,205.790145874023,165.905502319336,318.110809326172,84.8970260620117,56.1833801269531,73.9316558837891,128.122833251953,47.2015914916992
"2021-11-02",152.789947509766,160.593032836914,26.3467330932617,76.3088836669922,202.574417114258,165.637496948242,321.742279052734,84.825309753418,55.4899749755859,73.4295196533203,129.398330688477,47.1795272827148
"2021-11-03",152.843704223633,158.590682983398,26.543327331543,76.1481018066406,201.567031860352,169.199996948242,322.582611083984,85.3004379272461,54.7280731201172,74.263427734375,130.287567138672,47.3244895935059
"2021-11-04",150.836029052734,160.92057800293,29.7397403717041,75.7192916870117,202.225692749023,173.850006103516,324.939178466797,84.7804718017578,55.1389961242676,72.1562347412109,130.53010559082,47.6711196899414
"2021-11-05",150.620910644531,160.284301757812,29.6908416748047,76.4071578979492,209.867980957031,175.949493408203,324.572113037109,85.9190216064453,55.6611862182617,75.8595428466797,131.176818847656,47.3402404785156
"2021-11-08",151.526184082031,162.54866027832,30.7406787872314,75.5674133300781,213.568084716797,174.449005126953,325.470336914062,86.4300155639648,56.2604293823242,76.0030212402344,130.197769165039,47.0377349853516
"2021-11-09",150.378936767578,163.42822265625,30.5939807891846,75.8800888061523,206.690963745117,178.811492919922,324.465942382812,85.5693817138672,56.8083038330078,76.5679168701172,130.592956542969,47.2015914916992
"2021-11-10",150.23551940918,161.520492553711,29.3984489440918,76.1123428344727,209.160415649414,174.102493286133,319.491882324219,85.8024749755859,55.6891555786133,78.0205230712891,131.87744140625,46.776180267334
"2021-11-11",150.226577758789,159.687881469727,30.3275337219238,76.2642288208008,204.172988891602,173.625,321.066162109375,85.9369430541992,55.7932586669922,76.424446105957,131.500183105469,46.795093536377
"2021-11-12",149.554321289062,161.454696655273,30.3275337219238,77.1039581298828,205.793411254883,176.257507324219,325.209594726562,86.2148666381836,55.3681488037109,76.7113800048828,131.643890380859,46.5619010925293
"2021-11-15",149.285491943359,162.33805847168,29.9632835388184,78.0241088867188,205.997222900391,177.283996582031,324.581756591797,84.2515640258789,55.8453178405762,76.0701599121094,132.398422241211,46.2940444946289
"2021-11-16",148.2099609375,163.334243774414,30.1409168243408,77.7025146484375,208.791717529297,177.035003662109,327.904144287109,84.1618957519531,56.4092254638672,75.8624420166016,132.20979309082,45.1155052185059
"2021-11-17",147.412216186523,162.676391601562,29.2008476257324,78.4171676635742,198.97216796875,177.449996948242,328.126708984375,81.3379745483398,55.7932586669922,77.8673782348633,132.128936767578,44.7279090881348
"2021-11-18",146.139495849609,162.883163452148,31.6098937988281,78.2563705444336,197.293502807617,184.802993774414,330.20703125,81.3290252685547,55.1859664916992,77.8041687011719,132.146865844727,45.1123695373535
"2021-11-19",144.230377197266,161.924591064453,32.9172019958496,78.890625,194.896850585938,183.828506469727,331.987335205078,80.9524993896484,52.6353073120117,76.0340423583984,131.87744140625,44.8697242736816
"2021-11-22",147.304656982422,161.943359375,31.8903102874756,78.0419845581055,189.773590087891,178.628494262695,328.813629150391,82.5213470458984,53.3640670776367,75.8714752197266,132.757705688477,45.6228485107422
"2021-11-23",150.827056884766,162.178298950195,31.6807460784912,77.9972839355469,192.597198486328,179.001998901367,326.733367919922,84.7356414794922,54.7695236206055,77.4700241088867,134.230804443359,45.9474220275879
"2021-11-24",149.643997192383,160.655868530273,32.6068267822266,78.2530136108398,197.215881347656,179.020492553711,326.955902099609,85.7397155761719,55.0731735229492,78.6350555419922,133.530181884766,46.1774597167969
"2021-11-26",145.135665893555,157.423034667969,31.4382457733154,77.2480621337891,191.782135009766,175.227996826172,318.992797851562,84.7984085083008,53.1385078430176,73.9839553833008,132.46125793457,45.6606559753418
"2021-11-29",144.508239746094,157.300827026367,33.3074035644531,79.5541152954102,190.462478637695,178.078506469727,325.717498779297,85.1390686035156,53.4334831237793,74.0923309326172,133.853500366211,44.9453430175781
"2021-11-30",142.357162475586,152.301193237305,32.6088256835938,77.8671875,188.017318725586,175.353500366211,319.873199462891,83.3192138671875,51.9152336120605,71.9067535400391,129.865417480469,44.3151054382324
"2021-12-01",141.514663696289,151.746719360352,31.3742275238037,78.8183212280273,184.51448059082,172.186004638672,319.379730224609,83.4895324707031,51.8718528747559,71.6719436645508,131.500183105469,43.2153511047363
"2021-12-02",144.490325927734,156.595993041992,32.0638885498047,79.5182189941406,192.403121948242,171.86799621582,318.808929443359,86.0624542236328,53.1645355224609,74.1284561157227,132.272674560547,42.689094543457
"2021-12-03",141.873168945312,156.417465209961,30.6336574554443,78.9888000488281,190.491653442383,169.489501953125,312.538940429688,85.3631973266602,52.8261795043945,72.611213684082,134.626022338867,43.3319396972656
"2021-12-06",143.549209594727,159.603302001953,29.9789276123047,79.9937744140625,196.662796020508,171.368499755859,315.615875244141,86.7706756591797,53.4248085021973,74.9954452514648,136.664932250977,43.8014602661133
"2021-12-07",145.70930480957,160.317565917969,32.3643074035645,81.1243743896484,201.213562011719,176.164505004883,324.062896728516,86.7886047363281,54.0234222412109,76.5668869018555,136.3056640625,43.6596603393555
"2021-12-08",144.042205810547,159.687881469727,31.7644672393799,81.0436172485352,202.785491943359,176.158004760742,324.111297607422,85.273567199707,54.1795883178711,77.3977584838867,136.916458129883,43.2185020446777
"2021-12-09",143.818145751953,158.437973022461,30.4310493469238,80.6757278442383,205.114227294922,174.171005249023,322.301818847656,85.3900985717773,54.3183937072754,75.997917175293,137.715896606445,43.8196411132812
"2021-12-10",143.244522094727,160.195373535156,30.1396141052246,81.0077209472656,207.064529418945,172.212005615234,331.435913085938,85.2197494506836,54.6654205322266,74.6974105834961,139.638107299805,44.6200866699219
"2021-12-13",141.541534423828,159.48112487793,28.1065559387207,82.3177795410156,204.755157470703,169.567504882812,328.397674560547,86.681037902832,53.4681777954102,75.3567199707031,141.623184204102,45.423713684082
"2021-12-14",142.626037597656,154.913787841797,28.2822113037109,80.7834014892578,203.746078491211,169.091506958008,317.696197509766,87.0844345092773,53.3900947570801,74.2277908325195,142.144165039062,45.8571624755859
"2021-12-15",141.559509277344,159.067611694336,30.4001178741455,82.5510711669922,206.006881713867,173.315002441406,323.801605224609,91.2710342407227,53.1558494567871,74.9141616821289,142.692077636719,46.1197662353516
"2021-12-16",143.773300170898,158.635345458984,28.3321170806885,82.757453918457,208.005737304688,168.871002197266,314.367767333984,92.3557586669922,53.2426109313965,75.0496444702148,144.713073730469,45.350944519043
"2021-12-17",140.501846313477,155.129959106445,27.7472534179688,81.5999374389648,205.58967590332,170.017501831055,313.303375244141,91.8554077148438,52.0800704956055,75.1399536132812,141.4345703125,43.8987350463867
"2021-12-20",137.974334716797,154.180770874023,27.6654109954834,80.70263671875,202.542922973633,167.078994750977,309.539459228516,92.3557662963867,51.3252944946289,72.547981262207,141.793838500977,44.0410995483398
"2021-12-21",139.901336669922,157.169250488281,29.0187854766846,81.1602630615234,208.985763549805,170.417007446289,316.680267333984,92.0828475952148,52.4878234863281,74.6342010498047,141.703994750977,44.1739883422852
"2021-12-22",140.44807434082,156.69938659668,29.3431568145752,81.4743270874023,211.489196777344,171.037002563477,322.398681640625,92.0282745361328,52.9129333496094,74.9231872558594,143.105285644531,44.2309341430664
"2021-12-23",140.949996948242,157.921081542969,29.5826930999756,81.3845825195312,210.18896484375,171.068496704102,323.840270996094,92.1101531982422,52.9389686584473,74.7696762084961,143.805847167969,44.1328430175781
"2021-12-27",141.756637573242,160.392715454102,30.8851737976074,81.9409103393555,211.168960571289,169.669494628906,331.348815917969,93.9932708740234,53.6937484741211,75.8985748291016,145.48551940918,44.53466796875
"2021-12-28",142.186889648438,160.890777587891,30.2633762359619,82.4433975219727,211.576477050781,170.660995483398,330.187774658203,94.0205917358398,53.5202407836914,76.521728515625,146.266983032227,45.1737670898438
"2021-12-29",142.115173339844,161.370132446289,29.9429969787598,82.5420913696289,211.692932128906,169.20100402832,330.864959716797,94.5846099853516,53.0517463684082,76.8649291992188,147.479614257812,45.1516227722168
"2021-12-30",142.043472290039,161.097564697266,29.5288009643555,83.2419967651367,211.401840209961,168.644500732422,328.320220947266,93.7476577758789,52.7394218444824,77.5783920288086,146.204147338867,45.2971572875977
"2021-12-31",141.926986694336,162.413269042969,29.3541393280029,83.7714004516602,210.276290893555,166.716995239258,325.417510986328,93.3837585449219,53.0864524841309,77.4609680175781,146.931716918945,45.7780647277832
"2022-01-03",144.929458618164,158.503753662109,30.06276512146,82.2459869384766,214.85612487793,170.404495239258,323.898376464844,92.7924346923828,55.1252365112305,77.2713241577148,146.320892333984,45.7654075622559
"2022-01-04",150.423751831055,161.135177612305,29.2333717346191,81.3666381835938,215.855606079102,167.522003173828,318.344482421875,92.9380035400391,57.1987190246582,79.6013717651367,146.832901000977,44.9269828796387
"2022-01-05",147.673690795898,158.832672119141,27.550630569458,80.5142211914062,213.46858215332,164.356994628906,306.123901367188,93.6021041870117,57.9101181030273,78.5537490844727,147.497573852539,45.5344543457031
"2022-01-06",149.242553710938,159.208587646484,28.1235218048096,76.9609451293945,213.226013183594,163.253997802734,303.704925537109,95.8422088623047,59.2722053527832,79.1407852172852,146.257995605469,45.407886505127
"2022-01-07",150.721298217773,157.742553710938,27.1943244934082,77.5352020263672,210.518844604492,162.554000854492,303.859771728516,99.4209136962891,59.7580451965332,79.3214111328125,146.177200317383,45.8413467407227
"2022-01-10",150.865539550781,156.398635864258,27.3470268249512,75.6329345703125,205.676971435547,161.485992431641,304.082305908203,100.167633056641,59.4023399353027,79.0595092773438,144.183151245117,45.7527618408203
"2022-01-11",151.018844604492,157.657943725586,27.763219833374,76.0815734863281,208.015441894531,165.361999511719,304.769256591797,99.1841583251953,61.900936126709,77.9667282104492,142.512435913086,45.6230316162109
"2022-01-12",151.875427246094,161.135177612305,27.9448642730713,76.3507690429688,209.305999755859,165.207000732422,307.952606201172,100.031044006348,61.7187461853027,77.9486541748047,142.826797485352,45.3825836181641
"2022-01-13",151.686080932617,160.872024536133,26.5236225128174,76.1802825927734,208.617034912109,161.214004516602,294.919250488281,99.493782043457,61.2762870788574,79.2130279541016,142.180068969727,46.0248565673828
"2022-01-14",142.362930297852,160.627655029297,26.8899116516113,74.6548843383789,208.296829223633,162.138000488281,300.144195556641,99.9399642944336,62.3520812988281,79.0324096679688,143.545379638672,45.895133972168
"2022-01-18",136.393951416016,156.595993041992,25.8529205322266,72.9051513671875,209.305999755859,158.917495727539,292.838928222656,100.049247741699,63.4018211364746,78.7343978881836,140.778839111328,45.0915069580078
"2022-01-19",134.284042358398,153.551132202148,25.018533706665,74.1075439453125,208.306549072266,156.29899597168,293.496978759766,98.0094680786133,63.4278526306152,77.2442092895508,145.512496948242,45.540771484375
"2022-01-20",133.138961791992,151.361404418945,24.103307723999,74.9330368041992,207.986312866211,151.667495727539,291.823059082031,97.5905838012695,63.5666618347168,77.6506500244141,146.29817199707,44.6802024841309
"2022-01-21",130.81266784668,150.872711181641,23.3288078308105,74.1164932250977,199.816314697266,142.643005371094,286.433532714844,98.3646087646484,62.6123352050781,79.0324096679688,146.858062744141,44.3543281555176
"2022-01-24",130.69548034668,151.041885375977,23.3268165588379,73.5063323974609,195.857421875,144.544006347656,286.762573242188,100.058349609375,63.1502418518066,77.6867446899414,145.666015625,44.3574905395508
"2022-01-25",132.120086669922,147.959426879883,22.2808399200439,67.3867950439453,196.002975463867,139.985992431641,279.138061523438,99.5302124023438,65.0068283081055,77.2442092895508,144.076629638672,43.3925170898438
"2022-01-26",133.373397827148,148.711227416992,22.7279739379883,65.1794662475586,199.758087158203,138.872497558594,287.091491699219,98.0094680786133,64.3474731445312,75.7269744873047,142.821350097656,42.9495697021484
"2022-01-27",131.02001953125,146.061050415039,21.901575088501,65.0627975463867,200.029739379883,139.637496948242,290.120056152344,98.0185623168945,65.1716766357422,75.3386306762695,143.706359863281,42.9780387878418
"2022-01-28",132.192230224609,147.254547119141,22.7958431243896,65.053840637207,221.231109619141,143.977996826172,298.267120361328,99.0020446777344,65.3104629516602,75.916633605957,144.943572998047,43.5095748901367
"2022-01-31",133.986526489258,148.889801025391,24.4386615753174,70.0966262817383,219.455429077148,149.573501586914,300.898956298828,98.9474182128906,65.9004058837891,78.2376556396484,144.898376464844,44.2340927124023
"2022-02-01",136.285705566406,149.791976928711,24.590368270874,69.2980499267578,225.461624145508,151.193496704102,298.750915527344,98.4374618530273,70.1254806518555,76.4585113525391,144.257217407227,44.5821342468262
"2022-02-02",135.194717407227,151.690338134766,25.1931991577148,69.7466888427734,228.430770874023,150.612503051758,303.298522949219,99.6941146850586,69.9432983398438,76.6301040649414,146.840042114258,44.5631408691406
"2022-02-03",134.076675415039,147.386138916016,23.9017028808594,67.9879760742188,224.666015625,138.845504760742,291.484344482422,99.8944396972656,69.1277694702148,74.7425765991211,148.230758666992,44.6074295043945
"2022-02-04",137.557083129883,141.907180786133,24.2719860076904,68.2033386230469,221.609527587891,157.639495849609,296.022338867188,99.3207626342773,70.6286468505859,72.638298034668,145.873718261719,44.0822296142578
"2022-02-07",138.016906738281,141.089584350586,24.6801929473877,67.9072341918945,220.416061401367,157.935501098633,291.194122314453,99.3480682373047,71.478874206543,72.9092254638672,144.781005859375,43.6487770080566
"2022-02-08",140.613693237305,142.377105712891,25.0594577789307,67.7098159790039,221.1728515625,161.413497924805,294.687042236328,99.4391250610352,69.6309585571289,72.2409210205078,144.455932617188,43.6582679748535
"2022-02-09",141.199752807617,147.404922485352,26.6533699035645,68.7865600585938,224.015914916992,161.189498901367,301.121520996094,98.7379608154297,69.2976303100586,73.8755722045898,144.130767822266,43.5633544921875
"2022-02-10",140.613693237305,145.468994140625,25.7740726470947,67.7008514404297,219.248764038086,159.003494262695,292.577728271484,96.9895782470703,68.6309814453125,72.8640670776367,141.936340332031,43.0539703369141
"2022-02-11",138.783309936523,141.587661743164,23.9026985168457,67.2611770629883,218.374069213867,153.293502807617,285.475646972656,96.7072906494141,70.3590240478516,72.3492889404297,141.141632080078,42.8166885375977
"2022-02-14",137.49397277832,143.006744384766,24.2200870513916,67.2252807617188,219.005767822266,155.167007446289,285.436981201172,96.7164001464844,69.2800979614258,71.951904296875,141.548004150391,42.380069732666
"2022-02-15",139.504684448242,146.164443969727,26.4437789916992,67.3778228759766,221.416107177734,156.510498046875,290.729675292969,96.3248291015625,68.4116897583008,73.2975616455078,141.620239257812,42.5129508972168
"2022-02-16",139.75715637207,147.574111938477,26.4597434997559,67.5034408569336,222.387969970703,158.100494384766,290.390319824219,96.598030090332,68.7274551391602,75.7630996704102,142.694915771484,42.247184753418
"2022-02-17",136.538223266602,143.222885131836,24.4596214294434,67.6380233764648,218.296310424805,154.652496337891,281.887084960938,95.8239974975586,68.6221923828125,74.1826324462891,144.329437255859,43.9398574829102
"2022-02-18",137.178405761719,144.125061035156,23.5962944030762,66.5343780517578,216.430267333984,152.601501464844,279.172241210938,96.8985214233398,67.8590393066406,74.8328857421875,144.401718139648,43.6582679748535
"2022-02-22",136.934936523438,142.62141418457,23.3447799682617,66.2023620605469,215.098815917969,150.197494506836,278.968658447266,96.7528228759766,67.0695877075195,74.9231872558594,142.622650146484,43.1710319519043
"2022-02-23",134.067672729492,140.318969726562,22.3437175750732,64.8923263549805,209.87971496582,144.826995849609,271.745178222656,95.2685241699219,67.3414993286133,73.0537338256836,140.843551635742,42.7280960083008
"2022-02-24",130.33479309082,141.258743286133,23.7020854949951,67.6918792724609,211.191802978516,151.358001708984,285.629608154297,93.6840591430664,66.4906387329102,74.0742416381836,137.050689697266,42.5635719299316
"2022-02-25",133.418426513672,144.839309692383,24.1102981567383,69.2352294921875,213.106414794922,153.788497924805,288.266937255859,97.6543197631836,68.2800979614258,76.1424026489258,142.902603149414,43.1488914489746
"2022-02-28",127.855239868164,144.999069213867,24.337854385376,70.6201782226562,210.044952392578,153.563003540039,289.701904296875,96.4614410400391,68.7888565063477,75.7694320678711,140.780395507812,42.7628936767578
"2022-03-01",123.031349182129,137.631195068359,23.4316082000732,69.8713150024414,203.095947265625,151.141998291016,285.978759765625,94.0118637084961,69.4467620849609,74.9052124023438,138.450469970703,43.0255012512207
"2022-03-02",125.583030700684,143.006744384766,24.1772918701172,69.9705657958984,202.619750976562,152.052505493164,291.059295654297,95.5416946411133,70.6397247314453,76.7337341308594,138.883941650391,43.0792770385742
"2022-03-03",124.690399169922,145.638137817383,23.6721878051758,71.0893707275391,201.404876708984,147.898498535156,286.919219970703,95.6874008178711,71.0870895385742,77.6616363525391,139.398681640625,44.0695724487305
"2022-03-04",121.182952880859,140.760681152344,22.8955554962158,72.3705749511719,194.659927368164,145.641006469727,281.04345703125,97.6088027954102,73.7624969482422,79.2172241210938,140.103088378906,45.1864204406738
"2022-03-07",116.503349304199,137.010925292969,21.3143482208252,75.9525680541992,185.33952331543,137.453002929688,270.426605224609,96.9986801147461,76.4203796386719,79.0716781616211,138.026016235352,44.8225784301758
"2022-03-08",115.68285369873,137.396255493164,21.4760627746582,73.9405364990234,186.32112121582,136.014495849609,267.459625244141,94.4854049682617,76.9993286132812,80.354362487793,132.562393188477,43.8955574035645
"2022-03-09",120.317359924316,140.140426635742,22.9734230041504,72.4698486328125,194.144836425781,139.279006958008,279.724884033203,94.7950057983398,72.6221771240234,80.7455368041992,134.350479125977,44.123363494873
"2022-03-10",118.89274597168,140.03645324707,22.6180438995361,72.3254699707031,192.405166625977,146.817504882812,276.903381347656,95.3140563964844,74.8765258789062,82.2738342285156,130.891708374023,45.1263084411621
"2022-03-11",116.214813232422,138.826965332031,22.0610332489014,71.5495147705078,191.180572509766,145.524505615234,271.551300048828,96.1062927246094,74.4905700683594,82.9743118286133,129.338424682617,44.9491310119629
"2022-03-14",117.368942260742,140.282150268555,21.2923908233643,71.5314865112305,194.698822021484,141.852996826172,268.031707763672,96.2610931396484,71.8239288330078,82.755989074707,130.991058349609,45.575569152832
"2022-03-15",119.451766967773,141.992416381836,22.9324932098389,73.9675979614258,200.345489501953,147.366500854492,278.415985107422,97.7180557250977,67.7362442016602,82.0555038452148,135.705108642578,46.1229286193848
"2022-03-16",124.789573669434,144.893341064453,24.452808380127,74.4458084106445,205.914428710938,153.10400390625,285.435699462891,96.6526489257812,67.4818649291992,82.5194549560547,135.244506835938,45.9868850708008
"2022-03-17",126.367492675781,146.168960571289,24.7223320007324,74.6082077026367,207.45002746582,157.238998413086,286.240447998047,99.7305297851562,69.2800979614258,83.7020721435547,135.668975830078,46.056755065918
"2022-03-18",126.322395324707,147.009918212891,26.4063568115234,74.3194808959961,212.950912475586,161.250503540039,291.2919921875,101.278594970703,69.0081558227539,83.8476257324219,135.596710205078,46.1933250427246
"2022-03-21",125.916648864746,146.083938598633,26.6868572235107,73.8051834106445,210.939071655273,161.491500854492,290.060668945312,102.152770996094,72.1046371459961,84.3297653198242,136.111465454102,45.8090171813965
"2022-03-22",128.594573974609,146.698150634766,26.4772300720215,74.7525634765625,212.328887939453,164.889007568359,294.811614990234,103.21817779541,71.7888336181641,84.2570037841797,137.159057617188,45.6724433898926
"2022-03-23",126.033874511719,144.033447265625,25.5888004302979,74.4999313354492,208.645462036133,163.408004760742,290.380523681641,103.810089111328,72.9204025268555,84.4480514526367,136.201782226562,45.0848731994629
"2022-03-24",126.854377746582,144.761032104492,28.10036277771,75.5194931030273,211.201568603516,163.649505615234,294.850402832031,103.901145935059,73.1396789550781,86.1128005981445,136.436584472656,45.3643684387207
"2022-03-25",127.963424682617,145.687057495117,27.6431713104248,75.7360305786133,212.290008544922,164.773498535156,294.443115234375,106.241439819336,74.7361907958984,87.5319442749023,138.016967773438,45.5612869262695
"2022-03-28",127.016677856445,145.715408325195,28.1692409515381,76.1781387329102,214.564254760742,168.990493774414,301.249633789062,106.432647705078,72.6397018432617,87.5683364868164,138.965179443359,46.3711929321289
"2022-03-29",127.296195983887,148.8525390625,28.6054706573486,76.3495864868164,221.70768737793,169.315002441406,305.816314697266,105.804351806641,72.2537536621094,89.4332122802734,140.392059326172,46.7618560791016
"2022-03-30",126.719116210938,146.896575927734,27.6411743164062,77.1435699462891,217.654876708984,166.300994873047,304.3134765625,106.696746826172,73.4905776977539,89.0238647460938,139.425735473633,47.6003532409668
"2022-03-31",122.914169311523,143.400360107422,27.2378902435303,76.430778503418,215.5361328125,162.997497558594,298.932342529297,103.800987243652,72.4467315673828,87.4591674804688,137.989898681641,47.2986183166504
"2022-04-01",122.003463745117,143.447601318359,26.6648998260498,77.3330383300781,219.997131347656,163.559997558594,300.008575439453,104.89372253418,72.9116516113281,88.9874496459961,140.057922363281,47.9624252319336
"2022-04-04",122.544464111328,142.606628417969,27.3117542266846,77.2518310546875,221.338348388672,168.346496582031,305.389770507812,103.901145935059,72.9467086791992,88.8510055541992,139.145797729492,47.9719543457031
"2022-04-05",121.118370056152,138.534042358398,25.885274887085,77.8924560546875,219.734710693359,164.054992675781,301.424133300781,104.019538879395,72.5695419311523,87.0498123168945,139.633453369141,48.108528137207
"2022-04-06",119.437934875488,136.880462646484,24.3639621734619,78.0368118286133,212.853729248047,158.755996704102,290.390319824219,106.516799926758,73.3765411376953,88.2960891723633,141.629272460938,49.2265167236328
"2022-04-07",119.074584960938,137.834808349609,24.1653099060059,78.5691375732422,210.074142456055,157.78450012207,292.203399658203,108.94115447998,74.6045989990234,87.5956115722656,143.462509155273,49.7188148498535
"2022-04-08",121.254608154297,137.182800292969,23.0782318115234,77.6759033203125,210.880798339844,154.460494995117,287.937164306641,108.011520385742,76.1747589111328,88.2233123779297,144.58235168457,49.9951324462891
"2022-04-11",120.809539794922,134.433120727539,21.8783512115479,76.3134613037109,208.713485717773,151.121994018555,276.583435058594,107.938613891602,73.5519866943359,87.6683959960938,144.031478881836,49.0041885375977
"2022-04-12",119.483345031738,133.063018798828,21.4660835266113,75.69091796875,205.457641601562,150.787506103516,273.480712890625,105.085899353027,75.0870513916016,87.8412246704102,143.597991943359,48.6675186157227
"2022-04-13",115.631980895996,133.960662841797,22.1638526916504,75.3841247558594,207.275085449219,155.541000366211,278.871612548828,103.819030761719,76.1484527587891,88.1505432128906,144.004333496094,49.9347839355469
"2022-04-14",114.560134887695,132.203140258789,21.220516204834,74.7164688110352,206.808547973633,151.706497192383,271.318603515625,102.17847442627,77.0431747436523,87.3591003417969,143.200607299805,49.8903198242188
"2022-04-18",116.685668945312,132.911834716797,21.7445907592773,73.7239837646484,207.177886962891,152.785003662109,271.987609863281,99.9272766113281,77.6747436523438,87.7775497436523,141.836990356445,49.5091857910156
"2022-04-19",119.101852416992,137.740341186523,22.1588592529297,73.8322830200195,209.636779785156,158.115493774414,276.622222900391,101.303520202637,76.9817733764648,88.0413665771484,143.959197998047,50.0713577270508
"2022-04-20",119.519676208496,141.151473999023,21.4441223144531,73.5435409545898,211.668014526367,153.998001098633,277.649963378906,103.026092529297,77.1572036743164,88.7054748535156,147.788223266602,50.7002258300781
"2022-04-21",118.593162536621,141.69010925293,20.1474094390869,68.7344665527344,210.365692138672,148.296005249023,272.268798828125,103.007865905762,76.3414306640625,88.5144195556641,147.672927856445,50.7764587402344
"2022-04-22",115.186882019043,137.995452880859,19.4805870056152,66.722412109375,202.318405151367,144.350006103516,265.695007324219,98.7424545288086,74.6747817993164,86.3675308227539,146.437850952148,49.8204460144043
"2022-04-25",115.150535583496,138.968734741211,19.8669109344482,66.8036193847656,204.048385620117,146.074005126953,272.181579589844,100.765777587891,72.1572647094727,86.9315414428711,147.618438720703,49.8458518981934
"2022-04-26",111.744262695312,135.859954833984,18.7548713684082,66.3795700073242,195.447158813477,139.391006469727,262.0009765625,98.8062515258789,72.1835861206055,86.6586151123047,145.111953735352,49.3249702453613
"2022-04-27",110.290916442871,137.683654785156,18.382532119751,66.1088714599609,208.09147644043,138.167007446289,274.60546875,97.4755859375,74.2449493408203,84.8210220336914,144.721450805664,48.9883079528809
"2022-04-28",112.03491973877,139.734115600586,19.7471179962158,66.307373046875,214.45735168457,144.596496582031,280.820526123047,100.63818359375,76.4905471801758,85.9126663208008,148.399444580078,49.6140060424805
"2022-04-29",108.419738769531,137.031631469727,18.5142955780029,64.0787887573242,207.139022827148,124.28150177002,269.078796386719,97.8492736816406,74.7800369262695,82.6104278564453,145.802139282227,48.5912895202637
"2022-05-02",109.409820556641,138.430099487305,19.4985580444336,63.0411911010742,205.583999633789,124.5,275.817413330078,100.556159973145,75.7975769042969,81.9827499389648,143.831481933594,48.2705039978027
"2022-05-03",111.753356933594,138.505706787109,19.5674324035645,63.8442115783691,202.697479248047,124.25350189209,273.209259033203,102.28784942627,77.3589706420898,82.5012741088867,141.860824584961,48.4388389587402
"2022-05-04",115.450302124023,141.671157836914,20.2981452941895,65.9193878173828,208.489959716797,125.928497314453,281.159881591797,105.578048706055,80.4378967285156,82.0737152099609,142.905197143555,49.109001159668
"2022-05-05",112.56177520752,140.206588745117,18.8107738494873,64.8186264038086,199.470794677734,116.406997680664,268.913970947266,102.45191192627,79.2185821533203,81.8462905883789,140.271545410156,48.6882286071777
"2022-05-06",112.38011932373,139.176574707031,18.6420669555664,65.387077331543,197.118865966797,114.772499084473,266.373687744141,99.7632293701172,80.4291152954102,80.4453201293945,141.67008972168,47.6745529174805
"2022-05-09",110.69059753418,139.809707641602,16.9201164245605,63.7991027832031,187.574859619141,108.789001464844,256.532470703125,99.1161346435547,74.0870742797852,79.1990432739258,141.315948486328,48.2324028015137
"2022-05-10",107.992805480957,133.214172363281,17.5639762878418,63.1494522094727,188.138549804688,108.859001159668,261.302795410156,98.6786499023438,74.5782699584961,78.0527877807617,140.571228027344,47.5534248352051
"2022-05-11",107.311569213867,133.05354309082,16.6006717681885,63.3389320373535,191.190292358398,105.372001647949,252.625015258789,98.3140869140625,76.1309127807617,79.1353378295898,138.591506958008,47.05615234375
"2022-05-12",107.220718383789,134.716720581055,16.1464748382568,61.8141059875488,188.877639770508,106.93049621582,247.583160400391,99.1616897583008,76.4765396118164,79.2172241210938,138.02848815918,47.0115165710449
"2022-05-13",108.174491882324,134.317535400391,17.6747798919678,62.9780158996582,193.999557495117,113.055000305176,253.177673339844,98.2685165405273,78.7450942993164,80.390739440918,139.508712768555,47.1932220458984
"2022-05-16",107.420562744141,132.08415222168,17.2335586547852,63.2667350769043,192.616821289062,110.810501098633,253.546127319336,100.027534484863,80.5971984863281,80.827392578125,140.87092590332,47.2442169189453
"2022-05-17",110.981262207031,136.265823364258,18.1449489593506,64.9810409545898,198.644302368164,115.368499755859,258.704315185547,101.339988708496,81.6251602172852,81.5642547607422,140.471328735352,41.8698425292969
"2022-05-18",109.082832336426,129.746215820312,16.9081287384033,64.0607452392578,194.73957824707,107.112503051758,246.925582885742,101.987091064453,80.3313522338867,80.2542953491211,131.716857910156,39.0264472961426
"2022-05-19",107.465980529785,129.328048706055,17.093807220459,63.5735130310059,192.188369750977,107.319000244141,246.012069702148,100.63818359375,80.7655639648438,79.6174926757812,128.683654785156,37.9553985595703
"2022-05-20",106.584869384766,127.48429107666,16.6645622253418,64.2592315673828,193.804809570312,107.591003417969,245.448364257812,101.157699584961,81.4036254882812,80.1542205810547,128.765411376953,37.9968414306641
"2022-05-23",113.179458618164,129.97428894043,16.8682022094727,65.4592590332031,202.110855102539,107.556999206543,253.310577392578,102.934959411621,83.2025375366211,80.3465881347656,131.725952148438,39.0806427001953
"2022-05-24",114.778137207031,127.189697265625,16.1255149841309,67.3720397949219,197.310272216797,104.099998474121,252.3095703125,104.566383361816,83.6545104980469,80.9969787597656,134.068969726562,39.5683479309082
"2022-05-25",115.577476501465,127.427284240723,16.9450664520264,67.4803085327148,198.488525390625,106.775001525879,255.127914428711,105.377555847168,85.3382186889648,81.4824676513672,131.871246337891,39.3260917663574
"2022-05-26",117.575813293457,129.518127441406,17.8195190429688,67.7058868408203,203.07487487793,111.077499389648,258.412689208984,106.462127685547,85.6395263671875,81.1435470581055,133.02458190918,40.1644401550293
"2022-05-27",119.238090515137,132.88249206543,18.7778358459473,70.2602157592773,207.291229248047,115.146499633789,265.546051025391,109.679405212402,86.4813766479492,82.6000671386719,135.058822631836,40.9549827575684
"2022-05-31",120.11009979248,131.723007202148,18.6390743255615,68.6813278198242,206.599853515625,120.209503173828,264.214721679688,108.804443359375,85.0723571777344,81.610725402832,134.295989990234,41.0027923583984
"2022-06-01",118.002746582031,130.886703491211,18.2876968383789,69.1168899536133,204.41862487793,121.68399810791,264.749176025391,107.975074768066,86.7029266357422,80.7588272094727,132.261779785156,39.9891166687012
"2022-06-02",119.901191711426,133.832885742188,19.5574531555176,71.2492828369141,209.404205322266,125.511001586914,266.848388671875,108.804443359375,86.5522689819336,81.4092178344727,133.687576293945,40.6457862854004
"2022-06-03",118.229850769043,133.386199951172,18.6869926452637,71.4035568237305,207.067230224609,122.349998474121,262.416748046875,108.558372497559,87.8106384277344,80.6122436523438,132.48876953125,39.9476737976074
"2022-06-06",117.839241027832,134.346054077148,18.7528762817383,72.7646636962891,207.349609375,124.790000915527,261.182525634766,109.433334350586,87.5890884399414,79.8244400024414,131.971130371094,39.8042411804199
"2022-06-07",118.148094177246,138.195129394531,18.8926315307617,72.3926315307617,208.868667602539,123,264.826904296875,110.454109191895,91.6034469604492,81.8031005859375,133.442367553711,39.3260917663574
"2022-06-08",116.26781463623,137.311248779297,18.6190547943115,71.2220840454102,207.894927978516,121.180000305176,262.795776367188,109.032302856445,92.6845626831055,78.761848449707,131.780426025391,38.9850120544434
"2022-06-09",113.824363708496,135.429504394531,18.0199871063232,70.1785583496094,200.698928833008,116.150001525879,257.333984375,105.304626464844,90.6818389892578,76.2426910400391,129.401123046875,38.5769920349121
"2022-06-10",108.592330932617,130.230926513672,16.9476509094238,68.880973815918,194.272201538086,109.650001525879,245.866287231445,103.500022888184,89.0246810913086,75.1800689697266,128.910690307617,38.7937507629395
"2022-06-13",105.358604431152,126.258316040039,15.6227111816406,65.7050704956055,187.212524414062,103.669998168945,235.438385009766,103.481803894043,84.9394378662109,71.3143539428711,125.459739685059,38.063777923584
"2022-06-14",103.605522155762,124.043914794922,15.8114185333252,64.8611679077148,188.439468383789,102.309997558594,237.605606079102,102.45191192627,85.1609878540039,70.9479293823242,121.545669555664,38.0797157287598
"2022-06-15",104.831787109375,124.50959777832,16.5013446807861,67.3202362060547,191.010162353516,107.669998168945,244.670883178711,102.59774017334,84.0887222290039,71.8639831542969,120.337837219238,38.0542144775391
"2022-06-16",103.033271789551,119.852737426758,15.5767822265625,64.3076400756836,184.086837768555,103.660003662109,238.072082519531,100.446792602539,80.9871292114258,71.1769561767578,121.073463439941,38.4494895935059
"2022-06-17",102.669914245605,119.2919921875,15.8553485870361,64.2532119750977,185.021606445312,106.220001220703,240.676620483398,99.854377746582,76.3170013427734,71.1311264038086,120.201622009277,37.7067565917969
"2022-06-21",105.213279724121,119.881248474121,16.5402851104736,65.9954223632812,189.28662109375,108.680000305176,246.595184326172,102.242279052734,81.0668716430664,72.0746765136719,123.843254089355,38.9435653686523
"2022-06-22",104.622863769531,119.957275390625,16.334602355957,67.7739410400391,188.731582641602,108.949996948242,246.002319335938,101.941513061523,77.8589401245117,73.0731582641602,125.777618408203,38.4717979431152
"2022-06-23",103.478355407715,120.594039916992,16.1998119354248,70.0515213012695,191.477523803711,112.440002441406,251.570999145508,100.027534484863,75.5105895996094,74.8503036499023,129.228546142578,39.4057846069336
"2022-06-24",106.566719055176,125.288925170898,17.0994148254395,70.7955780029297,200.114669799805,116.459999084473,260.162078857422,105.714767456055,77.0082168579102,76.3617782592773,131.090240478516,39.4376564025879
"2022-06-27",105.712867736816,125.688079833984,16.8428134918213,70.6776275634766,198.215881347656,113.220001220703,257.431182861328,106.234260559082,78.895751953125,76.1877059936523,130.091262817383,39.5651588439941
"2022-06-28",105.204223632812,122.903465270996,15.9571924209595,69.3618927001953,192.918701171875,107.400001525879,249.257995605469,105.195251464844,81.0845947265625,75.9220657348633,127.975318908691,39.0073204040527
"2022-06-29",104.731880187988,120.955177307129,15.5178747177124,68.9626312255859,194.262435913086,108.919998168945,252.931579589844,103.572944641113,78.0893325805664,76.2426910400391,129.137756347656,38.8638725280762
"2022-06-30",102.288429260254,119.738693237305,15.1354713439941,70.2874526977539,191.720977783203,106.209999084473,249.59814453125,105.969947814941,75.8916244506836,75.4365768432617,130.581665039062,38.7555046081543
"2022-07-01",103.59642791748,121.05020904541,14.5004558563232,73.1003952026367,193.950866699219,109.559997558594,252.270690917969,107.984191894531,77.584228515625,76.224365234375,132.688583374023,39.090202331543
"2022-07-05",103.202392578125,120.394439697266,14.940770149231,71.78466796875,195.275131225586,113.5,255.448654174805,106.762893676758,75.1561126708984,75.4457473754883,131.408096313477,39.6066017150879
"2022-07-06",102.53343963623,121.648956298828,15.1065158843994,72.2020568847656,195.839935302734,114.330001831055,258.713989257812,109.499450683594,73.8002777099609,74.8136520385742,132.634094238281,39.8871154785156
"2022-07-07",105.12678527832,123.16007232666,15.8333835601807,72.9370422363281,197.475814819336,116.330001831055,260.84228515625,110.028541564941,76.1574935913086,74.8594589233398,132.588684082031,39.9476737976074
"2022-07-08",104.796905517578,121.477874755859,15.8134164810181,72.819091796875,198.225631713867,115.540000915527,260.123199462891,109.809608459473,76.2815475463867,75.2167205810547,131.698684692383,39.9731826782227
"2022-07-11",103.422332763672,121.506401062012,15.1284790039062,73.2092971801758,199.676498413086,111.75,257.061859130859,109.754867553711,75.8916244506836,75.2167205810547,132.624969482422,39.9891166687012
"2022-07-12",103.523132324219,120.584518432617,15.0585870742798,72.5468673706055,199.442779541016,109.220001220703,246.527130126953,106.771995544434,74.8813934326172,75.5190200805664,131.453491210938,39.8679885864258
"2022-07-13",102.551773071289,119.482078552246,15.1404619216919,72.8281784057617,198.790374755859,110.400001525879,245.603851318359,107.109519958496,75.1827087402344,75.0335083007812,132.316223144531,39.9636154174805
"2022-07-14",98.9687194824219,118.835830688477,15.3481369018555,72.7101898193359,200.504180908203,110.629997253418,246.925582885742,102.466453552246,73.6762161254883,73.3754730224609,131.925750732422,40.7445945739746
"2022-07-15",103.50479888916,122.589836120605,15.7375335693359,71.4216995239258,204.525756835938,113.550003051758,249.491226196289,105.887184143066,74.9168548583984,74.4014511108398,131.744094848633,41.1430511474609
"2022-07-18",102.44181060791,120.584518432617,16.0760097503662,70.3328170776367,201.770080566406,113.76000213623,247.090759277344,100.605590820312,76.2992706298828,74.0075302124023,130.145751953125,41.0474281311035
"2022-07-19",104.980163574219,125.735580444336,16.9656295776367,71.621337890625,208.050750732422,118.209999084473,252.22216796875,102.128952026367,78.2222595214844,75.2350387573242,130.808715820312,41.2992477416992
"2022-07-20",104.961845397949,127.208686828613,17.7793598175049,71.0677947998047,207.768325805664,122.769996643066,254.884948730469,101.563400268555,79.0818481445312,74.5571746826172,128.547439575195,41.6435089111328
"2022-07-21",105.676612854004,130.525527954102,18.0219802856445,71.5668869018555,210.514297485352,124.629997253418,257.382598876953,101.517784118652,77.7614669799805,74.5022048950195,128.669021606445,42.2523574829102
"2022-07-22",105.163436889648,129.869781494141,17.2921199798584,72.819091796875,208.089645385742,122.419998168945,253.028762817383,101.426559448242,77.167724609375,75.8762893676758,130.725616455078,42.143970489502
"2022-07-25",105.584983825684,130.297439575195,16.9975757598877,73.4814987182617,208.644714355469,121.139999389648,251.541809082031,102.749237060547,79.7376098632812,77.057991027832,131.612243652344,42.0834121704102
"2022-07-26",103.935508728027,132.236251831055,16.5073375701904,72.5105895996094,206.911437988281,114.809997558594,244.80696105957,102.703628540039,79.4274597167969,77.7908096313477,131.8681640625,38.8830070495605
"2022-07-27",105.603302001953,134.640701293945,17.7623863220215,72.9370422363281,204.944442749023,120.970001220703,261.172760009766,103.187088012695,81.1466217041016,77.4335632324219,133.120376586914,40.3525161743164
"2022-07-28",105.209274291992,139.002914428711,17.9560794830322,76.7118606567383,205.801376342773,122.279998779297,268.626861572266,104.163154602051,82.094841003418,78.761848449707,135.332336425781,41.3598175048828
"2022-07-29",105.713264465332,141.027252197266,18.1348056793213,76.6664810180664,206.541397094727,134.949996948242,272.834899902344,104.956748962402,85.8965072631836,79.0916137695312,126.968902587891,42.0929679870605
"2022-08-01",104.659423828125,140.181427001953,18.4123764038086,77.4105453491211,205.811096191406,135.389999389648,270.181762695312,103.314796447754,83.7253723144531,78.761848449707,130.615936279297,42.2491722106934
"2022-08-02",103.028266906738,139.126510620117,18.497241973877,77.7372283935547,200.845001220703,134.160003662109,267.081604003906,103.250946044922,83.362060546875,76.6457595825195,129.74755859375,42.2938003540039
"2022-08-03",104.109596252441,141.321868896484,18.8636722564697,78.4540634155273,203.006698608398,139.520004272461,274.516174316406,104.673957824707,80.6592254638672,75.4915466308594,132.425720214844,41.5988883972168
"2022-08-04",102.964141845703,141.331390380859,19.185173034668,79.8333206176758,207.865707397461,142.570007324219,275.662933349609,106.52571105957,77.2652053833008,74.1999053955078,132.215454101562,40.0273704528809
"2022-08-05",106.079803466797,141.274337768555,18.9595279693604,79.8333206176758,210.202697753906,140.800003051758,274.943786621094,107.893997192383,78.3817749023438,73.9067611694336,132.279479980469,40.3493194580078
"2022-08-08",104.787719726562,140.590103149414,17.7653789520264,79.4159164428711,207.719650268555,139.410003662109,272.426666259766,108.085556030273,78.8248519897461,74.7495269775391,132.782165527344,40.677661895752
"2022-08-09",105.731597900391,139.145492553711,17.0594749450684,80.686279296875,204.739974975586,137.830001831055,274.350952148438,109.15283203125,80.2781753540039,75.7205429077148,132.471389770508,41.0793037414551
"2022-08-10",108.489891052246,141.930114746094,18.0689067840576,81.4666442871094,206.531692504883,142.690002441406,281.017761230469,110.274810791016,81.040283203125,76.3159790039062,133.7236328125,41.1653633117676
"2022-08-11",110.093544006348,142.809234619141,17.9141483306885,81.1490707397461,205.90251159668,140.639999389648,278.938049316406,109.882568359375,83.384635925293,74.4105987548828,132.773025512695,41.5623626708984
"2022-08-12",111.917121887207,145.666366577148,18.6799602508545,82.0927734375,206.146377563477,143.550003051758,283.690338134766,111.077537536621,84.1093902587891,75.7480392456055,134.061828613281,42.3307266235352
"2022-08-15",112.219535827637,145.647262573242,19.0024547576904,82.5736770629883,211.111526489258,143.179992675781,285.206451416016,111.29647064209,82.6061630249023,74.8319778442383,135.78938293457,42.4523849487305
"2022-08-16",113.291694641113,146.29704284668,18.8496990203857,82.1472015380859,211.813842773438,144.779998779297,284.467834472656,111.734336853027,81.8366317749023,73.8884582519531,137.041595458984,44.6198234558105
"2022-08-17",112.338676452637,145.236373901367,18.3065376281738,81.8477478027344,209.25813293457,142.100006103516,283.717895507812,115.903038024902,82.4987716674805,74.722053527832,136.410903930664,44.6678428649902
"2022-08-18",111.468101501465,146.535949707031,18.7438621520996,81.8840713500977,209.970184326172,142.300003051758,282.597961425781,116.952056884766,84.4493789672852,73.2838592529297,136.895324707031,44.5237770080566
"2022-08-19",108.709823608398,144.137466430664,17.8212947845459,81.4031295776367,207.599807739258,138.229995727539,278.682800292969,116.286155700684,84.1809844970703,72.8991088867188,136.858779907227,43.8674583435059
"2022-08-22",106.913726806641,140.229202270508,17.0075607299805,80.3414688110352,203.493072509766,133.220001220703,270.502044677734,114.881393432617,84.1183319091797,73.0560302734375,136.4931640625,43.0830841064453
"2022-08-23",105.859893798828,139.808776855469,17.1543292999268,79.8333206176758,201.727493286133,133.619995117188,269.226287841797,113.476615905762,87.6885070800781,71.2190322875977,133.860717773438,42.9006004333496
"2022-08-24",106.116485595703,139.053848266602,17.1952667236328,80.495735168457,201.600677490234,133.800003051758,268.593200683594,114.461791992188,88.2074890136719,71.5513534545898,133.284896850586,43.2111511230469
"2022-08-25",108.636520385742,141.471435546875,17.8851909637451,81.1127548217773,204.673385620117,137.279998779297,271.573303222656,115.32836151123,88.663818359375,72.7791137695312,133.175216674805,43.4992828369141
"2022-08-26",105.08097076416,134.811141967773,16.2347621917725,79.9059066772461,197.913375854492,130.75,261.094116210938,114.169868469238,87.5721969604492,71.3851776123047,130.058319091797,42.1322364807129
"2022-08-29",104.824371337891,134.457611083984,15.7764730453491,79.3451538085938,197.367095947266,129.789993286133,258.308776855469,114.042175292969,89.5854415893555,70.9882583618164,129.509918212891,42.5420265197754
"2022-08-30",104.842720031738,133.052917480469,15.4439907073975,78.1415863037109,196.4404296875,128.729995727539,256.107696533203,113.330657958984,86.1763229370117,70.2589797973633,128.129745483398,42.4139633178711
"2022-08-31",104.219589233398,130.568435668945,15.0705690383911,77.5580368041992,193.8359375,126.769996643066,254.646865844727,111.880271911621,85.532096862793,70.7574768066406,126.082275390625,42.4363670349121
"2022-09-01",104.934364318848,132.60383605957,13.9153661727905,78.6521835327148,195.221084594727,127.819999694824,253.604782104492,112.838088989258,83.9930648803711,70.6928405761719,127.636131286621,43.0542755126953
"2022-09-02",104.201240539551,131.199111938477,13.6258163452148,77.6035995483398,192.909210205078,127.51000213623,249.378051757812,111.661354064941,85.532096862793,70.00048828125,125.369346618652,42.5804405212402
"2022-09-06",104.228736877441,132.307586669922,13.4440984725952,79.6642913818359,193.767669677734,126.110000610352,246.641372680664,111.725204467773,84.9594268798828,70.4159088134766,123.970863342285,42.3691482543945
"2022-09-07",106.208122253418,134.992721557617,13.6967802047729,82.2811737060547,195.503967285156,129.479995727539,251.355072021484,116.030731201172,84.2346572875977,71.6990661621094,125.844619750977,43.4576606750488
"2022-09-08",108.682327270508,136.875198364258,13.9724349975586,82.3085250854492,195.786865234375,129.820007324219,251.773834228516,117.873382568359,84.9236526489258,70.4989929199219,126.009162902832,43.6785774230957
"2022-09-09",109.204666137695,139.235458374023,14.3689365386963,81.9711532592773,200.166702270508,133.270004272461,257.558807373047,117.38077545166,86.3463439941406,71.6252059936523,127.928657531738,43.8098335266113
"2022-09-12",110.496757507324,141.050994873047,14.4867877960205,82.8008728027344,201.561660766602,136.449996948242,259.691711425781,117.763916015625,87.3395538330078,72.2437057495117,128.970657348633,44.2036247253418
"2022-09-13",106.657135009766,136.177612304688,13.1145124435425,81.0228576660156,194.772354125977,126.819999694824,245.414260864258,115.583793640137,85.2994384765625,69.4281768798828,126.301651000977,43.2911911010742
"2022-09-14",106.409713745117,136.741409301758,13.1115159988403,81.0411148071289,194.518753051758,128.550003051758,245.638259887695,116.796966552734,87.3932418823242,68.2927398681641,126.60326385498,43.1951370239258
"2022-09-15",108.013381958008,134.839828491211,12.9127655029297,78.4242477416992,190.577835083008,126.279998779297,238.976745605469,115.930397033691,84.8520660400391,67.1480484008789,125.625259399414,42.7309188842773
"2022-09-16",107.289451599121,132.126007080078,13.1814289093018,77.3118286132812,188.558609008789,123.529998779297,238.353454589844,113.92357635498,83.4025039672852,67.2219009399414,126.393074035645,42.6412734985352
"2022-09-19",108.279121398926,133.989349365234,13.3651990890503,79.1810302734375,188.392776489258,124.660003662109,238.139175415039,116.112838745117,83.3935623168945,65.7633743286133,126.127983093262,43.0062561035156
"2022-09-20",106.14395904541,132.995574951172,13.1594581604004,78.1324615478516,187.358810424805,122.190002441406,236.123199462891,114.115142822266,82.7135314941406,64.2125091552734,125.68009185791,42.7565231323242
"2022-09-21",103.08325958252,131.705581665039,13.2443504333496,76.5641632080078,182.432647705078,118.540000915527,232.71452331543,110.703544616699,81.3803024291992,63.6863288879395,124.06226348877,43.1471138000488
"2022-09-22",101.910293579102,129.125534057617,12.5452260971069,76.1720886230469,181.232833862305,117.309997558594,234.691543579102,111.670471191406,81.0402908325195,63.0032196044922,124.501007080078,42.7052993774414
"2022-09-23",100.013389587402,128.17951965332,12.500283241272,75.2420349121094,179.447692871094,113.779998779297,231.711410522461,110.858627319336,76.7274398803711,61.5816116333008,123.925155639648,41.6391944885254
"2022-09-26",97.8599319458008,127.596633911133,12.2126455307007,73.9928588867188,176.160385131836,115.150001525879,231.253646850586,108.441291809082,75.143684387207,60.7138710021973,124.043968200684,42.0393905639648
"2022-09-27",96.9985275268555,125.46573638916,12.3974142074585,73.9290466308594,173.507080078125,114.410003662109,230.240814208984,108.641990661621,76.7184982299805,59.3661117553711,120.634613037109,41.9241218566895
"2022-09-28",98.9595489501953,127.959747314453,12.7200088500977,75.1052703857422,174.784927368164,118.01000213623,234.779205322266,108.596374511719,79.5101928710938,60.3907699584961,120.634613037109,42.6156616210938
"2022-09-29",97.2826080322266,128.189071655273,12.2046566009521,72.9169464111328,175.643371582031,114.800003051758,231.302352905273,107.994338989258,79.3491744995117,58.4614601135254,117.636596679688,42.3403244018555
"2022-09-30",95.7614212036133,127.434188842773,12.1237573623657,71.4945373535156,173.29248046875,113,226.822402954102,106.005752563477,78.1233062744141,59.3753471374512,115.397193908691,41.5239410400391
"2022-10-03",98.721321105957,131.667343139648,12.4962902069092,74.0293426513672,177.194366455078,115.879997253418,234.457809448242,109.919059753418,82.2482604980469,60.3538551330566,117.462905883789,42.4299697875977
"2022-10-04",103.339836120605,137.104507446289,13.1504669189453,75.5155944824219,181.096237182617,121.089996337891,242.385391235352,113.057014465332,85.2457504272461,59.4307289123535,118.916221618652,42.9806289672852
"2022-10-05",102.063934326172,138.079223632812,13.1924133300781,74.5581741333008,183.066711425781,120.949996948242,242.697036743164,111.597496032715,88.6906661987305,57.5291023254395,118.093589782715,42.5548362731934
"2022-10-06",99.9836196899414,136.120269775391,13.1135139465332,71.9504241943359,181.037734985352,120.300003051758,240.34992980957,111.305358886719,91.3213043212891,55.165901184082,115.607414245605,42.1578369140625
"2022-10-07",97.9865646362305,130.750015258789,12.0608386993408,69.9626998901367,179.320892333984,114.559997558594,228.12744140625,111.341865539551,90.3997039794922,54.0950736999512,113.587394714355,41.1589584350586
"2022-10-10",97.0712280273438,130.320007324219,11.6553468704224,69.9718170166016,177.711364746094,113.669998168945,223.267669677734,112.957778930664,88.4401168823242,52.9596290588379,113.121238708496,41.4022827148438
"2022-10-11",94.2697601318359,130.35823059082,11.5714530944824,69.3244247436523,174.74592590332,112.209999084473,219.527862548828,112.702156066895,87.6885070800781,53.6981201171875,113.550849914551,42.4747848510742
"2022-10-12",95.7953186035156,129.43132019043,11.4855604171753,66.3337097167969,173.868011474609,112.900001525879,219.858993530273,110.830635070801,88.0732498168945,53.458122253418,113.733657836914,41.9945602416992
"2022-10-13",101.120872497559,131.963562011719,11.9449834823608,66.6437301635742,180.13053894043,112.529998779297,228.12744140625,111.761817932129,91.1513214111328,54.6212539672852,115.452049255371,42.3499336242676
"2022-10-14",102.803596496582,128.341995239258,11.2129039764404,65.4401321411133,178.140594482422,106.900001525879,222.595657348633,105.800338745117,88.7532958984375,53.393497467041,114.327774047852,41.7576446533203
"2022-10-17",107.121360778809,132.078231811523,11.8730726242065,67.1543426513672,180.706069946289,113.790000915527,231.331588745117,109.178215026855,90.032844543457,55.3689804077148,116.393486022949,42.0585975646973
"2022-10-18",109.876602172852,134.390716552734,11.9519748687744,68.4399871826172,182.578979492188,116.360000610352,232.276260375977,109.789886474609,90.1939086914062,56.0059432983398,117.334945678711,42.9454231262207
"2022-10-19",107.722343444824,132.823593139648,12.0358695983887,67.1452178955078,181.837631225586,115.069999694824,230.308990478516,110.648025512695,92.8692855834961,54.7689590454102,118.422676086426,42.8237571716309
"2022-10-20",107.371002197266,129.249771118164,12.1786890029907,64.4098129272461,182.627731323242,115.25,229.987640380859,108.511764526367,92.9945526123047,54.4458656311035,116.897338867188,42.9294128417969
"2022-10-21",113.010917663574,133.138900756836,12.4503469467163,65.3307342529297,185.700500488281,119.319999694824,235.801818847656,111.789215087891,94.7214889526367,53.4304275512695,118.360977172852,43.7970275878906
"2022-10-24",113.149604797363,135.279388427734,12.5831804275513,66.8169708251953,186.032150268555,119.819999694824,240.797943115234,112.528694152832,95.3836212158203,53.0888710021973,119.088188171387,44.6326332092285
"2022-10-25",113.445465087891,139.560317993164,13.2443504333496,69.16943359375,189.612152099609,120.599998474121,244.118957519531,111.478828430176,94.7393798828125,55.7197761535645,120.459762573242,44.8439292907715
"2022-10-26",114.749122619629,139.053848266602,12.8798065185547,68.932373046875,198.342575073242,115.660003662109,225.283645629883,112.227432250977,95.8668060302734,55.7566986083984,121.306663513184,45.1864967346191
"2022-10-27",115.202163696289,140.171875,13.1594581604004,68.8138198852539,199.279052734375,110.959999084473,220.832855224609,113.551170349121,96.2336654663086,55.3320579528809,121.398719787598,45.0552368164062
"2022-10-28",116.570533752441,143.602340698242,13.81662940979,72.0598373413086,204.205169677734,103.410003662109,229.714874267578,118.408012390137,99.0522308349609,56.7721366882324,124.473274230957,45.6250991821289
"2022-10-31",116.385604858398,143.40168762207,13.4800539016724,70.6647720336914,202.078674316406,102.440002441406,226.072494506836,117.221199035645,99.1506500244141,56.3474998474121,123.96696472168,45.5674743652344
"2022-11-01",118.484405517578,144.901916503906,13.5259952545166,70.8562469482422,201.854263305664,96.7900009155273,222.215835571289,117.787208557129,100.134910583496,55.4797554016113,124.160278320312,45.3625793457031
"2022-11-02",117.393402099609,143.917678833008,13.2024049758911,70.4641876220703,196.020935058594,92.120002746582,214.3564453125,116.609535217285,98.0769119262695,54.335090637207,122.374458312988,45.061637878418
"2022-11-03",117.606048583984,147.720825195312,13.4041481018066,71.2848205566406,189.973052978516,89.3000030517578,208.659072875977,116.235221862793,99.4101409912109,53.9104537963867,121.53678894043,45.0520324707031
"2022-11-04",120.823577880859,151.638671875,14.1382236480713,71.8501281738281,192.148345947266,90.9800033569336,215.61279296875,115.596168518066,100.492820739746,56.2644157409668,123.755256652832,45.1320724487305
"2022-11-07",121.461532592773,151.361526489258,14.2830438613892,70.4733047485352,195.191802978516,90.5299987792969,221.92366027832,116.216972351074,101.682884216309,56.7352104187012,125.651527404785,45.605899810791
"2022-11-08",121.535514831543,151.160873413086,14.5836668014526,71.3668594360352,196.830596923828,89.9800033569336,222.897567749023,117.86026763916,102.005012512207,61.3969802856445,125.936874389648,45.7147521972656
"2022-11-09",119.954483032227,150.123550415039,13.7587032318115,71.3030395507812,189.595977783203,86.1399993896484,218.651336669922,116.582122802734,97.4416275024414,61.3877601623535,125.633117675781,44.6518402099609
"2022-11-10",124.891731262207,155.723129272461,15.7302255630493,75.8620758056641,200.975891113281,96.629997253418,236.639373779297,118.444526672363,98.8732757568359,64.6740646362305,129.959579467773,45.5770835876465
"2022-11-11",125.09513092041,155.214111328125,16.3065013885498,75.9623947143555,200.418579101562,100.790000915527,240.661575317383,115.240119934082,101.960266113281,66.0772247314453,129.766250610352,45.6475143432617
"2022-11-14",123.809959411621,155.262145996094,16.2745399475098,74.457893371582,202.237030029297,98.4899978637695,235.246688842773,112.273086547852,102.257926940918,64.8863983154297,129.775482177734,44.3060722351074
"2022-11-15",122.913146972656,155.972900390625,16.6450748443604,75.59765625,205.297088623047,98.9400024414062,235.655715942383,112.346099853516,102.943420410156,64.5356216430664,129.324432373047,47.2034645080566
"2022-11-16",123.079559326172,155.348602294922,15.890022277832,76.8832778930664,205.443710327148,97.120002746582,236.08544921875,114.947967529297,101.84300994873,62.9570579528809,130.475082397461,47.5428314208984
"2022-11-17",122.54328918457,156.20344543457,15.6573162078857,75.0870361328125,206.274749755859,94.8499984741211,236.036590576172,116.874282836914,101.978302001953,62.1466941833496,129.674224853516,47.3827514648438
"2022-11-18",123.745239257812,158.489349365234,15.3896522521973,75.8620758056641,206.088973999023,94.1399993896484,235.587341308594,117.184692382812,101.094360351562,63.1340446472168,131.239135742188,48.0966949462891
"2022-11-21",123.014831542969,158.04753112793,15.2977685928345,76.2267761230469,201.709121704102,92.4599990844727,236.397994995117,118.508438110352,100.093154907227,63.5066261291504,132.905258178711,48.391227722168
"2022-11-22",124.854721069336,159.901260375977,16.0178623199463,76.6918106079102,205.629501342773,93.1999969482422,239.308380126953,118.764045715332,102.98853302002,64.1306915283203,134.046691894531,48.5641212463379
"2022-11-23",126.186126708984,158.825500488281,16.4982585906982,77.823600769043,206.998184204102,94.129997253418,241.798858642578,119.67699432373,102.474388122559,64.5964279174805,134.810729980469,48.7978286743164
"2022-11-25",126.42650604248,159.5458984375,16.2495708465576,78.20849609375,209.012161254883,93.4100036621094,241.710922241211,120.115203857422,102.11360168457,64.7640991210938,135.059295654297,49.0059280395508
"2022-11-28",124.216773986816,156.126556396484,15.8071269989014,76.7330474853516,206.538696289062,93.9499969482422,236.11474609375,118.700149536133,99.0468521118164,62.0721817016602,134.948822021484,49.146800994873
"2022-11-29",126.260101318359,155.742370605469,15.6193647384644,75.5966644287109,204.38786315918,92.4199981689453,234.718154907227,119.704368591309,99.7053070068359,64.4567031860352,133.917831420898,48.9739189147949
"2022-11-30",127.757911682129,156.990997314453,16.9060764312744,77.6219787597656,212.150436401367,96.5400009155273,249.182312011719,120.644691467285,100.426879882812,66.1612777709961,137.305389404297,48.7978286743164
"2022-12-01",125.964248657227,156.904571533203,17.1178665161133,77.7411270141602,212.150436401367,95.5,248.742797851562,119.832191467285,99.939826965332,66.1240158081055,137.388198852539,49.1019744873047
"2022-12-02",124.965690612793,156.856521606445,16.8591232299805,78.080207824707,212.795669555664,94.129997253418,249.06510925293,120.973358154297,99.0919647216797,66.2078399658203,138.640121459961,49.053955078125
"2022-12-05",121.461532592773,154.02311706543,16.593391418457,78.0343933105469,208.904586791992,91.0100021362305,244.357666015625,119.832191467285,96.3769760131836,65.3788604736328,137.240936279297,48.5513114929199
"2022-12-06",121.66495513916,151.57389831543,15.9710121154785,78.0618743896484,204.407409667969,88.25,239.396286010742,119.567443847656,93.6980819702148,63.5252494812012,137.415832519531,47.9878425598145
"2022-12-07",121.581741333008,151.055236816406,16.1038837432861,78.1626815795898,203.165802001953,88.4599990844727,238.663787841797,119.120109558105,93.4906387329102,60.5446014404297,138.299514770508,47.7381210327148
"2022-12-08",122.85765838623,152.476745605469,17.1518325805664,78.5933990478516,204.426971435547,90.3499984741211,241.623046875,119.759155273438,94.1851577758789,61.1966133117676,139.293701171875,47.8120346069336
"2022-12-09",122.191963195801,152.025314331055,16.9839973449707,77.4478759765625,204.035919189453,89.0899963378906,239.689300537109,118.115882873535,93.3914108276367,62.1001243591309,138.925506591797,46.6969184875488
"2022-12-12",124.087348937988,154.474548339844,17.517463684082,79.3173980712891,209.794281005859,90.5500030517578,246.613693237305,118.62712097168,95.6914749145508,61.2245597839355,140.352310180664,47.5678024291992
"2022-12-13",123.967147827148,157.173538208008,18.0539302825928,79.8672637939453,208.278915405273,92.4899978637695,250.920761108398,117.111633300781,96.7377700805664,61.7182388305664,140.140594482422,47.3974838256836
"2022-12-14",123.347671508789,154.983596801758,17.6563262939453,79.7756042480469,208.552658081055,91.5800018310547,251.213729858398,115.55965423584,96.0252075195312,62.7335166931152,140.692901611328,47.133960723877
"2022-12-15",120.287322998047,149.23991394043,16.9350433349609,78.6392364501953,203.263565063477,88.4499969482422,243.195434570312,116.545616149902,95.1051940917969,62.5192794799805,139.100372314453,46.7129783630371
"2022-12-16",119.538414001465,148.39469909668,16.5544261932373,77.1087799072266,202.266326904297,87.8600006103516,238.976333618164,115.440963745117,94.4377136230469,59.9112091064453,138.483627319336,45.8742294311523
"2022-12-19",120.250358581543,148.39469909668,16.2377433776855,76.5405883789062,200.242614746094,84.9199981689453,234.835342407227,116.006988525391,94.8616485595703,59.3337097167969,138.446792602539,45.8903007507324
"2022-12-20",120.83283996582,149.748962402344,16.0689125061035,76.5405883789062,200.770538330078,85.1900024414062,236.153793334961,116.116554260254,96.232666015625,59.1939888000488,138.502059936523,46.2919960021973
"2022-12-21",122.191963195801,151.871627807617,16.4844989776611,77.576171875,202.18815612793,86.7699966430664,238.722396850586,117.878509521484,97.468376159668,59.5851974487305,139.772369384766,46.6551361083984
"2022-12-22",120.805114746094,149.94108581543,15.3236589431763,76.3756332397461,200.477264404297,83.7900009155273,232.62809753418,117.403785705566,95.5020523071289,60.1068153381348,140.094528198242,46.1088218688965
"2022-12-23",121.378326416016,150.603790283203,15.1907930374146,77.1362838745117,201.230041503906,85.25,233.155502319336,118.17064666748,98.0276107788086,60.6097946166992,140.490371704102,46.202018737793
"2022-12-27",121.803634643555,151.122451782227,14.1068773269653,76.9804916381836,201.679763793945,83.0400009155273,231.426818847656,118.837097167969,99.3896179199219,61.4201698303223,141.714691162109,46.2148742675781
"2022-12-28",122.469314575195,149.595306396484,14.0219631195068,76.2106781005859,200.408828735352,81.8199996948242,229.053558349609,118.426277160645,97.7570037841797,60.3955612182617,139.8828125,45.4050445556641
"2022-12-29",123.172012329102,151.132064819336,14.5883960723877,77.0538024902344,203.410217285156,84.1800003051758,235.382278442383,119.193138122559,98.4966354370117,61.3177146911621,140.462768554688,45.6814155578613
"2022-12-30",123.985641479492,150.747863769531,14.5993871688843,76.6139068603516,203.116943359375,84,234.220031738281,118.417152404785,99.4888305664062,61.0569038391113,139.514617919922,45.5657234191895
"2023-01-03",124.928680419922,151.516250610352,14.300684928894,76.8246994018555,202.755172729492,85.8199996948242,233.985641479492,118.809707641602,96.0703125,62.3609313964844,139.523849487305,46.1473846435547
"2023-01-04",126.09366607666,152.543991088867,14.7342491149902,77.4295425415039,207.85856628418,85.1399993896484,223.750366210938,119.813941955566,96.3499221801758,64.1213760375977,140.131362915039,46.198802947998
"2023-01-05",126.065727233887,150.987991333008,14.2507343292236,75.7249603271484,206.392044067383,83.120002746582,217.118911743164,120.170249938965,98.5056610107422,62.7707710266113,138.391586303711,46.0413360595703
"2023-01-06",128.478088378906,154.73388671875,14.8441400527954,76.6597366333008,212.883651733398,86.0800018310547,219.677703857422,122.984260559082,99.6962890625,64.996955871582,141.687042236328,47.1693153381348
"2023-01-09",127.947135925293,154.522567749023,15.6123695373535,77.0446319580078,213.71467590332,87.3600006103516,221.816604614258,120.608787536621,97.8381958007812,64.5219116210938,139.956451416016,46.581226348877
"2023-01-10",129.092803955078,154.071166992188,15.8930912017822,77.4753646850586,216.149047851562,89.870002746582,223.50617980957,121.53157043457,99.2994003295898,64.2610931396484,139.818389892578,46.5522994995117
"2023-01-11",130.052124023438,157.605712890625,15.9849987030029,77.8969268798828,217.136459350586,95.0899963378906,230.264602661133,120.828063964844,100.453956604004,66.9064407348633,138.686187744141,46.9604263305664
"2023-01-12",129.921768188477,158.201217651367,16.4944839477539,77.961067199707,218.622451782227,95.2699966430664,232.940612792969,121.458473205566,102.122627258301,67.1579360961914,137.903701782227,46.5362358093262
"2023-01-13",133.200271606445,157.951461791992,16.88210105896,77.6036529541016,218.074966430664,98.120002746582,233.643814086914,122.107147216797,102.05948638916,66.2730560302734,138.888702392578,46.6904907226562
"2023-01-17",131.141891479492,155.992111206055,17.6842975616455,78.5750885009766,218.016326904297,96.0500030517578,234.73762512207,119.402816772461,101.861053466797,66.7946701049805,138.483627319336,46.4076881408691
"2023-01-18",127.202056884766,151.304931640625,17.3596210479736,76.7971878051758,214.555419921875,95.4599990844727,230.303680419922,117.155258178711,99.7684555053711,66.7387771606445,134.773941040039,45.2604293823242
"2023-01-19",125.506874084473,145.859008789062,16.748233795166,75.6883239746094,215.48420715332,93.6800003051758,226.514282226562,115.044761657715,100.40885925293,66.7387771606445,131.923706054688,44.6144943237305
"2023-01-20",125.814254760742,149.364791870117,17.8211612701416,74.982666015625,219.297058105469,97.25,234.61067199707,116.607078552246,102.239883422852,67.8378982543945,132.433181762695,45.1640319824219
"2023-01-23",127.854034423828,152.640029907227,19.173807144165,75.7616348266602,219.169998168945,97.5199966430664,236.915573120117,116.141143798828,101.707717895508,69.1885070800781,130.654647827148,45.8388748168945
"2023-01-24",128.953063964844,155.300537109375,19.2457332611084,76.8888397216797,218.886428833008,96.3199996948242,236.388198852539,118.032348632812,102.65478515625,69.7473678588867,131.367919921875,45.9609909057617
"2023-01-25",129.577133178711,152.851333618164,19.3036708831787,70.189697265625,219.873870849609,97.1800003051758,234.991592407227,123.769973754883,102.11360168457,68.7972946166992,131.275299072266,45.7424736022949
"2023-01-26",130.378128051758,154.541778564453,19.7821979522705,70.0155868530273,219.688095092773,99.2200012207031,242.209030151367,123.258354187012,106.217628479004,69.0953674316406,130.747283935547,45.7006988525391
"2023-01-27",130.69482421875,155.828826904297,20.3446311950684,69.2641220092773,226.26774597168,102.23999786377,242.365295410156,123.404525756836,104.278358459473,70.0361404418945,130.210037231445,46.0509796142578
"2023-01-30",129.586471557617,154.512939453125,19.1428356170654,68.7784118652344,223.980026245117,100.550003051758,237.042572021484,123.706008911133,102.429298400879,69.4120559692383,130.617630004883,45.6814155578613
"2023-01-31",130.359512329102,155.800033569336,19.5174598693848,68.3934860229492,225.065185546875,103.129997253418,242.023452758789,124.573974609375,104.63916015625,69.8964157104492,131.886642456055,46.2341537475586
"2023-02-01",130.014877319336,156.885360717773,20.9220542907715,68.0360870361328,225.73974609375,105.150001525879,246.848098754883,126.063194274902,103.493629455566,69.7473678588867,132.636932373047,46.4912414550781
"2023-02-02",129.409469604492,155.55989074707,21.6872863769531,69.2824478149414,224.429733276367,112.910003662109,258.42138671875,123.31315612793,100.255516052246,71.0420989990234,131.692138671875,46.1538124084473
"2023-02-03",131.411987304688,156.789306640625,21.0788993835449,68.4301376342773,224.98698425293,103.389999389648,252.317367553711,124.537414550781,100.95002746582,70.6229476928711,132.099716186523,45.5400123596191
"2023-02-06",132.185043334961,155.934494018555,21.0679111480713,69.1999588012695,224.312408447266,102.180000305176,250.774230957031,125.77995300293,100.778678894043,69.4120559692383,130.978866577148,45.2090148925781
"2023-02-07",133.796401977539,157.989898681641,22.1508255004883,69.7223281860352,226.150405883789,102.110000610352,261.312316894531,126.721031188965,103.655975341797,69.7846221923828,129.700576782227,45.3054161071777
"2023-02-08",132.855682373047,162.206451416016,22.1827907562256,68.7600708007812,225.055404663086,100.050003051758,260.501678466797,126.41951751709,102.754013061523,69.8591384887695,128.357437133789,45.0611877441406
"2023-02-09",130.787963867188,160.660064697266,22.314661026001,67.1471481323242,224.663589477539,98.2399978637695,257.464294433594,125.332252502441,103.141860961914,68.9183807373047,126.94945526123,45.4789619445801
"2023-02-10",131.365417480469,164.156219482422,21.2437324523926,68.4943008422852,222.557495117188,97.6100006103516,256.956451416016,126.748428344727,107.489410400391,70.1199569702148,128.070297241211,46.1859436035156
"2023-02-13",132.790481567383,167.431457519531,21.7662143707275,69.3007736206055,224.203170776367,99.5400009155273,264.984466552734,127.643783569336,107.071319580078,70.6881561279297,129.746887207031,46.8897285461426
"2023-02-14",133.377227783203,166.134811401367,22.9480304718018,69.6764984130859,224.702774047852,99.6999969482422,265.814697265625,127.241775512695,105.817001342773,70.557746887207,129.015090942383,46.7547569274902
"2023-02-15",133.936080932617,166.883972167969,22.7412357330322,70.5104598999023,224.242340087891,101.160003662109,263.690002441406,129.699462890625,105.498870849609,70.5297927856445,128.718673706055,47.1018295288086
"2023-02-16",132.091918945312,167.229736328125,21.9799976348877,69.3649215698242,221.21549987793,98.1500015258789,256.669891357422,130.229339599609,105.189842224121,72.7001037597656,127.032814025879,46.3626976013184
"2023-02-17",132.483108520508,168.315078735352,21.3666114807129,69.7131652832031,218.991882324219,97.1999969482422,252.665390014648,129.297470092773,101.145126342773,72.0946426391602,129.691284179688,47.0600509643555
"2023-02-21",130.052124023438,164.012115478516,20.6343441009521,67.5045700073242,216.111938476562,94.5800018310547,247.388092041016,130.265914916992,101.045150756836,71.5543899536133,129.598663330078,47.3460578918457
"2023-02-22",129.055541992188,164.540390014648,20.733247756958,67.5228805541992,215.524215698242,95.7900009155273,246.252319335938,130.183670043945,99.7362899780273,70.436653137207,130.145202636719,46.3530578613281
"2023-02-23",130.089385986328,165.952301025391,23.6403369903564,66.7805786132812,216.611541748047,95.8199996948242,249.444152832031,130.064926147461,100.654312133789,70.9489593505859,129.728378295898,45.6621284484863
"2023-02-24",131.262939453125,166.403732299805,23.2627124786377,66.8263854980469,215.063842773438,93.5,244.010177612305,129.562408447266,100.663391113281,69.7380676269531,128.996566772461,45.7842559814453
"2023-02-27",132.408584594727,167.489105224609,23.4774971008301,66.2803573608398,215.84748840332,93.7600021362305,244.930541992188,129.45280456543,100.48161315918,69.747444152832,128.88542175293,45.4532432556152
"2023-02-28",133.516983032227,168.017364501953,23.1927871704102,65.5148086547852,215.445846557617,94.2300033569336,244.206008911133,131.124740600586,99.89990234375,69.6065979003906,127.421844482422,45.6749839782715
"2023-03-01",132.771850585938,166.960845947266,22.6753005981445,64.4448776245117,213.898132324219,92.1699981689453,241.121856689453,129.94612121582,100.790649414062,68.6393203735352,127.514488220215,45.0386924743652
"2023-03-02",131.393371582031,168.228668212891,23.2906818389893,66.6031875610352,214.583847045898,92.129997253418,245.860687255859,129.964385986328,101.254211425781,69.8225784301758,129.617202758789,45.1511688232422
"2023-03-03",133.805679321289,171.375289916992,23.8661060333252,68.0973968505859,219.197601318359,94.9000015258789,249.95329284668,133.025100708008,102.535781860352,70.7241287231445,130.562042236328,45.2058029174805
"2023-03-06",133.023345947266,170.989166259766,23.530445098877,68.6231384277344,222.116714477539,93.75,251.500228881836,133.061645507812,103.444702148438,70.611442565918,130.006286621094,45.1993751525879
"2023-03-07",129.111419677734,169.396606445312,23.2686634063721,68.0236053466797,218.609893798828,93.5500030517578,248.837127685547,132.321594238281,101.445068359375,69.4657287597656,127.421844482422,44.7494697570801
"2023-03-08",128.347671508789,171.047119140625,24.1609191894531,68.4847793579102,217.64990234375,93.9199981689453,248.396530151367,131.344009399414,99.9635314941406,70.1700668334961,127.440399169922,44.3798980712891
"2023-03-09",121.399383544922,168.305892944336,23.4165382385254,68.0328369140625,215.514404296875,92.25,247.045394897461,129.790817260742,99.1909332275391,68.0382843017578,126.504852294922,44.0810356140137
"2023-03-10",124.482353210449,164.377426147461,22.945930480957,67.341064453125,211.723510742188,90.7300033569336,243.393341064453,128.502593994141,97.9639053344727,63.6996078491211,127.079147338867,44.0167655944824
"2023-03-13",122.246963500977,163.286712646484,22.9469299316406,67.5993347167969,210.087646484375,92.4300003051758,248.611953735352,127.479339599609,96.8368377685547,64.9955825805664,127.959136962891,44.1453018188477
"2023-03-14",125.385810852051,165.854217529297,24.0430202484131,68.7614898681641,214.192031860352,94.879997253418,255.338256835938,129.589813232422,97.2003860473633,67.2024841308594,129.543106079102,44.3798980712891
"2023-03-15",119.462059020996,153.731033325195,24.2078838348389,69.6561737060547,211.948806762695,96.1999969482422,259.891143798828,123.395385742188,92.3649291992188,66.9113464355469,131.377197265625,44.8747940063477
"2023-03-16",121.781265258789,158.663314819336,25.5197925567627,70.3110427856445,213.006729125977,100.040000915527,270.426208496094,130.530868530273,91.8286514282227,66.5356979370117,132.35905456543,44.6198844909668
"2023-03-17",117.180122375488,154.580413818359,25.7036418914795,69.7945251464844,212.947937011719,98.9499969482422,273.588684082031,124.546569824219,90.7470245361328,64.5635833740234,132.396102905273,44.9812812805176
"2023-03-20",118.418891906738,157.871810913086,25.8784885406494,70.0712432861328,213.692443847656,97.7099990844727,266.539184570312,127.059066772461,93.1193161010742,64.9204559326172,134.433990478516,45.4652938842773
"2023-03-21",121.594985961914,161.13427734375,26.17724609375,69.5086059570312,217.414779663086,100.610000610352,268.056793212891,128.118865966797,97.2912750244141,65.1646118164062,133.461349487305,45.310417175293
"2023-03-22",118.45613861084,160.381378173828,26.44602394104,68.3741073608398,215.543807983398,98.6999969482422,266.597900390625,124.884613037109,95.0644149780273,62.1406860351562,133.377990722656,45.0200004577637
"2023-03-23",118.139472961426,158.817733764648,27.168420791626,68.0789566040039,218.041702270508,98.7099990844727,271.855682373047,125.926147460938,93.9918975830078,61.7556533813477,133.192733764648,45.3846282958984
"2023-03-24",116.341850280762,157.949066162109,26.7567596435547,69.8129806518555,216.523422241211,98.129997253418,274.704864501953,128.301620483398,94.100959777832,63.370922088623,135.906784057617,45.7557029724121
"2023-03-27",119.676284790039,158.180694580078,26.5089702606201,69.5823822021484,217.27766418457,98.0400009155273,270.602386474609,128.931991577148,96.1642379760742,63.7465667724609,135.19352722168,46.5204582214355
"2023-03-28",120.039543151855,159.83122253418,26.3880653381348,69.3979034423828,215.827896118164,97.2399978637695,269.476531982422,130.512588500977,97.3639984130859,64.5823745727539,135.573318481445,46.3397598266602
"2023-03-29",120.281700134277,161.800277709961,26.9615917205811,70.2003479003906,218.737228393555,100.25,274.646118164062,132.001815795898,99.0364151000977,65.6999053955078,135.990173339844,46.5398178100586
"2023-03-30",119.918434143066,163.209503173828,27.3602619171143,70.6430816650391,217.816390991211,102,278.112060546875,131.371398925781,99.5181503295898,66.6296310424805,136.582992553711,47.0044822692871
"2023-03-31",121.371452331543,165.381240844727,27.7539329528809,71.0950393676758,220.853057861328,103.290000915527,282.273254394531,130.704452514648,99.6726760864258,67.3245697021484,137.73161315918,47.5788383483887
"2023-04-03",121.231719970703,164.609085083008,27.9417781829834,70.7168731689453,224.320755004883,102.410003662109,281.225646972656,132.568283081055,105.553421020508,67.3621292114258,138.491149902344,47.9789543151855
"2023-04-04",119.611083984375,156.607360839844,27.4302024841309,71.1688461303711,223.00813293457,103.949996948242,281.176666259766,131.819076538086,104.544502258301,66.0943222045898,139.158126831055,47.5078506469727
"2023-04-05",119.789443969727,152.958847045898,26.8586769104004,72.2479934692383,223.507690429688,101.099998474121,278.396057128906,133.876190185547,106.335090637207,66.2633666992188,140.112197875977,48.2951774597168
"2023-04-06",119.658012390137,150.816055297852,27.0145492553711,72.8382949829102,221.372253417969,102.059997558594,285.504364013672,134.66242980957,104.57177734375,67.1930923461914,141.001434326172,48.6598052978516
"2023-04-10",120.052276611328,151.964645385742,27.5560989379883,72.3402252197266,221.803253173828,102.169998168945,283.340515136719,136.225875854492,104.108215332031,68.3857498168945,139.83430480957,48.5662269592285
"2023-04-11",120.643661499023,153.277359008789,27.1464385986328,72.257209777832,223.781982421875,99.9199981689453,276.917633056641,135.87841796875,104.844451904297,69.8131942749023,139.556427001953,48.4242553710938
"2023-04-12",120.624900817871,156.578430175781,26.4730014801025,72.4878082275391,223.155044555664,97.8300018310547,277.563781738281,135.448715209961,104.735389709473,70.0855255126953,139.93620300293,48.1886940002441
"2023-04-13",121.084869384766,155.101654052734,26.4410247802734,72.7276077270508,227.935333251953,102.400001525879,283.781066894531,126.360908508301,105.226188659668,69.9634628295898,140.58464050293,48.2370986938477
"2023-04-14",130.227966308594,156.192352294922,26.7357769012451,71.9620513916016,229.238174438477,102.51000213623,280.158386230469,124.203254699707,105.48070526123,69.5784149169922,139.871353149414,47.9111862182617
"2023-04-17",131.260528564453,157.389190673828,26.9795780181885,72.4417037963867,228.709182739258,102.73999786377,282.762756347656,126.543769836426,104.253639221191,70.6583862304688,139.917663574219,48.2467803955078
"2023-04-18",132.734329223633,157.997299194336,27.6440258026123,72.2203063964844,228.826766967773,102.300003051758,282.341766357422,126.717468261719,106.289649963379,70.8556060791016,140.06591796875,48.3532638549805
"2023-04-19",132.565368652344,157.717376708984,27.9078063964844,72.8106307983398,227.817794799805,104.300003051758,282.420074462891,127.000915527344,105.953323364258,71.6068954467773,140.093688964844,48.4048957824707
"2023-04-20",132.180465698242,157.292694091797,27.0814895629883,72.635383605957,229.80632019043,103.809997558594,280.129058837891,126.525451660156,105.108024597168,71.2594223022461,140.607223510742,48.7146606445312
"2023-04-21",131.927047729492,157.215484619141,27.0964813232422,72.8567504882812,229.267562866211,106.959999084473,279.786346435547,125.272941589355,105.444343566895,71.0246353149414,145.47282409668,48.9598999023438
"2023-04-24",132.105392456055,158.093826293945,27.0195407867432,72.9028625488281,228.00390625,106.209999084473,275.879760742188,123.791809082031,107.434883117676,70.7429122924805,145.733810424805,49.2922554016113
"2023-04-25",129.23291015625,158.08415222168,26.2192077636719,71.777587890625,224.898712158203,102.569999694824,269.662506103516,123.307235717773,105.907890319824,71.7383651733398,145.771087646484,48.9082641601562
"2023-04-26",126.942459106445,156.288848876953,26.9336185455322,68.3187561035156,223.488098144531,104.980003356934,289.195495605469,122.36555480957,104.935333251953,71.5317535400391,144.084014892578,48.6953048706055
"2023-04-27",128.650894165039,162.128479003906,27.2033939361572,69.9605484008789,224.330551147461,109.819999694824,298.457733154297,123.160980224609,106.189666748047,73.2409362792969,145.845642089844,48.8469581604004
"2023-04-28",129.767974853516,161.307998657227,27.7259616851807,70.6799926757812,227.974517822266,105.449996948242,300.836883544922,124.706085205078,107.562133789062,74.3960266113281,145.761764526367,48.7146606445312
"2023-05-01",132.546585083008,162.910293579102,28.8859939575195,70.8367919921875,227.759002685547,102.050003051758,299.172393798828,124.239814758301,104.226379394531,73.4944839477539,145.938873291016,48.914722442627
"2023-05-02",130.406295776367,167.224807739258,28.1865768432617,70.0435791015625,222.342025756836,103.629997253418,299.025604248047,117.30965423584,100.072593688965,72.6399078369141,145.808364868164,48.7824211120605
"2023-05-03",127.646507263184,166.385070800781,27.7789134979248,69.5362701416016,221.362457275391,103.650001525879,298.036682128906,114.329154968262,98.100227355957,72.7995376586914,145.621948242188,48.6017227172852
"2023-05-04",125.900459289551,162.582107543945,27.5391139984131,69.6469573974609,220.990234375,104,299.025604248047,115.289131164551,96.3823547363281,72.2173080444336,144.950820922852,48.7377662658691
"2023-05-05",128.359924316406,165.948638916016,28.6561813354492,69.6469573974609,227.043930053711,105.660003662109,304.156036376953,118.41593170166,98.7819213867188,73.9640502929688,145.435516357422,49.1588363647461
"2023-05-08",128.669692993164,164.813507080078,29.1267929077148,70.1542358398438,227.484741210938,105.830001831055,302.197845458984,122.594123840332,99.1727676391602,71.6820068359375,144.755096435547,49.4665489196777
"2023-05-09",128.050140380859,165.463531494141,28.5472755432129,69.7115249633789,228.493698120117,106.620002746582,300.582305908203,124.066108703613,99.2000274658203,73.5508422851562,143.273071289062,49.5507621765137
"2023-05-10",128.115829467773,164.066467285156,28.8610134124756,70.919807434082,226.544342041016,110.190002441406,305.781280517578,122.859268188477,97.9275283813477,74.5462799072266,143.571304321289,49.4114837646484
"2023-05-11",127.712188720703,163.494079589844,28.5542678833008,70.1911468505859,226.730819702148,112.180000305176,303.627288818359,122.456970214844,96.1551208496094,74.3302917480469,143.906875610352,49.5961112976074
"2023-05-12",125.881721496582,163.552291870117,28.3164691925049,71.9067153930664,227.093978881836,110.26000213623,302.511138916016,121.990699768066,96.1460494995117,74.4711685180664,145.370300292969,49.5799179077148
"2023-05-15",126.942459106445,164.852310180664,28.9289531707764,71.5193252563477,228.497497558594,111.199996948242,302.990905761719,120.683311462402,96.3293991088867,75.8339538574219,145.416885375977,49.1944732666016
"2023-05-16",126.088203430176,161.447021484375,29.18874168396,69.9513168334961,226.200820922852,113.400001525879,305.223266601562,118.635345458984,93.9915237426758,73.3733596801758,145.165237426758,48.514274597168
"2023-05-17",129.965118408203,165.900131225586,30.1529388427734,69.4901580810547,228.340423583984,115.5,308.108032226562,124.888931274414,96.1001968383789,73.3544235229492,144.550033569336,48.4332962036133
"2023-05-18",130.950759887695,169.402450561523,31.6516952514648,69.2687835693359,229.272888183594,118.150001525879,312.543243408203,124.440956115723,96.9711685180664,72.7582015991211,142.17317199707,49.0616683959961
"2023-05-19",130.650375366211,168.956176757812,31.2380409240723,68.6969223022461,228.988235473633,116.25,312.366638183594,123.480964660645,97.4204177856445,72.4364318847656,142.769729614258,48.5563735961914
"2023-05-22",129.570861816406,168.985244750977,31.1501159667969,68.7891616821289,226.995834350586,115.01000213623,315.153381347656,124.002105712891,96.2377243041992,72.3890991210938,139.032043457031,48.1288261413574
"2023-05-23",128.219085693359,166.249374389648,30.6625194549561,68.4017791748047,220.419937133789,114.98999786377,309.344451904297,121.917572021484,97.5487670898438,72.0862731933594,137.531311035156,48.0381355285645
"2023-05-24",127.045707702637,163.154495239258,30.5126361846924,68.4755630493164,218.133087158203,116.75,307.960876464844,120.226181030273,98.639762878418,70.2502746582031,136.394149780273,47.8178787231445
"2023-05-25",127.35546875,171.672637939453,37.9484634399414,67.6915664672852,219.242172241211,115,319.804443359375,117.876502990723,96.8703231811523,69.6729888916016,135.517974853516,47.3417434692383
"2023-05-26",128.547637939453,177.018325805664,38.9136581420898,68.6179809570312,220.841949462891,120.110000610352,326.643585205078,117.474235534668,96.2377243041992,69.5972671508789,135.527297973633,47.425952911377
"2023-05-30",129.035781860352,176.387710571289,40.0776901245117,67.476188659668,217.534408569336,121.660003662109,324.995147705078,117.09024810791,95.3850936889648,69.2092590332031,133.458038330078,47.3093490600586
"2023-05-31",127.393020629883,170.653961181641,37.8025856018066,68.1909637451172,216.935699462891,120.580001831055,322.228057861328,116.943962097168,93.6798095703125,70.6099090576172,132.824188232422,47.5717163085938
"2023-06-01",129.148422241211,173.700302124023,39.7369728088379,67.7268371582031,222.304382324219,122.769996643066,326.339447021484,117.32795715332,94.7616577148438,70.6099090576172,134.185089111328,47.7466163635254
"2023-06-02",131.861312866211,180.918441772461,39.2943458557129,68.5529937744141,224.551940917969,124.25,329.106475830078,118.397636413574,96.9620056152344,71.6982574462891,136.571273803711,48.2033271789551
"2023-06-05",130.565902709961,178.114624023438,39.1384811401367,68.311637878418,222.569381713867,125.300003051758,329.636352539062,117.967926025391,96.5310897827148,72.0105590820312,136.030639648438,48.5207557678223
"2023-06-06",130.800567626953,177.949691772461,38.6219024658203,68.11669921875,223.992553710938,126.610000610352,327.418823242188,118.671920776367,97.3195495605469,74.4332962036133,134.679122924805,48.514274597168
"2023-06-07",132.067825317383,182.975219726562,37.4477500915527,68.8500442504883,221.097152709961,121.230003356934,317.312072753906,119.622749328613,99.5015640258789,76.1084136962891,134.968063354492,48.5855331420898
"2023-06-08",132.105392456055,182.218460083008,38.4820022583008,69.5276870727539,218.918258666992,124.25,319.156799316406,119.842178344727,99.1898498535156,75.5216598510742,136.496704101562,49.2883987426758
"2023-06-09",132.368209838867,181.713973999023,38.741813659668,68.7572174072266,219.418838500977,123.430000305176,320.658081054688,119.677604675293,98.4564056396484,76.751953125,136.608551025391,49.5863990783691
"2023-06-12",132.358856201172,183.896865844727,39.4532928466797,68.6736755371094,221.98046875,126.569999694824,325.623138427734,119.485633850098,97.5671005249023,77.4238967895508,135.53662109375,49.9135322570801
"2023-06-13",133.316329956055,188.078338623047,40.9921798706055,69.0171279907227,219.261795043945,126.660003662109,328.017364501953,120.390739440918,97.5854339599609,77.5563888549805,135.210372924805,50.3022155761719
"2023-06-14",132.818832397461,187.311920166016,42.9657516479492,68.1352767944336,219.301071166992,126.419998168945,331.010162353516,116.047966003418,96.4119110107422,77.1683654785156,136.478057861328,50.8107452392578
"2023-06-15",134.320755004883,191.017990112305,42.6219940185547,69.0264129638672,221.98046875,127.110000610352,341.568206787109,117.35538482666,97.0811920166016,75.8528900146484,138.370223999023,51.0893096923828
"2023-06-16",134.48030090332,185.555862426758,42.660961151123,70.1681976318359,224.669769287109,125.48999786377,335.906433105469,118.845642089844,96.384407043457,76.0989456176758,139.386199951172,50.3767127990723
"2023-06-20",133.795059204102,188.437286376953,43.7761535644531,69.3977279663086,222.274932861328,125.779998779297,331.706848144531,118.379364013672,94.1749038696289,74.9727478027344,138.099914550781,49.9329605102539
"2023-06-21",133.597915649414,189.029098510742,43.0136985778809,70.3445739746094,223.040496826172,124.830001831055,327.301025390625,119.403343200684,95.2292327880859,74.7550964355469,139.292999267578,50.0301399230957
"2023-06-22",131.025863647461,189.766448974609,42.9937210083008,69.7411880493164,224.159378051758,130.149993896484,333.335662841797,120.463890075684,94.7066497802734,74.2535018920898,139.768356323242,50.4479751586914
"2023-06-23",130.340591430664,188.660446166992,42.1783142089844,68.8500442504883,225.297882080078,129.330001831055,328.733673095703,121.387306213379,93.8815231323242,72.1903762817383,138.379531860352,50.3540458679199
"2023-06-26",130.659774780273,190.232131958008,40.6024589538574,68.9614486694336,222.108062744141,127.330001831055,322.434143066406,120.637596130371,95.6142883300781,75.3039932250977,138.519348144531,50.221248626709
"2023-06-27",130.669143676758,191.755310058594,41.8455543518066,68.6086959838867,223.128799438477,129.179992675781,328.292083740234,121.27758026123,95.852668762207,76.411262512207,139.833618164062,50.0398597717285
"2023-06-28",130.096496582031,188.941787719727,41.0871047973633,68.1724166870117,223.737350463867,129.039993286133,329.548034667969,120.399887084961,96.6319580078125,75.767707824707,139.805648803711,50.3119430541992
"2023-06-29",134.639892578125,192.919494628906,40.7923202514648,67.5875854492188,229.979537963867,127.900001525879,328.763092041016,120.74730682373,97.8238067626953,76.0800170898438,139.237106323242,49.9718399047852
"2023-06-30",136.526702880859,195.102386474609,42.2712440490723,68.8778839111328,233.081008911133,130.360000610352,334.150054931641,121.021575927734,98.3280487060547,76.5532073974609,141.43684387207,50.9111633300781
"2023-07-03",137.625045776367,194.646453857422,42.3821601867676,69.0449829101562,233.561889648438,130.220001220703,331.647857666016,121.222717285156,98.5205917358398,77.1021270751953,142.145217895508,51.2415428161621
"2023-07-05",136.708236694336,192.968002319336,42.2862396240234,69.574089050293,235.014495849609,130.380004882812,331.804931640625,120.162170410156,98.0163345336914,76.8276748657227,141.902862548828,51.2123870849609
"2023-07-06",135.356628417969,191.852325439453,42.072395324707,67.7825241088867,234.455062866211,128.360000610352,334.866363525391,120.473258972168,94.3582611083984,75.9853820800781,141.669845581055,50.8884811401367
"2023-07-07",136.424667358398,192.541137695312,42.472095489502,66.8821029663086,232.070068359375,129.779998779297,330.892364501953,120.098129272461,94.5782852172852,75.531120300293,138.696441650391,49.7159538269043
"2023-07-10",137.190231323242,197.003952026367,42.1493377685547,66.5664901733398,233.748413085938,127.129997253418,325.603454589844,119.933441162109,95.9810104370117,74.9254302978516,138.752365112305,50.1661796569824
"2023-07-11",139.335754394531,196.916610717773,42.3741683959961,67.0120544433594,236.094116210938,128.779998779297,326.231506347656,120.930732727051,97.154541015625,76.5626831054688,138.025329589844,50.091682434082
"2023-07-12",140.025726318359,195.89794921875,43.8700828552246,68.2002639770508,237.723373413086,130.800003051758,330.872772216797,120.875839233398,97.6312713623047,75.4175415039062,138.743072509766,50.2180099487305
"2023-07-13",140.70622253418,198.265182495117,45.9435768127441,68.4230422973633,238.802978515625,134.300003051758,336.230285644531,105.019523620605,95.8434906005859,76.5248260498047,138.83625793457,49.9232444763184
"2023-07-14",141.556900024414,197.392044067383,45.4359474182129,67.9496231079102,238.65576171875,134.679992675781,338.761871337891,106.858596801758,92.5429763793945,75.6920013427734,139.861557006836,50.0949172973633
"2023-07-17",144.968948364258,199.817459106445,46.4272232055664,67.448356628418,239.470397949219,133.559997558594,339.242706298828,111.579803466797,92.9463500976562,75.0295333862305,138.873565673828,50.1564636230469
"2023-07-18",145.23356628418,204.066833496094,47.4594688415527,66.8821029663086,236.310043334961,132.830001831055,352.744445800781,109.621788024902,92.5246200561523,74.3859710693359,139.134536743164,50.0657653808594
"2023-07-19",145.791229248047,203.552627563477,47.0427742004395,66.9285278320312,236.948013305664,135.360000610352,348.417205810547,108.167007446289,93.1664123535156,76.1084136962891,140.08528137207,50.0819625854492
"2023-07-20",147.587005615234,204.619827270508,45.4869079589844,68.7850723266602,235.181350708008,129.960006713867,340.361358642578,113.418899536133,94.8074951171875,77.6131820678711,141.221176147461,51.0083312988281
"2023-07-21",146.452835083008,201.495880126953,44.276782989502,70.4559631347656,234.818206787109,130,337.319488525391,113.812324523926,95.2475662231445,77.8970794677734,143.444152832031,51.2966041564941
"2023-07-24",149.335601806641,201.175720214844,44.5795669555664,70.0846405029297,236.280578613281,128.800003051758,338.63427734375,114.590042114258,96.7419586181641,78.2377777099609,143.903762817383,51.5978355407715
"2023-07-25",148.220306396484,200.137634277344,45.6457977294922,70.0289535522461,234.268585205078,129.130004882812,344.394195556641,113.043754577637,96.8886489868164,78.4933166503906,144.241455078125,51.5557250976562
"2023-07-26",149.108734130859,196.98454284668,45.4189529418945,69.0357131958008,232.708023071289,128.149993896484,331.432067871094,115.49585723877,96.3477401733398,78.777214050293,144.391540527344,51.740348815918
"2023-07-27",147.464172363281,196.072601318359,45.8666343688965,68.0145950317383,230.097320556641,128.25,324.514343261719,114.654083251953,96.650276184082,76.8655242919922,142.675018310547,51.5524826049805
"2023-07-28",148.30534362793,197.236801147461,46.7160110473633,67.6247024536133,231.383041381836,132.210006713867,332.020782470703,114.397903442383,95.4951171875,76.6667785644531,146.708312988281,51.7954139709473
"2023-07-31",149.297790527344,199.196563720703,46.6950302124023,68.0424499511719,233.326370239258,133.679992675781,329.616790771484,115.267105102539,98.3188858032227,77.7456512451172,146.605117797852,51.7792205810547
"2023-08-01",148.560531616211,212.468566894531,46.4731941223145,66.9934921264648,235.33837890625,131.690002441406,330.028869628906,116.584663391113,97.7504501342773,80.0643005371094,146.558242797852,51.5362930297852
"2023-08-02",146.878158569336,212.342422485352,44.2368202209473,66.7521438598633,233.15950012207,128.210006713867,321.354736328125,114.699844360352,96.5310897827148,79.0895462036133,146.877151489258,51.5719184875488
"2023-08-03",147.776077270508,210.625244140625,44.4826393127441,65.0719680786133,234.337265014648,128.910003662109,320.530487060547,117.893074035645,98.2088623046875,79.2977447509766,147.26171875,51.5848808288574
"2023-08-04",147.464172363281,210.294036865234,44.647518157959,64.2086715698242,234.563034057617,139.570007324219,321.629455566406,115.779495239258,98.4839096069336,77.9633331298828,145.648391723633,51.2868881225586
"2023-08-07",148.16357421875,215.349304199219,45.3839836120605,63.7166938781738,237.036315917969,142.220001220703,323.915771484375,116.804275512695,98.2822113037109,80.2441329956055,147.186660766602,51.9832801818848
"2023-08-08",147.331832885742,214.482406616211,44.6315307617188,63.781681060791,234.857467651367,139.940002441406,319.931976318359,115.742897033691,98.7681274414062,80.7173156738281,147.346115112305,52.0351028442383
"2023-08-09",145.356460571289,212.173934936523,42.523063659668,63.9766120910645,235.318771362305,137.850006103516,316.18359375,115.742897033691,100.445899963379,80.8876647949219,147.158538818359,52.1193199157715
"2023-08-10",145.139038085938,211.297317504883,42.3571929931641,63.3917961120605,236.154571533203,138.559997558594,316.870544433594,115.413520812988,100.95930480957,80.3955383300781,146.426910400391,52.093318939209
"2023-08-11",145.980270385742,212.690185546875,40.8252983093262,63.9766120910645,236.036560058594,138.410003662109,314.986541748047,116.968955993652,102.527046203613,79.742546081543,147.280471801758,52.3988647460938
"2023-08-14",146.282699584961,213.352508544922,43.7211837768555,63.6424179077148,238.848876953125,140.570007324219,317.959686279297,115.212226867676,102.609573364258,80.3431167602539,146.126739501953,52.0088005065918
"2023-08-15",142.558776855469,212.281066894531,43.9080581665039,62.5192260742188,235.830093383789,137.669998168945,315.820587158203,114.416191101074,99.975227355957,79.3802871704102,145.18879699707,51.7422561645508
"2023-08-16",141.953872680664,210.479125976562,43.4543876647949,62.7141609191895,235.299102783203,135.070007324219,315.053588867188,124.563148498535,98.2929382324219,79.3612289428711,143.706802368164,51.7682647705078
"2023-08-17",140.479431152344,208.813507080078,43.3124923706055,62.6677398681641,233.411102294922,133.979995727539,311.592376708984,123.71223449707,100.197067260742,77.9694290161133,142.675018310547,50.6078147888184
"2023-08-18",140.800765991211,209.076522827148,43.267520904541,62.9647827148438,234.197769165039,133.220001220703,311.199035644531,122.541076660156,101.712959289551,77.4069747924805,143.078338623047,51.3359375
"2023-08-21",141.282775878906,210.138214111328,46.9328575134277,62.2685890197754,235.466293334961,134.679992675781,316.508941650391,120.939888000488,100.483612060547,76.5680923461914,142.356140136719,51.1994132995605
"2023-08-22",138.352798461914,211.647964477539,45.6347961425781,62.6770286560059,236.557769775391,134.25,317.079223632812,119.430198669434,99.9197616577148,76.1200485229492,142.412399291992,51.0368919372559
"2023-08-23",139.288497924805,215.553848266602,47.0817527770996,63.0204811096191,238.258911132812,135.520004272461,321.543518066406,119.302101135254,99.0416564941406,77.2163314819336,143.744323730469,51.3911933898926
"2023-08-24",139.156173706055,215.173965454102,47.1287117004395,62.3985481262207,235.476089477539,131.839996337891,314.630767822266,120.683700561523,98.3021926879883,76.6062164306641,143.078338623047,50.9978790283203
"2023-08-25",138.986068725586,218.427261352539,45.984546661377,63.0854644775391,238.524383544922,133.259994506836,317.590576171875,121.305885314941,100.058410644531,77.2449264526367,144.016326904297,51.300178527832
"2023-08-28",139.468078613281,220.365570068359,46.8009490966797,63.141170501709,239.763397216797,133.139999389648,318.298583984375,120.390914916992,100.899559020996,77.4927749633789,144.241455078125,51.5927314758301
"2023-08-29",140.602264404297,222.157775878906,48.74853515625,63.1019020080566,241.248184204102,134.910003662109,322.929931640625,121.003936767578,101.500366210938,79.1800994873047,144.32585144043,52.0250511169434
"2023-08-30",140.035186767578,224.105850219727,49.2281837463379,62.7093200683594,242.123352050781,135.070007324219,323.303619384766,122.63257598877,102.489395141602,79.037109375,144.485321044922,52.3988647460938
"2023-08-31",138.305541992188,224.388336181641,49.3191184997559,62.4382743835449,241.582504272461,138.009994506836,322.290802001953,122.12020111084,102.775939941406,79.0085144042969,144.766693115234,52.8571891784668
"2023-09-01",138.768676757812,227.602645874023,48.4737396240234,62.5036964416504,243.97200012207,138.119995117188,323.175750732422,123.959274291992,104.929611206055,78.7797164916992,144.926147460938,52.5191383361816
"2023-09-05",137.237487792969,223.609115600586,48.5127067565918,61.8774375915527,241.248184204102,137.270004272461,327.984191894531,122.165946960449,104.938865661621,77.0828628540039,142.98454284668,52.0965614318848
"2023-09-06",137.010681152344,225.596145629883,47.0306587219238,61.4007415771484,242.054534912109,135.360000610352,327.325378417969,123.373695373535,105.844703674316,78.1505508422852,142.703140258789,52.4866333007812
"2023-09-07",135.838684082031,228.713043212891,46.2111968994141,61.9241752624512,243.018173217773,137.850006103516,324.404968261719,125.725158691406,105.327087402344,78.6939392089844,144.063217163086,53.1367416381836
"2023-09-08",135.942626953125,229.998794555664,45.5426139831543,62.4663047790527,243.165649414062,138.229995727539,328.692199707031,124.215461730957,106.861473083496,78.7415924072266,143.444152832031,53.234260559082
"2023-09-11",136.538101196289,231.859176635742,45.1488723754883,63.12060546875,243.096832275391,143.100006103516,332.300933837891,125.587913513184,105.521186828613,79.8283386230469,145.151245117188,53.4195442199707
"2023-09-12",138.314987182617,221.982482910156,44.8410720825195,63.3075485229492,243.175506591797,141.229995727539,326.233856201172,126.859687805176,108.59920501709,79.6853408813477,142.599960327148,53.4780502319336
"2023-09-13",138.381164550781,215.661010742188,45.4556770324707,63.9618377685547,243.696670532227,144.850006103516,330.452301025391,127.335487365723,107.628662109375,78.7225189208984,143.594223022461,53.4910469055176
"2023-09-14",141.065414428711,216.381759643555,45.5516166687012,64.7563400268555,237.472244262695,144.720001220703,333.048278808594,127.701454162598,109.551261901855,80.562370300293,145.170028686523,53.7153358459473
"2023-09-15",140.649536132812,211.988891601562,43.8717002868652,64.1581268310547,237.049407958984,140.389999389648,324.709747314453,126.942054748535,107.86897277832,80.4289093017578,143.95068359375,53.5170516967773
"2023-09-18",140.942565917969,213.459671020508,43.9376564025879,63.784236907959,240.579559326172,139.979995727539,323.569061279297,128.607299804688,108.737854003906,80.8292999267578,144.494689941406,53.1204872131348
"2023-09-19",140.762954711914,210.547302246094,43.4919395446777,63.1766777038574,239.49787902832,137.630004882812,323.165924072266,130.354858398438,108.451316833496,79.8283386230469,144.072601318359,53.1074905395508
"2023-09-20",140.167510986328,209.076522827148,42.2117729187012,62.9523582458496,237.826217651367,135.289993286133,315.417388916016,130.556167602539,107.591674804688,81.27734375,143.95068359375,53.2797660827637
"2023-09-21",139.071105957031,205.180358886719,40.9905586242676,62.541088104248,232.663787841797,129.330001831055,314.198150634766,130.290802001953,106.075790405273,79.8283386230469,142.703140258789,52.6329040527344
"2023-09-22",137.738418579102,207.138198852539,41.5831756591797,63.2794952392578,231.159286499023,129.119995117188,311.720153808594,131.077682495117,106.242156982422,78.9608459472656,142.17790222168,52.7726745605469
"2023-09-25",138.418960571289,210.294036865234,42.1947784423828,63.0645179748535,229.467987060547,131.270004272461,312.241363525391,130.309127807617,107.434555053711,79.3040313720703,141.314971923828,53.006721496582
"2023-09-26",136.982315063477,205.589492797852,41.8839912414551,61.073600769043,225.819869995117,125.980003356934,306.931488037109,128.781143188477,107.600929260254,77.3021240234375,140.058090209961,52.8214340209961
"2023-09-27",137.785720825195,208.794067382812,42.440616607666,56.0448837280273,225.67236328125,125.980003356934,307.570617675781,128.662185668945,111.104125976562,76.4536972045898,138.200881958008,52.5678939819336
"2023-09-28",139.496429443359,209.933685302734,43.0612144470215,53.3529357910156,227.796356201172,125.980003356934,308.406463623047,128.470031738281,110.42936706543,76.7015533447266,137.262924194336,52.8344421386719
"2023-09-29",137.067413330078,207.742080688477,43.4709548950195,53.5492248535156,226.173858642578,127.120002746582,310.481170654297,127.454444885254,108.682395935059,78.0933456420898,136.81266784668,51.9860496520996
"2023-10-02",135.885925292969,204.781021118164,44.7531280517578,48.7448387145996,227.412826538086,129.460006713867,316.430236816406,127.152488708496,106.879943847656,77.912239074707,136.184265136719,52.0413093566895
"2023-10-03",134.884078979492,203.621917724609,43.4889450073242,49.3337097167969,224.993881225586,124.720001220703,308.160614013672,127.5458984375,107.064819335938,75.6052703857422,136.465637207031,51.7129974365234
"2023-10-04",135.488983154297,203.904373168945,44.0126113891602,47.3147468566895,227.363693237305,127,313.637664794922,130.164611816406,103.062469482422,77.8359603881836,136.915863037109,52.3338584899902
"2023-10-05",136.060241699219,197.904342651367,44.6591911315918,46.2211456298828,229.585968017578,125.959999084473,314.030944824219,130.47590637207,100.742416381836,79.1228942871094,134.880462646484,51.7097511291504
"2023-10-06",138.154937744141,204.732330322266,45.7325019836426,46.9595565795898,231.119964599609,127.959999084473,321.799163818359,130.805511474609,99.0601501464844,77.6739120483398,135.152481079102,50.8418502807617
"2023-10-09",137.840759277344,207.742080688477,45.2438125610352,46.0996284484863,230.529998779297,128.259994506836,324.316467285156,131.171783447266,102.5263671875,78.2840042114258,134.467758178711,50.6565704345703
"2023-10-10",138.678619384766,207.703125,45.7684745788574,48.2120628356934,232.653945922852,129.479995727539,322.910308837891,130.247009277344,102.091926574707,79.7615966796875,135.799682617188,51.2286682128906
"2023-10-11",139.154663085938,210.264831542969,46.7758255004883,50.0440788269043,231.749282836914,131.830001831055,326.873046875,131.721160888672,98.4315948486328,81.801643371582,134.130096435547,51.4334487915039
"2023-10-12",138.830963134766,211.803817749023,46.9147338867188,49.5393447875977,232.830963134766,132.330001831055,325.634094238281,131.208419799805,98.4131240844727,81.0294723510742,134.430221557617,51.6674957275391
"2023-10-13",140.916137695312,203.183609008789,45.4316902160645,50.9320526123047,233.706115722656,129.789993286133,322.261291503906,141.875396728516,101.55583190918,81.1724700927734,135.715270996094,51.9535369873047
"2023-10-16",140.773300170898,206.134918212891,46.0652885437012,50.8292388916016,236.06608581543,132.550003051758,327.089416503906,143.798187255859,101.629776000977,81.6681747436523,137.009658813477,52.4021148681641
"2023-10-17",140.468643188477,206.27131652832,43.9096755981445,50.632942199707,237.177230834961,131.470001220703,326.519104003906,145.528701782227,102.960807800293,82.5166015625,137.187850952148,52.4703788757324
"2023-10-18",138.926162719727,197.154342651367,42.1687927246094,49.7636756896973,233.509460449219,128.130004882812,324.601623535156,145.748458862305,104.402755737305,81.7539825439453,140.724044799805,52.5093841552734
"2023-10-19",138.335845947266,194.719253540039,42.0738639831543,48.9691734313965,229.910491943359,128.399993896484,325.791381835938,144.484893798828,104.46745300293,79.9999313354492,139.932113647461,52.2590942382812
"2023-10-20",136.107833862305,188.95295715332,41.3603172302246,48.567253112793,229.487655639648,125.169998168945,321.219024658203,141.774673461914,102.674255371094,79.971321105957,139.743316650391,51.6057281494141
"2023-10-23",134.251190185547,190.394515991211,42.9472961425781,48.1559791564941,227.668533325195,126.559997558594,323.824737548828,140.529418945312,101.167594909668,79.1133728027344,139.837738037109,52.3371047973633
"2023-10-24",134.413040161133,194.456268310547,43.6348457336426,51.5209197998047,230.736480712891,128.559997558594,325.014556884766,143.056549072266,100.187812805176,80.3526382446289,141.489532470703,53.0652313232422
"2023-10-25",133.679916381836,190.160766601562,41.7520713806152,52.7734184265137,232.899795532227,121.389999389648,334.985412597656,143.230499267578,100.372680664062,78.8083114624023,142.150268554688,52.905948638916
"2023-10-26",134.022659301758,191.446502685547,40.3000030517578,53.8109436035156,227.42268371582,119.569999694824,322.418670654297,140.877349853516,99.4576110839844,79.1610488891602,141.395156860352,52.5841407775879
"2023-10-27",129.195343017578,190.238662719727,40.4738883972168,52.5677833557129,225.446212768555,127.73999786377,324.306549072266,140.144882202148,97.5627365112305,77.5499725341797,138.903259277344,52.3891143798828
"2023-10-30",130.842544555664,192.644546508789,41.1344680786133,53.4650993347168,229.192672729492,132.710006713867,331.681396484375,142.095153808594,97.8677520751953,78.0456924438477,140.885452270508,52.9904670715332
"2023-10-31",132.404022216797,202.51155090332,40.7537117004395,54.4932746887207,231.178985595703,133.089996337891,332.468109130859,144.750442504883,97.8400192260742,79.7044067382812,141.612243652344,53.1172370910645
"2023-11-01",132.289779663086,209.251846313477,42.2977180480957,54.6147880554199,234.600952148438,137,340.295257568359,146.142181396484,97.6459197998047,81.4393920898438,141.215805053711,53.5918197631836
"2023-11-02",134.651077270508,210.547302246094,43.4779510498047,55.9981498718262,239.19303894043,138.070007324219,342.507720947266,145.373077392578,100.85334777832,83.6986770629883,142.943115234375,53.8031005859375
"2023-11-03",136.155456542969,210.048553466797,44.9759826660156,55.502758026123,239.537216186523,138.600006103516,346.912963867188,143.029083251953,99.6239852905273,84.3183288574219,141.649993896484,53.5235557556152
"2023-11-06",137.18376159668,211.652359008789,45.721508026123,55.1849517822266,239.429046630859,139.740005493164,350.580780029297,144.878601074219,97.858528137207,84.0227966308594,142.471176147461,53.5950660705566
"2023-11-07",137.117111206055,211.075378417969,45.9253768920898,54.6428298950195,240.687698364258,142.710006713867,354.513977050781,145.2265625,96.3241348266602,81.6491241455078,142.140808105469,53.8453559875488
"2023-11-08",137.79313659668,212.79655456543,46.5439796447754,53.7455139160156,240.352661132812,142.080001831055,357.139434814453,145.2265625,95.1410064697266,82.3354797363281,141.593368530273,53.4065361022949
"2023-11-09",137.383682250977,213.559326171875,46.9197311401367,51.1470413208008,238.115753173828,140.600006103516,354.671295166016,146.819747924805,95.1687240600586,80.6862945556641,141.914276123047,53.2830123901367
"2023-11-10",139.421295166016,216.923385620117,48.3038482666016,51.5396156311035,241.673110961914,143.559997558594,363.501434326172,146.856353759766,95.8989410400391,81.9636993408203,142.914810180664,54.0208892822266
"2023-11-13",138.80241394043,217.656845092773,48.5886497497559,50.9413948059082,241.1015625,142.589996337891,360.561370849609,148.257263183594,96.9064636230469,82.0597076416016,143.90592956543,54.5052223205566
"2023-11-14",141.335083007812,223.064758300781,49.6239891052246,53.7922439575195,243.338470458984,145.800003051758,364.091369628906,146.068923950195,97.2795715332031,83.4710540771484,143.5849609375,54.4954681396484
"2023-11-15",142.572860717773,220.668838500977,48.8564834594727,53.2781600952148,244.491394042969,143.199996948242,364.2392578125,144.365875244141,96.6919250488281,82.8373947143555,142.924240112305,55.1878395080566
"2023-11-16",144.201019287109,221.79345703125,49.4481010437012,52.9042816162109,244.944686889648,142.830001831055,370.643798828125,146.444351196289,95.5725860595703,83.3078384399414,144.255126953125,50.7215805053711
"2023-11-17",145.505416870117,222.771392822266,49.2662200927734,53.6240043640137,245.920257568359,145.179992675781,364.416625976562,144.274322509766,97.904541015625,83.9990997314453,142.593902587891,50.4972915649414
"2023-11-20",145.952941894531,221.910781860352,50.3765068054199,53.5959587097168,246.324264526367,146.130004882812,371.895141601562,145.904113769531,97.4754638671875,85.0168228149414,141.838775634766,50.4810409545898
"2023-11-21",145.64826965332,221.998794555664,49.9117965698242,54.1941680908203,248.551315307617,143.899993896484,367.58935546875,148.15657043457,97.4381484985352,85.1992416381836,141.215805053711,50.6630706787109
"2023-11-22",145.991027832031,223.856887817383,48.6845932006836,54.1545944213867,250.019561767578,146.710006713867,372.299072265625,148.889038085938,97.0184020996094,85.1608352661133,142.54670715332,50.2762565612793
"2023-11-24",146.190994262695,223.67106628418,47.7452011108398,54.2299728393555,250.591110229492,146.740005493164,371.885192871094,149.905395507812,97.5407485961914,86.0441436767578,142.886474609375,50.728084564209
"2023-11-27",145.857727050781,223.729736328125,48.2109031677246,54.258243560791,250.433441162109,147.729995727539,373.047943115234,150.537170410156,96.9717559814453,86.5241775512695,142.754364013672,50.9588737487793
"2023-11-28",146.190994262695,219.632247924805,47.7901649475098,54.8047866821289,249.250946044922,147.029998779297,377.077850341797,149.484176635742,96.9157867431641,85.7464904785156,143.745422363281,51.566722869873
"2023-11-29",146.933654785156,220.815536499023,48.1089630126953,54.9932518005371,250.522125244141,146.320007324219,373.284393310547,149.246124267578,95.4606475830078,84.6807708740234,142.650543212891,50.7345848083496
"2023-11-30",148.609375,222.663803100586,46.7398490905762,55.1345901489258,252.936416625977,146.089996337891,373.343505859375,150.189208984375,95.8337707519531,85.5448684692383,144.906433105469,50.6078147888184
"2023-12-01",149.333023071289,225.372665405273,46.7348518371582,55.7565231323242,252.709762573242,147.029998779297,369.008148193359,148.751708984375,96.0669784545898,85.8905029296875,144.094696044922,50.1689872741699
"2023-12-04",150.427978515625,223.162551879883,45.4806594848633,55.2853698730469,250.729095458984,144.839996337891,363.717071533203,149.621551513672,95.5446090698242,86.2361526489258,143.528335571289,50.1559867858887
"2023-12-05",150.408935546875,220.61994934082,46.5400772094727,54.8707466125488,250.896621704102,146.880004882812,367.047393798828,149.731414794922,93.6883773803711,86.2937469482422,138.525695800781,50.6208114624023
"2023-12-06",148.828384399414,221.910781860352,45.4776573181152,56.727108001709,250.581253051758,144.520004272461,363.382019042969,147.863571166992,92.4477844238281,83.9319152832031,138.421890258789,50.071475982666
"2023-12-07",149.285400390625,222.898513793945,46.5700531005859,56.3972969055176,252.088989257812,146.880004882812,365.500427246094,148.064956665039,91.8041687011719,84.0183181762695,138.280288696289,49.741943359375
"2023-12-08",150.9326171875,227.18180847168,47.479549407959,56.2559509277344,252.010101318359,147.419998168945,368.732238769531,147.570526123047,92.8581924438477,84.2199249267578,137.006057739258,49.2199287414551
"2023-12-11",151.484848022461,229.499496459961,46.6010398864746,56.2653732299805,252.778701782227,145.889999389648,365.845306396484,149.630706787109,92.9235076904297,84.5559768676758,137.638473510742,49.3439102172852
"2023-12-12",152.836898803711,231.817184448242,47.6304664611816,56.0863342285156,255.774383544922,147.479995727539,368.880035400391,151.196426391602,91.4590377807617,85.064826965332,137.751708984375,49.383056640625
"2023-12-13",153.351043701172,231.562927246094,48.0612258911133,58.9038391113281,258.553283691406,148.839996337891,368.870208740234,147.002868652344,92.2705383300781,87.2250366210938,140.243606567383,50.2607002258301
"2023-12-14",156.140808105469,232.452819824219,48.3230743408203,59.1582641601562,254.956512451172,147.419998168945,360.554229736328,140.593505859375,94.7517471313477,88.204345703125,136.543518066406,49.647331237793
"2023-12-15",157.321426391602,232.169235229492,48.8627738952637,57.9521102905273,254.266662597656,149.970001220703,365.283721923828,140.46533203125,94.1174545288086,87.1674346923828,135.882843017578,49.8332977294922
"2023-12-18",158.273559570312,231.895416259766,50.0491180419922,57.4809494018555,254.601760864258,154.070007324219,367.175445556641,142.836791992188,94.8170471191406,86.5433731079102,137.968780517578,50.560863494873
"2023-12-19",160.387329101562,232.892883300781,49.5763740539551,58.0180702209473,256.198120117188,153.789993286133,367.776489257812,144.375030517578,96.0669784545898,86.687385559082,137.968780517578,50.7435684204102
"2023-12-20",158.578262329102,228.785614013672,48.0842132568359,56.387866973877,253.360107421875,152.119995117188,365.175323486328,142.43391418457,94.4625701904297,84.9976043701172,135.83561706543,50.1497764587402
"2023-12-21",159.482788085938,232.051895141602,48.9627227783203,56.1617164611816,255.754699707031,153.839996337891,368.052368164062,143.276290893555,94.8916778564453,86.360954284668,136.165969848633,50.5053977966309
"2023-12-22",159.387588500977,233.372100830078,48.8028144836426,56.3030624389648,254.660858154297,153.419998168945,369.077056884766,144.448257446289,95.0595626831055,86.3705520629883,137.12873840332,51.1089820861816
"2023-12-26",160.330184936523,234.907455444336,49.2515563964844,56.7365188598633,255.380264282227,153.410003662109,369.155914306641,144.100341796875,95.2741012573242,86.8506088256836,137.751708984375,51.0306777954102
"2023-12-27",161.29182434082,235.503967285156,49.3894882202148,57.0851860046387,255.153549194336,153.339996337891,368.574676513672,144.356735229492,94.8263702392578,87.4170608520508,137.864974975586,51.5102920532227
"2023-12-28",162.148773193359,235.435516357422,49.4944267272949,57.4997978210449,256.602172851562,153.380004882812,369.766845703125,144.979339599609,93.4551773071289,87.5226821899414,137.553482055664,51.4091453552246
"2023-12-29",161.958343505859,235.503967285156,49.4944267272949,57.2359504699707,256.552886962891,151.940002441406,370.515655517578,145.84001159668,93.2593078613281,86.5721740722656,138.318069458008,51.435245513916
"2024-01-02",163.843551635742,233.626342773438,48.1411781311035,58.0180702209473,255.094451904297,149.929992675781,365.421600341797,147.991744995117,95.4793167114258,86.6393814086914,140.394622802734,51.9703178405762
"2024-01-03",163.129470825195,227.954406738281,47.5425148010254,58.4138412475586,254.21745300293,148.470001220703,365.155609130859,149.401779174805,96.2815017700195,85.3624572753906,139.545120239258,51.9735794067383
"2024-01-04",164.212020874023,229.303909301758,47.9712791442871,58.2347946166992,255.823654174805,144.570007324219,362.53466796875,149.246124267578,95.4420013427734,85.1608352661133,140.309661865234,51.471134185791
"2024-01-05",165.035919189453,229.675521850586,49.0696601867676,58.4986419677734,255.902481079102,145.240005493164,362.347473144531,148.980575561523,95.7311630249023,84.9880142211914,139.148681640625,51.1285629272461
"2024-01-08",164.796417236328,233.704574584961,52.2239036560059,59.2901840209961,258.7109375,149.100006103516,369.185455322266,151.416137695312,94.136100769043,86.2265319824219,140.347412109375,51.6310005187988
"2024-01-09",163.493530273438,234.193542480469,53.1104125976562,58.4326782226562,259.489410400391,151.369995117188,370.269378662109,152.606460571289,92.9701385498047,86.0153274536133,140.923202514648,51.9768447875977
"2024-01-10",163.838394165039,235.572402954102,54.3197364807129,58.6871070861816,260.701477050781,153.729995727539,377.146759033203,151.544357299805,92.056022644043,87.1098327636719,141.527282714844,52.6228370666504
"2024-01-11",163.148635864258,238.046569824219,54.7914733886719,57.2171058654785,260.17919921875,155.179992675781,378.979522705078,153.842529296875,92.0373458862305,86.389762878418,142.065307617188,52.5641174316406
"2024-01-12",161.951126098633,236.765487670898,54.6795387268066,57.5186424255371,260.317169189453,154.619995117188,382.763092041016,154.648284912109,93.2313079833984,88.261962890625,142.150268554688,52.6326293945312
"2024-01-16",160.935638427734,236.40364074707,56.3506050109863,56.8684387207031,261.371520996094,153.160003662109,384.53662109375,154.346145629883,91.1232299804688,87.6762924194336,141.385696411133,52.7990226745605
"2024-01-17",160.073425292969,232.022537231445,56.0217895507812,54.908447265625,262.741302490234,151.710006713867,383.748382568359,155.554763793945,90.4609603881836,86.0633239746094,141.527282714844,52.5510673522949
"2024-01-18",160.389572143555,234.819412231445,57.0752029418945,54.3242111206055,264.229309082031,153.5,388.083740234375,156.355331420898,90.2930603027344,85.4584655761719,140.711364746094,53.2590484619141
"2024-01-19",163.158233642578,239.20051574707,59.457878112793,53.9567070007324,266.949005126953,155.339996337891,392.813232421875,156.567016601562,90.4329681396484,86.2649383544922,140.169952392578,52.9784698486328
"2024-01-22",162.966613769531,238.515991210938,59.6207885742188,53.5703659057617,267.244659423828,154.779998779297,390.684936523438,156.695846557617,90.3117065429688,85.3912582397461,140.445419311523,52.9817352294922
"2024-01-23",161.893646240234,237.880340576172,59.8396682739258,54.0697898864746,267.3037109375,156.020004272461,393.039855957031,156.732666015625,91.3284530639648,84.5463638305664,146.258514404297,53.1154975891113
"2024-01-24",163.340240478516,236.237426757812,61.3278388977051,53.7211303710938,267.688049316406,156.869995117188,396.64599609375,164.131240844727,92.9048385620117,83.6534805297852,144.491775512695,52.3650894165039
"2024-01-25",165.677780151367,240.393615722656,61.5826950073242,54.6351661682129,268.634063720703,157.75,398.922149658203,163.809188842773,95.2647705078125,83.7398910522461,147.81623840332,53.1285514831543
"2024-01-26",165.045501708984,240.462036132812,60.9970207214355,55.1063270568848,264.032196044922,159.119995117188,397.995941162109,165.106658935547,96.076286315918,83.9030990600586,148.310180664062,53.595100402832
"2024-01-29",165.476577758789,243.229553222656,62.4302177429199,56.1334495544434,269.668792724609,161.259994506836,403.700866699219,163.5791015625,96.1975555419922,83.6918869018555,148.329193115234,53.8463249206543
"2024-01-30",168.867965698242,244.745361328125,62.7390441894531,55.8601760864258,273.107879638672,159,402.587463378906,165.37353515625,97.8019256591797,83.4614486694336,149.592483520508,54.0257720947266
"2024-01-31",167.038146972656,240.647857666016,61.492748260498,55.2476692199707,269.274597167969,155.199996948242,391.739227294922,164.030014038086,95.899055480957,83.058219909668,149.260055541992,53.9148406982422
"2024-02-01",166.434600830078,258.729705810547,62.9919052124023,56.3030624389648,273.009307861328,159.279998779297,397.84814453125,164.453353881836,95.5072937011719,84.709587097168,151.197738647461,54.913200378418
"2024-02-02",167.392608642578,264.137603759766,66.1231689453125,54.7953681945801,273.137420654297,171.809997558594,405.178833007812,166.275375366211,95.1155319213867,84.4215469360352,150.162399291992,55.3242950439453
"2024-02-05",167.172286987305,263.472625732422,69.2933959960938,52.7411308288574,271.560760498047,170.309997558594,399.690673828125,167.646469116211,94.723762512207,83.058219909668,150.276397705078,55.0273895263672
"2024-02-06",167.747085571289,265.135070800781,68.1850128173828,52.9861259460449,272.723571777344,169.149993896484,399.532989501953,165.888870239258,95.376708984375,83.0774230957031,150.988784790039,55.4025993347168
"2024-02-07",168.063186645508,266.826904296875,70.0599670410156,53.1274795532227,275.315246582031,170.529998779297,407.967224121094,167.637329101562,95.3487319946289,83.2982330322266,151.140731811523,55.2622985839844
"2024-02-08",167.459671020508,267.178985595703,69.6022109985352,53.042667388916,272.264556884766,169.839996337891,408.026397705078,168.364303588867,96.9810943603516,83.5094680786133,150.684829711914,55.2590446472168
"2024-02-09",167.660858154297,271.824127197266,72.0928573608398,53.3159370422363,272.906311035156,174.449996948242,414.371765136719,168.143463134766,94.9289703369141,84.1623458862305,149.526016235352,55.229679107666
"2024-02-12",168.408096313477,268.000427246094,72.2077713012695,54.2299728393555,271.563629150391,172.339996337891,409.159515380859,167.812133789062,96.23486328125,84.0567169189453,149.231536865234,55.5624618530273
"2024-02-13",166.942337036133,266.367248535156,72.0878524780273,52.0626564025879,272.294189453125,168.639999389648,400.350830078125,167.554473876953,95.4063873291016,83.7878952026367,148.433670043945,55.1839981079102
"2024-02-14",168.63801574707,269.535736083984,73.8588638305664,52.7788200378418,274.021850585938,170.979995727539,404.220367431641,172.956176757812,94.935661315918,89.6444931030273,147.825775146484,55.0078239440918
"2024-02-15",172.316757202148,269.701995849609,72.6175384521484,53.9661254882812,277.398284912109,169.800003051758,401.328063964844,174.143295288086,97.6564483642578,89.9997253417969,149.136566162109,55.2329444885254
"2024-02-16",171.512054443359,271.393798828125,72.5725555419922,53.7399749755859,275.009185791016,169.509994506836,398.860260009766,174.005279541016,97.6564483642578,89.4140701293945,149.611480712891,55.5820465087891
"2024-02-20",172.182647705078,269.995422363281,69.413330078125,53.3442077636719,271.642608642578,167.080001831055,397.606628417969,174.364120483398,96.7338180541992,89.1068267822266,150.561340332031,57.3764839172363
"2024-02-21",173.303527832031,271.041778564453,67.4344329833984,53.8059387207031,273.232147216797,168.589996337891,397.004455566406,175.072723388672,98.7108688354492,90.489387512207,152.356567382812,56.6717643737793
"2024-02-22",175.382400512695,278.297973632812,78.4942779541016,53.4007453918457,280.132995605469,174.580001831055,406.352600097656,176.397872924805,98.6261444091797,90.663330078125,152.508560180664,57.2296676635742
"2024-02-23",176.263763427734,278.640228271484,78.7731170654297,53.5043983459473,279.984924316406,174.990005493164,405.059387207031,176.038955688477,97.7600173950195,90.2671279907227,152.955001831055,57.2786064147949
"2024-02-26",175.660217285156,278.024139404297,79.047966003418,52.4441070556641,280.527893066406,174.729995727539,402.295471191406,178.137069702148,98.1460037231445,88.7692794799805,152.185607910156,58.3356895446777
"2024-02-27",175.746429443359,277.310302734375,78.6571655273438,52.8339881896973,279.560363769531,173.539993286133,402.236267089844,176.848739624023,97.9388809204102,89.0205230712891,151.311737060547,58.3259086608887
"2024-02-28",176.63737487793,280.625457763672,77.6197662353516,52.3395004272461,281.989013671875,173.160003662109,402.473175048828,176.710723876953,98.2118988037109,88.7692794799805,152.024124145508,58.3552703857422
"2024-02-29",178.246826171875,282.620422363281,79.0679397583008,52.4821395874023,279.037170410156,176.759994506836,408.317016601562,174.437759399414,98.4001922607422,89.0591888427734,150.969787597656,57.3667030334473
"2024-03-01",177.509170532227,287.216644287109,82.2331771850586,52.501163482666,279.550567626953,178.220001220703,410.153045654297,172.845779418945,99.6429061889648,89.600341796875,150.884307861328,57.5135116577148
"2024-03-04",178.840774536133,290.033081054688,85.1895446777344,52.2729377746582,276.954040527344,177.580001831055,409.580505371094,174.143295288086,98.2495651245117,90.2574615478516,151.558700561523,58.0420570373535
"2024-03-05",180.632278442383,285.485717773438,85.9201736450195,52.6818389892578,275.818695068359,174.119995117188,397.468414306641,174.667831420898,99.4546127319336,88.4697113037109,151.33073425293,58.7663650512695
"2024-03-06",181.571105957031,290.189544677734,88.6547622680664,52.8054580688477,276.855285644531,173.509994506836,396.915649414062,180.373199462891,100.518447875977,88.9722061157227,151.56819152832,59.2851104736328
"2024-03-07",179.980850219727,294.482635498047,92.6217422485352,53.4901313781738,274.712982177734,176.820007324219,403.874877929688,180.47444152832,101.083320617676,88.9432220458984,152.565536499023,59.0795783996582
"2024-03-08",180.316146850586,291.833984375,87.4833755493164,54.9735946655273,276.470275878906,175.350006103516,400.992523193359,182.581756591797,102.0341796875,88.9045791625977,152.309066772461,58.8446655273438
"2024-03-11",180.383163452148,287.135009765625,85.7302627563477,55.030647277832,276.983642578125,171.960006713867,399.314331054688,181.044982910156,102.63671875,89.5810012817383,153.448928833008,59.3732147216797
"2024-03-12",181.868118286133,292.079193115234,91.8661422729492,54.3459777832031,280.300842285156,175.389999389648,409.935882568359,183.069458007812,101.977691650391,89.7356338500977,153.809844970703,60.1072998046875
"2024-03-13",183.343444824219,294.531646728516,90.8416442871094,56.6187133789062,281.505279541016,176.559997558594,409.758148193359,183.805648803711,103.116851806641,89.5616912841797,154.161285400391,59.980052947998
"2024-03-14",180.076629638672,294.580749511719,87.8991546630859,56.6187133789062,282.759033203125,178.75,419.747955322266,185.765731811523,104.943252563477,88.6146545410156,153.401397705078,59.9289817810059
"2024-03-15",182.308792114258,292.236175537109,87.7922134399414,57.1322250366211,279.432037353516,174.419998168945,411.061187744141,188.535614013672,104.75496673584,88.2764358520508,153.28742980957,59.5950660705566
"2024-03-18",184.569686889648,293.070007324219,88.4098968505859,57.2178001403809,281.416381835938,174.479995727539,411.949615478516,189.943542480469,105.724670410156,89.1944732666016,153.125961303711,59.771842956543
"2024-03-19",185.652221679688,297.199951171875,89.3524169921875,58.2638320922852,283.687072753906,175.899993896484,415.986999511719,189.096954345703,106.468391418457,90.5087127685547,153.71484375,59.7816619873047
"2024-03-20",188.085571289062,303.919769287109,90.3259201049805,59.1482048034668,285.592468261719,178.149993896484,419.7578125,189.308609008789,106.374267578125,89.8612518310547,153.866851806641,60.1548728942871
"2024-03-21",190.700927734375,309.521148681641,91.3883666992188,58.3494186401367,286.668609619141,178.149993896484,423.844543457031,189.17057800293,106.844993591309,89.9675598144531,153.743377685547,60.3512992858887
"2024-03-22",188.363388061523,310.561004638672,94.2409133911133,58.7488059997559,279.649230957031,178.869995117188,423.22265625,189.290191650391,106.844993591309,88.9818801879883,153.553359985352,59.7816619873047
"2024-03-25",186.63899230957,305.950378417969,94.9535522460938,59.5380859375,277.625366210938,179.710006713867,417.418334960938,189.584655761719,107.937057495117,88.1991271972656,152.157104492188,59.4870300292969
"2024-03-26",187.510757446289,306.146545410156,92.513801574707,58.4159812927246,277.023162841797,178.300003051758,416.223876953125,188.323944091797,107.127418518066,87.9478759765625,152.499069213867,59.4281044006348
"2024-03-27",191.141616821289,308.422424316406,90.203987121582,60.6601943969727,275.463287353516,179.830001831055,416.006683349609,189.704299926758,108.238327026367,89.6776428222656,154.455780029297,59.6343536376953
"2024-03-28",191.88883972168,306.735137939453,90.3099212646484,60.7743034362793,275.522521972656,180.380004882812,415.305877685547,190.320846557617,109.433967590332,90.2961120605469,154.113800048828,59.094181060791
"2024-04-01",190.585968017578,306.097564697266,90.3169174194336,60.2703094482422,274.732696533203,180.970001220703,419.106353759766,193.201141357422,110.140045166016,88.894905090332,152.527557373047,58.9272270202637
"2024-04-02",190.509338378906,308.765777587891,89.4063873291016,59.7948417663574,274.890686035156,180.690002441406,416.016632080078,193.274749755859,112.295967102051,87.9188919067383,152.51806640625,58.1022453308105
"2024-04-03",189.972839355469,314.838134765625,88.9186401367188,59.481029510498,273.429534912109,182.410003662109,415.039337158203,194.048126220703,112.314796447754,88.1991271972656,148.319702148438,58.3674087524414
"2024-04-04",188.527435302734,314.072967529297,85.8611831665039,60.6031303405762,270.507263183594,180,412.502410888672,192.639495849609,112.71019744873,87.3970642089844,147.654815673828,58.4361572265625
"2024-04-05",190.261901855469,324.226165771484,87.9631271362305,61.0310516357422,273.607238769531,185.070007324219,420.044128417969,194.259857177734,114.263595581055,88.6726379394531,148.272216796875,58.7799034118652
"2024-04-08",191.254409790039,319.625335693359,87.0885620117188,61.6776924133301,274.219360351562,185.190002441406,419.126068115234,193.698257446289,113.49161529541,88.7016372680664,148.215179443359,58.7111549377441
"2024-04-09",189.972854614258,307.902526855469,85.3104553222656,62.1721687316895,273.192565917969,185.669998168945,420.794311523438,188.560974121094,114.084732055664,88.9045791625977,148.804107666016,58.7209777832031
"2024-04-10",188.35400390625,308.393005371094,86.9946212768555,60.8693962097168,270.981170654297,185.949996948242,417.813171386719,189.794662475586,115.04500579834,87.1651229858398,149.355056762695,59.5361328125
"2024-04-11",188.3154296875,311.228118896484,90.5697937011719,60.8028259277344,272.165832519531,189.050003051758,422.423065185547,186.213272094727,114.65901184082,87.3294143676758,148.025253295898,59.0156135559082
"2024-04-12",176.135604858398,312.444519042969,88.1410369873047,59.9850273132324,272.442260742188,186.130004882812,416.470672607422,187.723159790039,113.322151184082,86.768928527832,147.540817260742,59.0647201538086
"2024-04-15",176.231964111328,309.285736083984,85.9571380615234,59.671215057373,267.821929931641,183.619995117188,408.317016601562,190.199737548828,112.672554016113,86.1021347045898,147.654815673828,58.858470916748
"2024-04-16",174.218048095703,309.354431152344,87.3704223632812,58.672737121582,267.891082763672,183.320007324219,409.244873046875,191.820098876953,111.740516662598,85.3387222290039,148.129699707031,58.7700843811035
"2024-04-17",173.524276733398,304.282684326172,83.9921493530273,60.6601943969727,269.213958740234,181.279998779297,406.540130615234,192.529022216797,111.684036254883,86.6819381713867,149.089080810547,58.5834808349609
"2024-04-18",174.65168762207,303.066284179688,84.627815246582,60.8693962097168,267.910797119141,179.220001220703,399.067535400391,193.109024047852,111.580467224121,87.7546005249023,150.367202758789,58.2004547119141
"2024-04-19",179.036026000977,297.2587890625,76.1611404418945,61.1451721191406,266.341094970703,174.630004882812,393.983856201172,197.657104492188,112.86083984375,88.247444152832,151.179809570312,58.4656257629395
"2024-04-22",182.514602661133,302.232482910156,79.4774475097656,62.1056098937988,268.858551025391,177.229995727539,395.800109863281,196.101211547852,113.501029968262,88.5276947021484,153.474197387695,59.0647201538086
"2024-04-23",185.145248413086,306.892120361328,82.3809661865234,62.9519424438477,270.615844726562,179.539993286133,402.325103759766,197.040298461914,113.943504333496,89.8032760620117,154.39192199707,58.0334968566895
"2024-04-24",186.050994873047,312.72900390625,79.6363754272461,63.2942810058594,271.514282226562,176.589996337891,403.7958984375,195.364669799805,113.962341308594,90.5473785400391,155.443511962891,58.7995491027832
"2024-04-25",186.330459594727,311.071136474609,82.5898666381836,63.6176071166992,271.652496337891,173.669998168945,393.904846191406,193.40364074707,114.225952148438,90.8372802734375,155.395751953125,59.1334648132324
"2024-04-26",186.446090698242,318.134216308594,87.6902694702148,62.7522468566895,271.020599365234,179.619995117188,401.091186523438,191.525482177734,111.053260803223,91.1658248901367,154.191177368164,59.084358215332
"2024-04-29",186.243713378906,320.302215576172,87.7122497558594,64.1120910644531,268.374816894531,180.960006713867,397.073547363281,190.273391723633,112.634887695312,92.5573806762695,154.544891357422,59.1629295349121
"2024-04-30",184.759796142578,312.209106445312,86.3579483032227,63.6841621398926,265.185943603516,175,384.319793701172,191.728057861328,111.345108032227,92.0742034912109,156.017120361328,58.2888412475586
"2024-05-01",184.875396728516,306.097564697266,82.998649597168,65.2437057495117,263.912445068359,179,389.857635498047,194.99641418457,109.236267089844,91.1851654052734,156.208312988281,57.797779083252
"2024-05-02",184.682693481445,309.275909423828,85.7732391357422,65.4719314575195,264.198760986328,184.720001220703,392.720306396484,192.446166992188,109.433967590332,92.847297668457,156.628936767578,58.642406463623
"2024-05-03",183.574554443359,315.346710205078,88.7437210083008,66.6986312866211,265.067504882812,186.210006713867,401.426788330078,192.160751342773,109.208023071289,92.5863723754883,157.221664428711,58.7504425048828
"2024-05-06",185.010330200195,321.978332519531,92.0930099487305,67.7541732788086,269.194213867188,188.699996948242,408.21826171875,198.412048339844,109.914115905762,93.5237426757812,157.202545166016,58.7995491027832
"2024-05-07",184.769424438477,322.165283203125,90.5078125,68.4198303222656,272.935882568359,188.759994506836,404.072296142578,198.366027832031,109.368072509766,94.1808624267578,158.464447021484,59.5361328125
"2024-05-08",188.527435302734,325.087524414062,90.3659057617188,69.2756576538086,273.656585693359,188,405.256866455078,198.771118164062,109.349243164062,95.0892333984375,157.804794311523,59.2218551635742
"2024-05-09",190.310073852539,327.901550292969,88.7017517089844,70.9207916259766,274.989440917969,189.5,407.013946533203,196.764068603516,111.505157470703,95.8236618041992,158.732116699219,59.5648193359375
"2024-05-10",191.53385925293,325.254821777344,89.8321685791016,70.1695556640625,277.161346435547,187.479995727539,409.402801513672,198.642196655273,111.053260803223,96.0959167480469,159.506469726562,59.6042404174805
"2024-05-13",191.495315551758,323.227874755859,90.352912902832,70.9207916259766,275.828582763672,186.570007324219,408.395935058594,195.558013916016,111.006187438965,96.7279357910156,158.569595336914,59.5352554321289
"2024-05-14",194.174118041992,325.13671875,91.3094253540039,71.7195739746094,274.199584960938,187.070007324219,411.199371337891,196.718017578125,111.680046081543,96.0861892700195,158.464447021484,58.993221282959
"2024-05-15",194.752288818359,332.525970458984,94.5817337036133,73.2696151733398,277.911651611328,185.990005493164,418.388763427734,192.648712158203,112.543724060059,98.2058792114258,159.181442260742,58.9636535644531
"2024-05-16",195.099151611328,324.871032714844,94.3108901977539,72.6609954833984,276.784118652344,183.630004882812,416.321960449219,190.586441040039,111.86986541748,98.1572570800781,160.472015380859,63.0831298828125
"2024-05-17",197.334701538086,324.930084228516,92.4318466186523,72.356689453125,277.041259765625,184.699996948242,415.550659179688,192.62109375,113.549758911133,98.4878616333008,160.261688232422,63.7138633728027
"2024-05-20",188.459976196289,327.891693115234,94.7316818237305,72.1474990844727,275.498352050781,183.539993286133,420.623718261719,190.558807373047,112.629135131836,98.0503082275391,159.946212768555,63.2506637573242
"2024-05-21",192.256576538086,331.315765380859,95.3373565673828,73.1744995117188,272.936614990234,183.149993896484,424.28271484375,192.76838684082,111.850883483887,98.3031234741211,160.940460205078,64.2066268920898
"2024-05-22",191.090591430664,330.774566650391,94.9015731811523,72.5754013061523,272.570648193359,183.130004882812,425.746307373047,189.969589233398,109.601531982422,99.0518188476562,160.424224853516,64.30517578125
"2024-05-23",189.751205444336,332.978607177734,103.746086120605,71.6244812011719,271.235382080078,181.050003051758,422.265319824219,187.060272216797,107.731819152832,97.1946563720703,158.206329345703,63.9011039733887
"2024-05-24",193.403259277344,335.408874511719,106.414710998535,72.851188659668,271.492553710938,180.75,425.390289306641,187.732376098633,107.646385192871,98.0794906616211,158.053375244141,64.4332962036133
"2024-05-28",192.237274169922,331.935577392578,113.842910766602,73.7260513305664,268.020904541016,182.149993896484,425.548553466797,188.901611328125,109.013092041016,98.0405883789062,155.931076049805,64.0982131958008
"2024-05-29",190.897888183594,327.537506103516,114.76643371582,72.9177627563477,265.924041748047,182.020004272461,424.411285400391,187.032638549805,107.845695495605,97.855842590332,154.535339355469,63.9799461364746
"2024-05-30",192.073471069336,328.826416015625,110.443656921387,74.3536605834961,268.337341308594,179.320007324219,410.072052001953,190.512786865234,108.187377929688,99.3240661621094,155.424392700195,63.9503898620605
"2024-05-31",195.253326416016,327.498138427734,109.577095031738,76.093879699707,269.484680175781,176.440002441406,410.526977539062,194.425582885742,111.290916442871,100.80200958252,157.298126220703,64.8077926635742
"2024-06-03",194.47282409668,319.242980957031,114.941360473633,74.3758926391602,267.427429199219,178.339996337891,408.934783935547,192.76838684082,108.623947143555,101.181221008301,157.403289794922,64.8669204711914
"2024-06-04",191.909652709961,311.086364746094,116.377624511719,73.8399276733398,269.445159912109,179.339996337891,411.456512451172,195.152923583984,106.934562683105,101.599327087402,159.659408569336,65.635627746582
"2024-06-05",190.078826904297,321.338745117188,122.377563476562,73.7442092895508,271.502410888672,181.279998779297,419.308502197266,195.742126464844,107.361671447754,102.104965209961,158.74169921875,66.1185302734375
"2024-06-06",189.741577148438,308.419860839844,120.936294555664,73.4092178344727,274.014709472656,185,419.812805175781,196.276092529297,108.168395996094,101.754905700684,161.05517578125,66.1776657104492
"2024-06-07",192.670883178711,309.767852783203,120.826354980469,72.1554260253906,275.626922607422,184.300003051758,419.150238037109,195.668472290039,107.010498046875,100.938148498535,159.707229614258,64.9260559082031
"2024-06-10",192.343276977539,317.786804199219,121.727897644043,73.6676406860352,272.036529541016,187.059997558594,423.125701904297,193.596984863281,107.323699951172,100.665893554688,159.984481811523,65.9904098510742
"2024-06-11",187.284408569336,314.0380859375,120.858276367188,69.6191253662109,271.670593261719,187.229995727539,427.882354736328,191.949005126953,106.460021972656,100.59782409668,160.108734130859,65.7637405395508
"2024-06-12",184.557434082031,321.909484863281,125.146438598633,69.1597213745117,267.368041992188,186.889999389648,436.16943359375,186.378982543945,105.283142089844,100.02416229248,157.909973144531,65.3498306274414
"2024-06-13",186.609893798828,323.070495605469,129.554550170898,70.0402450561523,268.228546142578,183.830001831055,436.683685302734,187.446960449219,104.438453674316,100.996490478516,159.085830688477,65.7341613769531
"2024-06-14",186.725509643555,313.890472412109,131.823593139648,69.9253997802734,267.704345703125,183.660003662109,437.662689208984,187.741577148438,103.555793762207,101.16178894043,159.449081420898,66.0495376586914
"2024-06-17",187.881820678711,320.099060058594,130.923965454102,69.2075653076172,268.208801269531,184.059997558594,443.398376464844,191.718841552734,102.843978881836,100.91870880127,160.127853393555,66.4437484741211
"2024-06-18",189.828308105469,322.322692871094,135.521987915039,67.4178161621094,270.631988525391,182.809997558594,441.390899658203,194.029678344727,103.812034606934,101.064552307129,161.141204833984,66.6211395263672
"2024-06-20",191.4375,318.042633056641,130.724060058594,69.3511428833008,273.797088623047,186.100006103516,440.757965087891,194.121780395508,106.051910400391,100.179725646973,160.290390014648,67.0252075195312
"2024-06-21",189.153793334961,314.913787841797,126.515846252441,69.6861190795898,272.214569091797,189.080001831055,444.792724609375,192.593460083008,105.121795654297,99.4893646240234,160.854400634766,66.9266510009766
"2024-06-24",191.639877319336,316.901306152344,118.059455871582,70.6814956665039,273.282775878906,185.570007324219,442.706146240234,193.965225219727,108.244323730469,100.121383666992,161.036056518555,67.9023208618164
"2024-06-25",190.859329223633,317.570343017578,126.03604888916,69.8488388061523,270.542999267578,186.339996337891,445.949829101562,191.755676269531,108.548034667969,98.137825012207,159.506469726562,66.4437484741211
"2024-06-26",190.242630004883,310.200775146484,126.345924377441,70.2220916748047,270.6123046875,193.610000610352,447.146362304688,191.672790527344,108.585998535156,99.0129241943359,160.080078125,67.301155090332
"2024-06-27",191.919281005859,308.892211914062,123.936950683594,70.5570755004883,263.678833007812,197.850006103516,447.828735351562,194.582107543945,109.051055908203,100.490875244141,159.286575317383,66.8970794677734
"2024-06-28",194.896789550781,308.508453369141,123.487144470215,67.7719345092773,259.603790283203,193.25,441.994110107422,191.230895996094,109.259864807129,101.365982055664,157.661422729492,66.7295455932617
"2024-07-01",197.970672607422,307.347412109375,124.246826171875,66.9009780883789,260.365386962891,197.199996948242,451.665679931641,192.842056274414,109.108001708984,101.122886657715,155.558242797852,66.5028839111328
"2024-07-02",201.227661132812,308.242797851562,122.61750793457,67.4465179443359,265.300903320312,200,454.187408447266,194.370346069336,108.367698669434,103.038391113281,156.686294555664,67.0843353271484
"2024-07-03",201.092742919922,313.300170898438,128.225112915039,68.7481689453125,266.052581787109,197.589996337891,455.660858154297,193.67951965332,108.918182373047,102.435539245605,156.619384765625,67.2518768310547
"2024-07-05",198.428146362305,312.267028808594,125.776168823242,68.9970092773438,267.407653808594,200,462.375549316406,193.596633911133,107.598937988281,103.534286499023,157.93864440918,69.0258178710938
"2024-07-08",198.796340942383,313.831451416016,128.145141601562,69.0161514282227,263.490875244141,199.289993286133,461.070251464844,193.163726806641,106.469505310059,101.531272888184,159.191009521484,68.671012878418
"2024-07-09",201.179931640625,313.58544921875,131.323806762695,69.0257339477539,262.541381835938,199.339996337891,454.444549560547,192.961074829102,105.292633056641,101.92993927002,158.368850708008,68.8878479003906
"2024-07-10",201.344650268555,321.811065673828,134.852279663086,69.7722702026367,260.128021240234,199.789993286133,461.080108642578,193.421630859375,106.222747802734,101.657669067383,159.458709716797,69.3904571533203
"2024-07-11",201.005508422852,323.532897949219,127.345497131348,71.4950256347656,259.682922363281,195.050003051758,449.658203125,195.107238769531,107.485038757324,101.754905700684,158.254104614258,68.7892837524414
"2024-07-12",198.573486328125,325.166259765625,129.184707641602,72.7392578125,262.838073730469,194.490005493164,448.520935058594,196.470458984375,107.504028320312,101.317359924316,159.27702331543,68.2373886108398
"2024-07-15",203.524780273438,321.771697998047,128.385055541992,67.9250640869141,265.518493652344,192.720001220703,448.926391601562,199.970626831055,109.345275878906,102.425819396973,157.336364746094,68.6020355224609
"2024-07-16",206.983856201172,327.114349365234,126.305938720703,68.8151702880859,266.309783935547,193.020004272461,444.535614013672,193.430847167969,110.133018493652,103.009223937988,159.60205078125,68.9765396118164
"2024-07-17",210.132888793945,306.491424560547,117.939521789551,67.8580627441406,269.722106933594,187.929992675781,438.602142333984,203.885314941406,111.651573181152,103.835716247559,161.982482910156,70.0014801025391
"2024-07-18",203.456924438477,304.100494384766,121.038192749023,68.5950317382812,266.210845947266,183.75,435.487091064453,206.814392089844,112.752532958984,103.018951416016,161.026504516602,69.7945175170898
"2024-07-19",203.263137817383,306.875183105469,117.879539489746,68.9108734130859,262.561126708984,183.130004882812,432.263244628906,202.043121337891,110.161491394043,104.43856048584,161.533325195312,69.7255249023438
"2024-07-22",203.747619628906,315.169586181641,123.487144470215,69.7722702026367,264.786560058594,182.550003051758,438.028594970703,199.233749389648,109.402221679688,105.624801635742,161.812225341797,69.3608779907227
"2024-07-23",203.79606628418,316.763519287109,122.537551879883,69.0161514282227,261.8984375,186.410003662109,439.917388916016,198.865310668945,107.636901855469,106.558242797852,160.244583129883,69.6269836425781
"2024-07-24",202.110107421875,294.782775878906,114.201126098633,72.1745758056641,251.394439697266,180.830001831055,424.144256591797,198.441619873047,109.155448913574,106.519348144531,161.571792602539,69.5776977539062
"2024-07-25",202.187622070312,288.170806884766,112.231964111328,70.2890930175781,250.969161987305,179.850006103516,413.760711669922,195.982269287109,111.452270507812,105.48868560791,160.513900756836,69.006103515625
"2024-07-26",205.646713256836,293.001861572266,113.011619567871,71.0739135742188,256.626647949219,182.5,420.554473876953,198.662673950195,111.357353210449,106.742988586426,162.639343261719,68.7695693969727
"2024-07-29",204.299926757812,291.840789794922,111.542251586914,71.1504745483398,258.743286132812,183.199996948242,421.998291015625,196.774429321289,110.189964294434,108.561256408691,163.427963256836,68.6118927001953
"2024-07-30",208.505096435547,282.621459960938,103.685615539551,71.0930557250977,260.226928710938,181.710006713867,418.230560302734,198.662673950195,112.154594421387,109.134941101074,155.512878417969,68.188117980957
"2024-07-31",206.189315795898,299.889282226562,116.969917297363,73.1125183105469,262.768890380859,186.979995727539,413.711273193359,197.225738525391,112.553215026855,108.172317504883,154.608810424805,67.6460800170898
"2024-08-01",201.49967956543,293.090423583984,109.163276672363,75.0267105102539,263.026031494141,184.070007324219,412.484985351562,198.294235229492,110.996688842773,109.280784606934,159.350189208984,68.7794418334961
"2024-08-02",192.953674316406,275.753753662109,107.224105834961,75.8019561767578,263.668914794922,167.899993896484,403.960571289062,199.823272705078,110.93025970459,109.640556335449,163.572219848633,67.4686889648438
"2024-08-05",188.84538269043,269.04052734375,100.407020568848,73.3900756835938,253.639663696289,161.020004272461,390.768463134766,194.269027709961,108.927673339844,107.968132019043,161.629516601562,66.6112899780273
"2024-08-06",194.116394042969,274.105010986328,104.205413818359,73.6676406860352,255.439804077148,161.929992675781,395.179046630859,197.161285400391,108.348724365234,111.779678344727,161.658340454102,66.7591171264648
"2024-08-07",194.174545288086,274.134674072266,98.8676834106445,74.2323226928711,253.718765258789,162.770004272461,394.012145996094,198.846908569336,109.791351318359,111.643569946289,163.514511108398,65.9411315917969
"2024-08-08",197.720825195312,283.8095703125,104.925086975098,74.2131881713867,256.992614746094,165.800003051758,398.224853515625,201.131225585938,111.888847351074,112.528396606445,164.331970214844,66.6802749633789
"2024-08-09",199.406784057617,287.916442871094,104.705184936523,74.1366195678711,257.438598632812,166.940002441406,401.518005371094,204.235321044922,112.799987792969,114.152191162109,164.014617919922,66.966064453125
"2024-08-12",199.78466796875,284.747375488281,108.973358154297,74.2514572143555,257.567413330078,166.800003051758,402.299194335938,205.395904541016,112.942337036133,114.044616699219,160.427337646484,67.705207824707
"2024-08-13",201.480316162109,291.618560791016,116.090309143066,74.7682952880859,257.805297851562,170.229995727539,409.419372558594,204.787963867188,111.860382080078,114.582466125488,160.888961791992,67.1434631347656
"2024-08-14",203.708847045898,294.491363525391,118.029495239258,74.6630249023438,258.806304931641,170.100006103516,412.237762451172,215.850402832031,112.894882202148,114.91495513916,162.341171264648,67.6658020019531
"2024-08-15",204.978164672852,298.598266601562,122.807441711426,74.0887680053711,264.415679931641,177.589996337891,417.111968994141,218.088668823242,113.593307495117,113.770797729492,161.494842529297,72.1203384399414
"2024-08-16",207.322982788086,292.89208984375,124.526702880859,75.1989974975586,264.990509033203,177.059997558594,414.575775146484,217.26887512207,113.057540893555,113.360076904297,161.466018676758,72.5927658081055
"2024-08-19",208.75700378418,293.257354736328,129.944381713867,75.9455184936523,264.088653564453,178.220001220703,417.607299804688,219.018966674805,113.401962280273,112.988464355469,161.975723266602,72.859619140625
"2024-08-20",207.855880737305,292.457672119141,127.19556427002,75.5913925170898,265.644592285156,178.880004882812,420.846893310547,219.91242980957,109.622856140137,113.858810424805,163.889572143555,73.6700439453125
"2024-08-21",207.933410644531,295.863616943359,128.445022583008,76.2230834960938,265.803192138672,180.110000610352,420.193084716797,218.595291137695,108.924430847168,113.761016845703,163.649154663086,74.3618774414062
"2024-08-22",209.900344848633,293.889190673828,123.687049865723,75.5339813232422,265.545501708984,176.130004882812,411.682983398438,221.266448974609,109.766357421875,115.218116760254,163.639511108398,74.6979064941406
"2024-08-23",211.528167724609,296.169647216797,129.314636230469,76.2422256469727,265.049987792969,177.039993286133,412.911407470703,222.21516418457,111.287567138672,116.73388671875,162.697036743164,74.8165054321289
"2024-08-26",212.361434936523,293.119140625,126.405899047852,77.18017578125,265.813079833984,175.5,409.642150878906,223.320495605469,113.66983795166,116.606750488281,163.831878662109,75.1426544189453
"2024-08-27",213.340072631836,292.250335693359,128.2451171875,76.1943664550781,268.300659179688,173.119995117188,409.988891601562,226.1943359375,112.588729858398,117.604232788086,162.773971557617,75.2414779663086
"2024-08-28",214.415573120117,289.851409912109,125.556266784668,76.0029602050781,266.784332275391,170.800003051758,406.779022216797,228.672073364258,111.47891998291,118.396339416504,162.591247558594,75.1920700073242
"2024-08-29",215.307006835938,297.245788574219,117.539688110352,76.5963516235352,271.868469238281,172.119995117188,409.275543212891,230.283981323242,113.019264221191,117.887825012207,163.524108886719,75.5280990600586
"2024-08-30",217.816558837891,303.011169433594,119.31893157959,77.5548248291016,273.900146484375,178.5,413.258209228516,232.301208496094,112.83748626709,118.014953613281,164.976348876953,76.3286437988281
"2024-09-03",213.456344604492,286.030853271484,107.953788757324,76.9961166381836,276.050811767578,176.25,405.629821777344,232.411743164062,110.474342346191,119.364479064941,167.842315673828,76.2693405151367
"2024-09-04",212.516464233398,285.083068847656,106.164566040039,78.1039123535156,277.983337402344,173.330001831055,405.094879150391,233.876312255859,109.125350952148,121.73104095459,169.169509887695,76.3385314941406
"2024-09-05",210.869277954102,282.071990966797,107.164138793945,77.3814392089844,276.130096435547,177.889999389648,404.589599609375,229.85107421875,108.27384185791,121.26163482666,168.755981445312,76.0617980957031
"2024-09-06",205.859878540039,281.33154296875,102.785995483398,77.0442886352539,276.873352050781,171.389999389648,397.961853027344,229.068145751953,107.766784667969,121.848388671875,168.871368408203,75.7455444335938
"2024-09-09",210.074737548828,285.685272216797,106.424453735352,78.2098617553711,283.057586669922,175.399993896484,401.944458007812,231.4814453125,110.034240722656,124.518104553223,169.323394775391,76.4373626708984
"2024-09-10",199.174224853516,284.619079589844,108.053741455078,79.2791366577148,282.789978027344,179.550003051758,410.345550537109,229.473449707031,106.025520324707,126.170783996582,170.987197875977,77.8902053833008
"2024-09-11",200.792343139648,293.34619140625,116.859985351562,80.3676528930664,281.422302246094,184.520004272461,419.103332519531,229.897155761719,104.973106384277,125.818733215332,167.265274047852,77.9198532104492
"2024-09-12",200.181945800781,299.506561279297,119.099212646484,80.3965454101562,282.819702148438,187,423.026428222656,229.795837402344,106.417793273926,125.984970092773,166.832489013672,78.7302932739258
"2024-09-13",197.972763061523,301.895629882812,119.059226989746,81.5428695678711,284.782073974609,186.490005493164,426.5830078125,235.304000854492,106.341239929199,126.884666442871,167.419158935547,79.6593170166016
"2024-09-16",201.402786254883,302.636047363281,116.740013122559,81.5332336425781,287.884094238281,184.889999389648,427.325988769531,236.086944580078,107.833755493164,126.32723236084,170.458251953125,79.6197891235352
"2024-09-17",202.749603271484,307.749908447266,115.550430297852,81.8511199951172,288.954437255859,186.880004882812,431.1005859375,236.639587402344,109.24015045166,124.645225524902,169.150283813477,77.6826629638672
"2024-09-18",201.083053588867,310.632598876953,113.331184387207,81.1864471435547,285.901977539062,186.429992675781,426.800994873047,237.330413818359,109.622856140137,124.8505859375,167.265274047852,78.1076431274414
"2024-09-19",203.941390991211,324.720458984375,117.829650878906,79.2694931030273,282.690887451172,189.869995117188,434.607666015625,235.156631469727,110.981414794922,122.620941162109,164.976348876953,77.1291885375977
"2024-09-20",204.532440185547,326.378997802734,115.960304260254,79.7222442626953,282.22509765625,191.600006103516,431.219421386719,238.785751342773,110.283004760742,122.503593444824,167.553802490234,78.1372909545898
"2024-09-23",204.871566772461,325.579315185547,116.220207214355,81.7066268920898,286.050628662109,193.880004882812,429.475830078125,237.275177001953,112.282585144043,125.750267028809,167.121032714844,79.3924713134766
"2024-09-24",205.016906738281,323.209991455078,120.828628540039,81.1960830688477,270.342224121094,193.960006713867,425.176239013672,236.298797607422,111.986000061035,124.782127380371,166.611312866211,79.7285003662109
"2024-09-25",203.660415649414,324.355163574219,123.467720031738,81.5139770507812,267.220428466797,192.529998779297,428.0888671875,236.713256835938,109.804626464844,126.229446411133,165.668792724609,80.4499816894531
"2024-09-26",203.263137817383,328.768035888672,123.997535705566,80.3965454101562,269.261962890625,191.160003662109,427.296295166016,232.467025756836,107.919860839844,123.755325317383,166.582443237305,78.9872436523438
"2024-09-27",203.96076965332,324.256439208984,121.358444213867,81.4369049072266,272.710906982422,187.970001220703,424.036926269531,231.288009643555,110.809204101562,124.390960693359,166.909439086914,78.8488922119141
"2024-09-30",204.309616088867,327.208251953125,121.398422241211,81.4272766113281,272.492889404297,186.330001831055,426.295715332031,233.738143920898,112.148628234863,125.202644348145,166.572830200195,79.8075637817383
"2024-10-01",200.608261108398,323.397552490234,116.959945678711,82.1401062011719,275.119201660156,185.130004882812,416.775146484375,234.207901000977,114.741386413574,124.762580871582,166.4189453125,80.3214950561523
"2024-10-02",200.850494384766,323.802307128906,118.80931854248,82.2942352294922,274.524536132812,184.759994506836,413.248291015625,234.355255126953,116.262588500977,124.224716186523,165.341796875,79.4913024902344
"2024-10-03",198.8544921875,322.785430908203,122.807945251465,81.9281997680664,274.385772705078,181.960006713867,412.663787841797,232.457061767578,117.276748657227,123.66731262207,163.610687255859,79.4913024902344
"2024-10-04",205.912567138672,328.797729492188,124.877235412598,80.7722320556641,275.446197509766,186.509994506836,412.188262939453,235.304382324219,119.429405212402,122.787185668945,162.41813659668,79.995361328125
"2024-10-07",205.629837036133,330.357543945312,127.676277160645,77.342903137207,271.343231201172,180.800003051758,405.728912353516,226.237197875977,119.94603729248,121.525665283203,160.725463867188,78.1768112182617
"2024-10-08",205.454376220703,331.295379638672,132.844497680664,77.5451965332031,272.502716064453,182.720001220703,410.850799560547,229.462310791016,116.760101318359,122.014633178711,161.725692749023,78.7797012329102
"2024-10-09",208.057281494141,333.931304931641,132.604598999023,77.6222610473633,274.455108642578,185.169998168945,413.5751953125,231.065658569336,116.80793762207,121.594123840332,162.793197631836,79.4616546630859
"2024-10-10",207.491851806641,332.638061523438,134.76383972168,77.9690399169922,274.990356445312,186.649993896484,411.970245361328,232.00553894043,117.812507629395,120.391288757324,162.485443115234,78.6808776855469
"2024-10-11",216.704406738281,337.03125,134.753860473633,78.8552780151367,275.357025146484,188.820007324219,412.445831298828,234.134124755859,118.262176513672,122.415573120117,164.543563842773,79.165153503418
"2024-10-14",215.914764404297,341.197326660156,138.022750854492,79.8667449951172,278.171661376953,187.539993286133,415.239562988281,232.097702026367,118.711845397949,124.782127380371,165.909210205078,79.3529281616211
"2024-10-15",216.801895141602,333.724029541016,131.554962158203,79.7511444091797,276.794067382812,187.690002441406,414.843292236328,231.83967590332,115.143218994141,126.395690917969,166.928680419922,80.6970596313477
"2024-10-16",218.020492553711,336.744903564453,135.673538208008,81.2924041748047,284.950500488281,186.889999389648,412.247650146484,235.313583374023,115.439811706543,127.471420288086,165.784210205078,80.2720794677734
"2024-10-17",218.780883789062,344.040557861328,136.88313293457,80.7048034667969,287.794860839844,187.529998779297,412.842102050781,231.60009765625,115.143218994141,127.852798461914,165.688018798828,79.945930480957
"2024-10-18",219.707000732422,343.734497070312,137.952758789062,81.2827758789062,288.022857666016,188.990005493164,414.268676757812,231.397369384766,114.817932128906,129.319671630859,165.694808959961,80.3610382080078
"2024-10-21",217.396560668945,342.638732910156,143.66081237793,80.9456329345703,284.286499023438,189.070007324219,414.882934570312,231.047225952148,114.884895324707,127.18782043457,164.011520385742,79.8668670654297
"2024-10-22",218.488403320312,339.163604736328,143.54084777832,80.6277313232422,282.244934082031,189.699996948242,423.531677246094,228.75276184082,115.478065490723,127.217147827148,164.166320800781,81.0627365112305
"2024-10-23",217.796264648438,340.555633544922,139.512222290039,81.8414916992188,281.22412109375,184.710006713867,420.648773193359,227.831314086914,115.066673278809,128.860046386719,164.050231933594,82.2981567382812
"2024-10-24",219.326797485352,340.881439208984,140.361938476562,79.7704086303711,280.688995361328,186.380004882812,420.777557373047,227.481170654297,114.41609954834,129.124069213867,164.088928222656,82.0708465576172
"2024-10-25",216.723892211914,340.091644287109,141.491546630859,78.4410629272461,279.212280273438,187.830001831055,424.165740966797,224.633850097656,114.320419311523,127.324722290039,162.734588623047,81.5470352172852
"2024-10-28",219.833755493164,341.0986328125,140.471908569336,79.8282012939453,281.650268554688,188.389999389648,422.620239257812,225.122222900391,113.755950927734,127.686561584473,163.779373168945,81.7842178344727
"2024-10-29",217.299072265625,341.138061523438,141.201644897461,76.6396942138672,279.360931396484,190.830001831055,427.930389404297,222.698776245117,112.206031799316,134.307037353516,161.718826293945,80.7464752197266
"2024-10-30",218.771133422852,338.433074951172,139.292297363281,76.1869506835938,287.566925048828,192.729995727539,428.504943847656,223.915115356445,111.641571044922,135.392517089844,160.741760253906,80.4400863647461
"2024-10-31",216.343688964844,327.346435546875,132.714553833008,76.3410797119141,287.259704589844,186.399993896484,402.568603515625,223.758453369141,111.727661132812,131.9013671875,159.793716430664,80.9935607910156
"2024-11-01",217.338088989258,330.722808837891,135.353652954102,74.5108108520508,288.141754150391,197.929992675781,406.551177978516,223.657119750977,109.976829528809,130.326919555664,159.716339111328,81.2307586669922
"2024-11-04",214.257476806641,327.822082519531,136.003433227539,75.4933853149414,289.241851806641,195.779998779297,404.658966064453,222.514495849609,113.478500366211,131.343963623047,159.696975708008,81.4877243041992
"2024-11-05",215.924499511719,334.108642578125,139.862106323242,75.7631072998047,290.668975830078,199.5,407.631011962891,228.586944580078,113.813354492188,132.136077880859,160.35481262207,82.7033767700195
"2024-11-06",240.851989746094,355.591857910156,145.560165405273,71.7846984863281,304.65283203125,207.089996337891,416.269866943359,238.428131103516,115.765090942383,130.71809387207,155.798400878906,82.4661712646484
"2024-11-07",230.440353393555,356.958038330078,148.829055786133,71.8810272216797,303.067138671875,210.050003051758,421.471008300781,235.221450805664,115.90860748291,133.89631652832,158.081436157227,82.8713836669922
"2024-11-08",231.025283813477,363.007049560547,147.579437255859,74.1447601318359,305.118621826172,208.179992675781,418.607940673828,240.980560302734,115.870338439941,135.148040771484,162.241241455078,83.8399505615234
"2024-11-11",233.277206420898,368.234283447266,145.210266113281,73.1236801147461,308.141418457031,206.839996337891,414.120086669922,239.478607177734,115.258033752441,134.59065246582,160.615997314453,83.227180480957
"2024-11-12",233.540451049805,365.303863525391,148.239212036133,71.5342330932617,307.664825439453,208.910003662109,419.093322753906,241.73616027832,115.143218994141,132.95751953125,160.432205200195,83.9980773925781
"2024-11-13",235.100234985352,365.967193603516,146.219924926758,71.5149688720703,307.297424316406,214.100006103516,421.2431640625,240.842346191406,116.214767456055,132.62336730957,161.148071289062,84.5021209716797
"2024-11-14",235.792404174805,358.245086669922,146.709747314453,72.5167922973633,306.076080322266,211.479995727539,422.91748046875,237.276306152344,116.291931152344,132.102523803711,161.631744384766,83.4841613769531
"2024-11-15",239.145965576172,355.403747558594,141.931381225586,73.5475234985352,307.456268310547,202.610000610352,411.138092041016,235.691375732422,115.08617401123,133.674926757812,164.011520385742,83.266716003418
"2024-11-18",238.872985839844,354.255310058594,140.102005004883,73.586067199707,309.95849609375,201.699996948242,411.891021728516,236.373275756836,116.05078125,134.647872924805,165.182083129883,83.0987091064453
"2024-11-19",236.981735229492,360.056823730469,146.959671020508,74.250732421875,309.650695800781,204.610000610352,413.902160644531,234.521133422852,114.430252075195,135.79768371582,165.191741943359,85.5892868041992
"2024-11-20",234.729797363281,356.859069824219,145.840057373047,74.0580673217773,305.222106933594,202.880004882812,411.623504638672,236.833999633789,116.060424804688,135.031127929688,165.317504882812,86.1625289916992
"2024-11-21",238.609786987305,367.244293212891,146.61979675293,74.5204544067383,307.714447021484,198.380004882812,409.846618652344,242.749786376953,117.613433837891,135.502868652344,167.11686706543,87.3583984375
"2024-11-22",242.304550170898,373.639739990234,141.901382446289,73.7010116577148,307.734313964844,197.119995117188,413.946380615234,245.164001464844,117.478385925293,135.532363891602,170.531753540039,89.3844757080078
"2024-11-25",244.00080871582,372.917022705078,135.973434448242,74.3216552734375,310.981231689453,201.449996948242,415.723297119141,244.998153686523,115.72282409668,133.409591674805,171.605575561523,88.4554443359375
"2024-11-26",243.688873291016,373.520935058594,136.873138427734,75.1459350585938,309.620880126953,207.860000610352,424.855926513672,246.970062255859,113.79362487793,136.564239501953,173.462936401367,90.2443161010742
"2024-11-27",243.513381958008,368.263977050781,135.293655395508,76.144775390625,312.480560302734,205.740005493164,419.892547607422,245.901153564453,113.494606018066,136.898376464844,173.511337280273,90.8076629638672
"2024-11-29",243.445175170898,371.669647216797,138.202682495117,76.2902450561523,312.85791015625,207.889999389648,420.359100341797,247.762542724609,113.783973693848,135.79768371582,173.414581298828,91.4204330444336
"2024-12-02",240.062362670898,368.501617431641,138.582534790039,74.7386474609375,314.416809082031,210.710006713867,427.824066162109,243.302673339844,113.677871704102,131.719223022461,173.840255737305,91.5587997436523
"2024-12-03",238.66828918457,370.016296386719,140.211990356445,73.9822387695312,310.802490234375,213.440002441406,428.042419433594,241.984954833984,113.504241943359,130.559585571289,169.699798583984,92.4186477661133
"2024-12-04",237.283950805664,373.748626708984,145.09033203125,73.4488754272461,307.714447021484,218.160003662109,434.216888427734,239.902465820312,110.234260559082,131.286834716797,169.399932861328,93.3476715087891
"2024-12-05",239.311706542969,367.34326171875,145.02033996582,73.8949661254883,306.900207519531,220.550003051758,439.378784179688,240.768646240234,110.716552734375,130.323699951172,170.289901733398,94.1877593994141
"2024-12-06",241.144454956055,367.511566162109,142.401062011719,72.963996887207,308.816619873047,227.029998779297,440.321838378906,234.567199707031,109.549392700195,129.105102539062,168.151992797852,94.5830764770508
"2024-12-09",237.683654785156,360.423126220703,138.772033691406,72.4403381347656,306.125732421875,226.089996337891,442.753875732422,228.393417358398,108.903114318848,127.218185424805,165.220764160156,92.7349243164062
"2024-12-10",236.757522583008,354.908752441406,135.033065795898,71.8972778320312,310.176940917969,225.039993286133,440.083587646484,227.849746704102,108.681243896484,127.041305541992,166.662200927734,93.4465103149414
"2024-12-11",237.410690307617,358.294586181641,139.271896362305,71.7421264648438,311.576995849609,230.259994506836,445.7021484375,224.587753295898,107.957801818848,126.373023986816,165.066024780273,93.8517227172852
"2024-12-12",235.460952758789,355.057281494141,137.302429199219,71.0051116943359,312.013916015625,228.970001220703,446.267974853516,223.693954467773,107.861335754395,126.225608825684,165.27880859375,92.9918670654297
"2024-12-13",233.910903930664,352.453521728516,134.213287353516,71.3930130004883,312.520294189453,227.460006713867,443.994720458984,232.023986816406,106.916030883789,126.893890380859,165.481964111328,93.3563919067383
"2024-12-16",233.559936523438,351.602111816406,131.963882446289,70.5881195068359,313.662231445312,232.929992675781,448.283081054688,230.595703125,104.629943847656,126.481132507324,165.559356689453,93.9705123901367
"2024-12-17",232.370590209961,343.612701416016,130.354339599609,70.0838470458984,316.05517578125,231.149993896484,451.132049560547,228.089309692383,104.186225891113,127.001976013184,164.775802612305,94.5153045654297
"2024-12-18",224.581359863281,331.772216796875,128.874755859375,68.3867797851562,307.595275878906,220.520004272461,434.187133789062,221.408737182617,102.65251159668,123.424743652344,163.566528320312,92.6630325317383
"2024-12-19",227.106307983398,332.287048339844,130.644241333008,67.6594696044922,312.659362792969,223.289993286133,433.829711914062,220.883529663086,101.77473449707,121.645957946777,163.672958374023,92.5144500732422
"2024-12-20",231.629699707031,334.742218017578,134.663162231445,69.5019912719727,315.469329833984,224.919998168945,433.402923583984,221.123077392578,102.121994018555,122.491134643555,162.579788208008,91.3654403686523
"2024-12-23",232.399856567383,334.336334228516,139.631805419922,70.2971801757812,314.982788085938,225.059997558594,432.062774658203,222.081390380859,102.536773681641,123.454231262207,162.628189086914,89.4933700561523
"2024-12-24",236.22135925293,338.128082275391,140.181655883789,70.7044906616211,318.388610839844,229.050003051758,436.112854003906,224.136276245117,102.633224487305,124.407508850098,163.431106567383,91.80126953125
"2024-12-26",237.030487060547,336.761871337891,139.891738891602,70.1808166503906,318.646789550781,227.050003051758,434.901824951172,224.090194702148,102.720031738281,124.210960388184,164.611328125,91.9102325439453
"2024-12-27",235.110000610352,331.287109375,136.972534179688,69.9286880493164,316.412628173828,223.75,427.377319335938,222.090606689453,102.710395812988,122.844924926758,164.001876831055,90.7909545898438
"2024-12-30",233.306488037109,329.059600830078,137.452392578125,69.5892791748047,313.086273193359,221.300003051758,421.719055175781,220.782150268555,102.015884399414,122.766311645508,161.64143371582,89.7112808227539
"2024-12-31",233.68669128418,328.5546875,134.253280639648,69.5213851928711,313.811157226562,219.389999389648,418.413452148438,220.791351318359,103.76180267334,123.85717010498,162.183166503906,89.4933700561523
"2025-01-02",233.969390869141,328.643737792969,138.272171020508,69.4438095092773,312.182708740234,220.220001220703,415.514831542969,221.74967956543,103.511001586914,122.569747924805,160.567626953125,89.1466827392578
"2025-01-03",237.1669921875,339.157684326172,144.43049621582,69.8123092651367,312.689117431641,224.190002441406,420.249877929688,223.196380615234,104.041534423828,123.650787353516,159.745346069336,89.9192962646484
"2025-01-06",236.010696411133,345.077941894531,149.389129638672,69.0849990844727,310.832305908203,227.610000610352,424.716949462891,220.772918701172,103.925773620605,121.91130065918,155.363067626953,90.5631256103516
"2025-01-07",238.284057617188,340.474395751953,140.101669311523,68.2995071411133,309.471984863281,222.110000610352,419.277069091797,223.251663208008,104.900024414062,122.098030090332,156.040222167969,89.9489974975586
"2025-01-08",238.244873046875,341.662384033203,140.071701049805,68.5225524902344,310.395416259766,222.130004882812,421.451019287109,224.458770751953,103.144462585449,124.299407958984,156.814147949219,90.9296112060547
"2025-01-10",235.050354003906,338.038970947266,135.872848510742,65.3417663574219,305.539886474609,218.940002441406,415.882110595703,221.284271240234,102.768264770508,122.628715515137,153.389602661133,92.1182403564453
"2025-01-13",239.303161621094,337.474670410156,133.193572998047,64.9344635009766,304.755462646484,218.460006713867,414.135009765625,221.443939208984,105.420913696289,123.552505493164,153.660446166992,90.6621780395508
"2025-01-14",242.497680664062,336.742095947266,131.723968505859,65.9236221313477,306.910125732422,217.759994506836,412.626159667969,225.181945800781,105.83568572998,124.682685852051,154.531097412109,89.92919921875
"2025-01-15",247.27961730957,339.157684326172,136.202758789062,67.1939926147461,314.049407958984,223.350006103516,423.188201904297,227.727188110352,107.562324523926,124.407508850098,154.444046020508,90.4739837646484
"2025-01-16",249.161056518555,341.741607666016,133.533477783203,69.211067199707,315.012603759766,220.660003662109,421.470855712891,230.610504150391,107.379051208496,126.510604858398,155.266326904297,90.4343566894531
"2025-01-17",253.952774047852,342.820709228516,137.672348022461,68.6195220947266,317.365875244141,225.940002441406,425.888305664062,228.86360168457,108.343643188477,127.110084533691,155.875778198242,91.0682907104492
"2025-01-21",257.745025634766,354.057342529297,140.791488647461,68.7067947387695,321.347625732422,230.710006713867,425.362213134766,226.355926513672,107.523735046387,131.365432739258,156.446533203125,92.1974868774414
"2025-01-22",257.558837890625,367.521484375,147.029815673828,66.4181823730469,321.278076171875,235.009994506836,442.932586669922,224.627807617188,105.652404785156,128.888900756836,159.368072509766,92.346061706543
"2025-01-23",260.606384277344,365.996856689453,147.179748535156,67.1358032226562,325.895294189453,235.419998168945,443.438812255859,224.947143554688,106.250465393066,129.960098266602,160.732070922852,92.9205627441406
"2025-01-24",259.518646240234,365.293975830078,142.580993652344,70.6268997192383,327.871246337891,234.850006103516,440.808258056641,224.299118041992,104.813217163086,134.392349243164,159.736389160156,93.8615646362305
"2025-01-27",260.508392333984,308.437652587891,118.387619018555,71.5966567993164,332.1806640625,235.419998168945,431.377807617188,231.897216796875,106.269760131836,136.063034057617,165.128433227539,96.4765243530273
"2025-01-28",261.7724609375,309.546508789062,128.954727172852,68.4061737060547,332.121063232422,238.149993896484,443.925262451172,230.150299072266,104.215156555176,134.785446166992,161.751113891602,96.3675689697266
"2025-01-29",261.223693847656,314.42724609375,123.666175842285,68.7455978393555,333.51123046875,237.070007324219,439.090881347656,231.418228149414,104.822853088379,132.603713989258,161.790054321289,96.5755767822266
"2025-01-30",262.840545654297,323.832305908203,124.615921020508,69.1431884765625,340.630615234375,234.639999389648,411.951110839844,234.066757202148,105.69100189209,134.814910888672,162.938522338867,97.7146759033203
"2025-01-31",261.929229736328,323.178924560547,120.037170410156,69.3953170776367,339.389465332031,237.679992675781,412.020599365234,231.455810546875,103.048004150391,134.126998901367,161.556457519531,97.2293319702148
"2025-02-03",261.449066162109,312.259124755859,116.628105163574,68.9007568359375,343.381134033203,237.419998168945,407.910980224609,233.785003662109,103.298789978027,137.959747314453,164.252456665039,98.5962295532227
"2025-02-04",262.556365966797,311.556213378906,118.617553710938,67.7855377197266,342.7158203125,242.059997558594,409.350311279297,232.920944213867,106.067192077637,136.465972900391,163.639312744141,99.814567565918
"2025-02-05",264.996307373047,312.100708007812,124.795860290527,67.1067047119141,346.9755859375,236.169998168945,410.263580322266,233.860153198242,105.990020751953,139.738555908203,164.495788574219,101.488548278809
"2025-02-06",271.336334228516,312.694702148438,128.644805908203,67.1745986938477,345.029388427734,238.830001831055,412.775024414062,236.067245483398,104.591361999512,139.935119628906,164.369277954102,101.874855041504
"2025-02-07",270.258422851562,309.922698974609,129.804473876953,66.2048416137695,345.565582275391,229.149993896484,406.749481201172,235.362854003906,105.035064697266,140.13166809082,163.483581542969,100.190963745117
"2025-02-10",265.594116210938,316.684478759766,133.533477783203,67.5915832519531,348.752990722656,233.139999389648,409.201416015625,234.508178710938,107.041435241699,140.642700195312,163.055328369141,101.944190979004
"2025-02-11",269.464691162109,313.348114013672,132.763702392578,68.2025299072266,348.83251953125,232.759994506836,408.427124023438,241.909057617188,107.716659545898,140.927688598633,164.904571533203,101.49845123291
"2025-02-12",269.915466308594,306.784362792969,131.104141235352,67.1842880249023,349.598388671875,228.929992675781,406.044677734375,241.176483154297,104.475814819336,143.974258422852,165.050567626953,102.627647399902
"2025-02-13",270.767974853516,304.735015869141,135.252990722656,66.5248565673828,353.716125488281,230.369995117188,407.53369140625,246.191787719727,105.234931945801,148.8291015625,166.452117919922,104.053985595703
"2025-02-14",271.032592773438,306.081451416016,138.812026977539,66.0011978149414,351.905883789062,228.679992675781,405.439147949219,246.633239746094,105.341979980469,147.384429931641,158.539245605469,103.053573608398
"2025-02-18",274.325073242188,309.991973876953,139.361877441406,66.4278869628906,354.810211181641,226.649993896484,406.640289306641,247.882339477539,107.191116333008,148.200119018555,161.011413574219,102.796035766602
"2025-02-19",273.639129638672,306.338836669922,139.191940307617,66.970947265625,353.318267822266,226.630004882812,411.732727050781,253.226379394531,107.346832275391,147.128921508789,162.043106079102,103.013946533203
"2025-02-20",261.439270019531,305.734954833984,140.071701049805,68.0182800292969,348.603759765625,222.880004882812,413.911071777344,251.394973754883,109.001319885254,147.728393554688,162.743881225586,96.2883224487305
"2025-02-21",258.930725097656,294.399322509766,134.39323425293,69.4147186279297,346.654296875,216.580001831055,406.033264160156,250.004943847656,107.72639465332,146.01838684082,165.683212280273,93.8813705444336
"2025-02-24",256.088958740234,286.954467773438,130.244384765625,68.658317565918,347.977142333984,212.710006713867,401.845733642578,256.053375244141,108.290855407715,148.042877197266,165.984924316406,92.7818832397461
"2025-02-25",252.228134155273,284.677429199219,126.595375061035,69.123779296875,350.195129394531,212.800003051758,395.778228759766,261.585235595703,106.792091369629,149.790130615234,168.03857421875,96.7637786865234
"2025-02-26",253.590240478516,294.379547119141,131.244110107422,68.8619613647461,348.743011474609,214.350006103516,397.598510742188,256.804718017578,106.529319763184,148.714126586914,166.724639892578,95.2878952026367
"2025-02-27",253.844955444336,287.479156494141,120.117149353027,67.2812576293945,353.825531005859,208.740005493164,390.436920166016,261.820037841797,107.200843811035,149.572952270508,167.376739501953,95.8723068237305
"2025-02-28",259.332489013672,290.389801025391,124.885841369629,68.6080627441406,360.757995605469,212.279998779297,394.873107910156,264.853668212891,108.349250793457,151.537384033203,169.19677734375,97.675048828125
"2025-03-03",255.383453369141,275.678253173828,114.02880859375,70.0257797241211,359.872772216797,205.020004272461,386.418426513672,267.746337890625,104.874839782715,154.844329833984,170.900039672852,96.6647186279297
"2025-03-04",245.221801757812,276.430633544922,115.958290100098,69.2729187011719,350.334381103516,203.800003051758,386.537780761719,265.971313476562,104.66072845459,151.922378540039,168.554397583008,94.0695648193359
"2025-03-05",246.476089477539,284.855651855469,117.267929077148,68.9111709594727,350.781982421875,208.360000610352,398.881622314453,264.722137451172,102.61695098877,152.860168457031,169.946228027344,95.0699996948242
"2025-03-06",241.586349487305,274.777313232422,110.539764404297,68.4516220092773,342.307830810547,200.699996948242,394.773681640625,264.074127197266,104.738586425781,147.055740356445,169.994888305664,93.7426910400391
"2025-03-07",237.41194152832,282.133117675781,112.659194946289,71.2088470458984,343.461578369141,199.25,391.212738037109,262.806182861328,106.101097106934,145.555267333984,171.250427246094,90.8503799438477
"2025-03-10",227.554077148438,275.843353271484,106.950744628906,74.464729309082,339.642242431641,194.539993286133,378.132873535156,261.744903564453,108.806671142578,144.321319580078,171.552139282227,86.9873580932617
"2025-03-11",224.53596496582,280.513458251953,108.730262756348,72.3821334838867,330.3525390625,196.589996337891,378.421325683594,260.101318359375,106.237358093262,145.397308349609,168.496017456055,86.6109619140625
"2025-03-12",223.320877075195,290.181579589844,115.71900177002,71.2968444824219,331.048767089844,198.889999389648,381.226287841797,260.674163818359,106.208160400391,145.48616027832,163.87287902832,84.3921966552734
"2025-03-13",220.665328979492,281.894653320312,115.559028625488,71.111083984375,326.781829833984,193.889999389648,376.750244140625,262.411712646484,105.760467529297,144.01530456543,164.087005615234,83.6988296508789
"2025-03-14",227.769653320312,291.741546630859,121.647918701172,71.9128265380859,330.014312744141,197.949996948242,386.488067626953,266.44091796875,108.903999328613,145.940246582031,163.483581542969,84.5407638549805
"2025-03-17",229.229721069336,295.338531494141,119.508308410645,70.5048828125,332.749542236328,195.740005493164,386.627319335938,273.513031005859,110.714195251465,149.316284179688,165.22575378418,86.6307601928711
"2025-03-18",230.248825073242,288.790466308594,115.409057617188,69.1262664794922,332.968353271484,192.820007324219,381.474914550781,266.055847167969,110.59740447998,148.042877197266,163.230545043945,84.7784957885742
"2025-03-19",234.305618286133,292.685516357422,117.498672485352,68.9307174682617,338.040924072266,195.539993286133,385.752044677734,256.673248291016,112.320014953613,146.848419189453,164.06755065918,85.5114822387695
"2025-03-20",234.207626342773,293.649353027344,118.508483886719,69.5662460327148,337.672912597656,194.949996948242,384.777221679688,257.922332763672,112.796897888184,145.989593505859,163.074798583984,84.9964141845703
"2025-03-21",236.774993896484,293.559906005859,117.678634643555,69.3022537231445,333.853607177734,196.210006713867,389.173675537109,256.269378662109,112.407600402832,144.637222290039,162.237777709961,85.3986740112305
"2025-03-24",243.075820922852,300.912841796875,121.387969970703,68.5102844238281,342.019409179688,203.259994506836,390.983947753906,257.340087890625,112.699569702148,147.91455078125,161.225555419922,86.8984603881836
"2025-03-25",246.084121704102,298.090881347656,120.668098449707,67.063232421875,342.765380859375,205.710006713867,393.052886962891,257.743896484375,113.468414306641,146.266006469727,158.500335693359,84.1869201660156
"2025-03-26",245.986129760742,283.703033447266,113.739356994629,68.1778564453125,342.327728271484,201.130004882812,387.890563964844,255.968841552734,115.103439331055,147.924423217773,162.13069152832,84.6338806152344
"2025-03-27",243.13459777832,279.122375488281,111.409774780273,68.4711761474609,347.977142333984,201.360000610352,388.497283935547,257.969360351562,114.733612060547,147.993515014648,164.203826904297,85.0510406494141
"2025-03-28",237.970504760742,272.425262451172,109.650093078613,68.8818283081055,341.0048828125,192.720001220703,376.780090332031,261.904571533203,114.577903747559,151.448547363281,163.541976928711,84.5742874145508
"2025-03-31",240.371276855469,270.100158691406,108.360328674316,69.3120422363281,348.573913574219,190.259994506836,373.388305664062,265.802215576172,115.74577331543,151.241256713867,165.868133544922,87.1964340209961
"2025-04-01",238.764221191406,274.939178466797,110.130012512207,69.3413619995117,344.486053466797,192.169998168945,380.152038574219,267.00439453125,115.852821350098,152.169158935547,166.00439453125,88.2294006347656
"2025-04-02",240.880828857422,282.033721923828,110.399955749512,68.9111709594727,344.466125488281,196.009994506836,380.102325439453,264.130462646484,115.492721557617,151.112899780273,164.972717285156,89.1531143188477
"2025-04-03",224.095016479492,259.190032958984,101.781532287598,70.5342102050781,337.563507080078,178.410003662109,371.120422363281,269.6455078125,109.419799804688,150.471267700195,167.785522460938,86.6700210571289
"2025-04-04",207.324127197266,244.951232910156,94.2928848266602,65.4206390380859,311.44482421875,171,357.921234130859,242.060897827148,101.546394348145,141.448699951172,159.37629699707,82.6275405883789
"2025-04-07",211.425643920898,250.843475341797,97.6222763061523,63.6118011474609,310.639221191406,175.259994506836,355.951782226562,239.834197998047,100.183883666992,137.026275634766,155.950302124023,83.2632064819336
"2025-04-08",213.821472167969,249.899520874023,96.2825241088867,62.6829566955566,306.610961914062,170.660003662109,352.669372558594,244.635208129883,98.0719833374023,134.736083984375,154.159439086914,81.2369995117188
"2025-04-09",231.0458984375,281.785308837891,114.309257507324,66.0757141113281,330.640960693359,191.100006103516,388.407745361328,253.776824951172,102.967315673828,139.671844482422,157.984497070312,88.9942016601562
"2025-04-10",223.917526245117,268.997222900391,107.550476074219,65.2348556518555,322.863037109375,181.220001220703,379.316528320312,256.661163330078,97.2544708251953,139.987731933594,159.191360473633,89.9973678588867
"2025-04-11",232.879760742188,275.763885498047,110.909866333008,64.3451080322266,331.605712890625,184.869995117188,386.378692626953,258.972442626953,100.378532409668,140.836685180664,162.451889038086,92.1725616455078
"2025-04-14",231.420547485352,276.061950683594,110.689903259277,66.1832656860352,333.376159667969,182.119995117188,385.742065429688,261.715881347656,100.62183380127,143.719146728516,164.612594604492,94.0895156860352
"2025-04-15",229.852935791016,275.356475830078,112.179634094238,66.153938293457,334.002746582031,179.589996337891,383.673187255859,259.414001464844,100.339599609375,144.706314086914,163.970199584961,93.3346481323242
"2025-04-16",226.382400512695,267.447143554688,104.471038818359,64.1789016723633,329.546875,174.330001831055,369.628448486328,258.493286132812,101.400421142578,143.758651733398,161.945755004883,90.5734481811523
"2025-04-17",228.699371337891,266.612518310547,101.471572875977,64.8339767456055,327.836120605469,172.610000610352,365.818878173828,249.398620605469,104.057319641113,145.377563476562,166.072540283203,92.5897216796875
"2025-04-21",225.771102905273,257.818817138672,96.8924179077148,63.2402687072754,318.377349853516,167.320007324219,357.205047607422,241.844772338867,102.529365539551,141.804077148438,162.32844543457,91.7851943969727
"2025-04-22",232.278335571289,265.211486816406,98.8720474243164,65.1566390991211,329.616485595703,173.179992675781,364.864013671875,249.050979614258,105.400382995605,145.357818603516,164.414489746094,94.2086944580078
"2025-04-23",237.49397277832,273.905792236328,102.691360473633,65.7726135253906,332.570526123047,180.600006103516,372.393615722656,249.004013061523,104.49528503418,145.752685546875,162.308853149414,94.3179550170898
"2025-04-24",241.201110839844,285.193481445312,106.410675048828,64.8730926513672,333.9033203125,186.539993286133,385.234771728516,249.154357910156,105.721542358398,145.85139465332,156.236846923828,95.1920013427734
"2025-04-25",240.126449584961,286.982055664062,110.989860534668,64.6188735961914,333.366241455078,188.990005493164,389.760528564453,248.985229492188,105.663146972656,145.071548461914,157.696105957031,94.4470672607422
"2025-04-28",239.801071166992,285.908905029297,108.710266113281,64.7166519165039,335.693634033203,187.699996948242,389.074188232422,253.278869628906,105.721542358398,147.134689331055,158.50895690918,94.5762023925781
"2025-04-29",241.181396484375,288.840148925781,109.000213623047,65.7530670166016,339.682037353516,187.389999389648,391.938873291016,259.601928710938,105.458778381348,149.533477783203,158.910491943359,95.3906631469727
"2025-04-30",241.181396484375,292.496734619141,108.900230407715,65.3912963867188,343.640625,184.419998168945,393.15234375,264.703582763672,102.801856994629,150.629196166992,159.214096069336,96.5924758911133
"2025-05-01",243.419494628906,299.740356445312,111.589744567871,64.5797729492188,340.607055664062,190.199996948242,423.131622314453,260.870300292969,102.947845458984,148.398254394531,156.67756652832,96.7513961791992
"2025-05-02",248.960479736328,297.802703857422,114.479225158691,65.5966186523438,345.729309082031,189.979995727539,432.958953857422,265.708892822266,103.366333007812,148.783248901367,157.206420898438,98.0823364257812
"2025-05-05",249.009796142578,297.712982177734,113.799346923828,64.6286468505859,346.763732910156,186.350006103516,433.844207763672,265.098205566406,100.50505065918,148.990524291992,155.551315307617,98.6584091186523
"2025-05-06",245.746307373047,297.244354248047,113.519401550293,65.0588684082031,345.828796386719,185.009994506836,430.999450683594,266.507476806641,101.906494140625,148.566055297852,155.962631225586,97.8836822509766
"2025-05-07",245.884353637695,301.322509765625,117.038757324219,65.8606109619141,347.967224121094,188.710006713867,431.039245605469,269.063018798828,101.809181213379,149.395263671875,156.001800537109,98.1617889404297
"2025-05-08",249.906982421875,306.1484375,117.348709106445,66.7992401123047,349.379547119141,192.080001831055,435.833557128906,266.751770019531,103.230079650879,146.344985961914,155.375015258789,96.7712554931641
"2025-05-09",249.522476196289,308.97021484375,116.628829956055,68.7449417114258,350.642730712891,193.059997558594,436.390563964844,267.306091308594,104.436882019043,147.263031005859,154.40544128418,96.2983322143555
"2025-05-12",256.394500732422,321.154724121094,122.977684020996,68.1387481689453,353.934936523438,208.639999389648,446.864379882812,263.3037109375,106.237358093262,143.758651733398,157.578552246094,96.3282012939453
"2025-05-13",259.312896728516,329.789581298828,129.90641784668,70.5048828125,354.811676025391,211.369995117188,446.745056152344,265.502166748047,106.529319763184,143.413146972656,155.453353881836,95.4619827270508
"2025-05-14",261.905944824219,328.134399414062,135.3154296875,70.5830993652344,355.130432128906,210.25,450.524780273438,261.349487304688,105.575561523438,142.213150024414,154.758026123047,96.407844543457
"2025-05-15",263.729919433594,325.871002197266,134.805526733398,72.8905715942383,360.948638916016,205.169998168945,451.541198730469,264.149230957031,106.646148681641,145.674270629883,159.057388305664,95.929931640625
"2025-05-16",263.798919677734,328.114471435547,135.375427246094,73.3305511474609,363.758148193359,205.589996337891,452.677215576172,268.734161376953,106.26309967041,147.489135742188,159.909439086914,97.8116912841797
"2025-05-19",261.156616210938,328.333831787109,135.545394897461,72.2159194946289,366.527770996094,206.160003662109,457.261047363281,270.810516357422,104.57373046875,149.40315246582,161.368682861328,97.6922225952148
"2025-05-20",261.945343017578,327.296844482422,134.355621337891,72.7536849975586,365.471740722656,204.070007324219,456.563537597656,268.358367919922,103.080795288086,149.96842956543,162.220703125,97.3736267089844
"2025-05-21",257.370574951172,321.394012451172,131.776077270508,69.9475708007812,356.963562011719,201.119995117188,450.983154296875,264.008331298828,101.813774108887,147.072601318359,162.015045166016,96.0095901489258
"2025-05-22",257.005798339844,320.1376953125,132.805892944336,65.4499588012695,356.634796142578,203.100006103516,453.26513671875,260.362945556641,101.13606262207,145.684188842773,161.623306274414,95.5117645263672
"2025-05-23",257.045227050781,320.127716064453,131.266174316406,66.251708984375,352.221343994141,200.990005493164,448.6015625,260.532043457031,101.19499206543,147.935409545898,162.436172485352,95.9199829101562
"2025-05-27",261.560852050781,327.207092285156,135.475402832031,66.5254745483398,357.959838867188,206.020004272461,459.074676513672,261.894378662109,101.676261901855,151.208099365234,164.296951293945,97.1545791625977
"2025-05-28",259.7861328125,324.724334716797,134.785537719727,65.7139434814453,358.388275146484,204.720001220703,455.756378173828,260.278381347656,100.291381835938,150.444458007812,163.905227661133,96.8160552978516
"2025-05-29",260.653747558594,323.866821289062,139.164749145508,67.4543304443359,361.048278808594,205.699996948242,457.071746826172,260.532043457031,100.861053466797,151.803131103516,165.080429077148,96.6766662597656
"2025-05-30",260.288970947266,319.270233154297,135.105484008789,69.0676040649414,363.827911376953,205.009994506836,458.745819091797,267.70068359375,100.478004455566,153.003112792969,166.38298034668,98.2896041870117
"2025-06-02",260.939697265625,317.93408203125,137.355072021484,69.1434936523438,363.957397460938,206.649993896484,460.350219726562,271.2802734375,101.214637756348,153.935333251953,164.316543579102,99.3350219726562
"2025-06-03",262.527038574219,324.893829345703,141.194366455078,69.9320068359375,364.495361328125,205.710006713867,461.346710205078,269.880401611328,101.951286315918,150.940322875977,163.405746459961,99.5441131591797
"2025-06-04",260.505889892578,326.130218505859,141.894241333008,68.8773651123047,366.627410888672,207.229995727539,462.243530273438,265.107604980469,100.478004455566,150.791580200195,162.524307250977,98.9168548583984
"2025-06-05",258.267822265625,325.531982421875,139.964599609375,70.47412109375,365.401977539062,207.910003662109,466.040161132812,263.256683349609,100.016372680664,151.763458251953,159.439346313477,97.5329208374023
"2025-06-06",261.994659423828,330.487548828125,141.694274902344,71.1246566772461,368.839111328125,213.570007324219,468.730712890625,262.429931640625,102.412910461426,153.17170715332,160.634170532227,97.0450592041016
"2025-06-09",262.990447998047,324.863922119141,142.604125976562,70.8683853149414,365.292388916016,216.979995727539,471.092407226562,254.904266357422,103.100440979004,149.065963745117,159.204299926758,97.0251388549805
"2025-06-10",264.824310302734,323.298461914062,143.933883666992,71.7653274536133,369.317352294922,217.610000610352,469.268829345703,249.436172485352,105.310371398926,149.651077270508,159.478515625,96.8957138061523
"2025-06-11",264.380615234375,324.764221191406,142.813995361328,71.9525985717773,371.917602539062,213.199996948242,470.962860107422,247.303466796875,107.363143920898,148.996551513672,158.763595581055,95.3823394775391
"2025-06-12",264.469329833984,329.380767822266,144.983749389648,72.7805480957031,370.014709472656,213.240005493164,477.190948486328,252.189025878906,107.775672912598,150.652725219727,159.811477661133,94.4165649414062
"2025-06-13",261.225646972656,322.720184326172,141.954086303711,73.7070617675781,351.533905029297,212.100006103516,473.294647216797,251.65348815918,110.123100280762,151.138671875,156.97135925293,94.0282669067383
"2025-06-16",266.559539794922,337.028503417969,144.673782348633,72.7214126586914,354.154113769531,216.100006103516,477.460021972656,250.319351196289,110.476684570312,149.333740234375,157.558990478516,93.8789138793945
"2025-06-17",265.731384277344,329.55029296875,144.10383605957,70.8289566040039,356.505310058594,214.820007324219,476.363861083984,249.699264526367,111.969619750977,150.613052368164,155.247711181641,93.8390960693359
"2025-06-18",270.108978271484,333.887634277344,145.463684082031,70.5431213378906,339.110443115234,212.520004272461,478.556121826172,244.58821105957,111.174041748047,151.912216186523,154.758026123047,94.6754302978516
"2025-06-20",271.134338378906,330.268188476562,143.833877563477,70.5036926269531,337.307189941406,209.690002441406,475.726104736328,246.166641235352,112.65714263916,149.98828125,155.796142578125,95.7009506225586
"2025-06-23",274.358367919922,331.983215332031,144.153839111328,69.7151794433594,342.467864990234,208.470001220703,484.295928955078,250.272384643555,109.749862670898,152.844421386719,157.705871582031,97.4433135986328
"2025-06-24",277.306365966797,342.263275146484,147.883407592773,70.3755645751953,350.318450927734,212.770004272461,488.391510009766,249.924758911133,106.410415649414,152.973358154297,157.049728393555,97.5727462768555
"2025-06-25",280.066986083984,341.355895996094,154.292709350586,69.3307647705078,343.972229003906,211.990005493164,490.5439453125,243.968139648438,106.439888000488,152.160125732422,155.688400268555,96.8359756469727
"2025-06-26",284.691070556641,347.129089355469,155.002624511719,69.971435546875,344.739349365234,217.119995117188,495.705810546875,245.800201416016,108.031028747559,152.209732055664,155.355438232422,95.6013717651367
"2025-06-27",283.074096679688,352.204315185547,157.732315063477,69.8728790283203,347.309722900391,223.300003051758,494.201110839844,248.026885986328,107.43189239502,150.870910644531,156.560028076172,96.8459243774414
"2025-06-30",285.834747314453,355.953369140625,157.972305297852,68.4239654541016,353.725708007812,219.389999389648,495.665954589844,250.723342895508,105.880043029785,152.457656860352,156.031173706055,97.3537063598633
"2025-07-01",286.327728271484,354.009063720703,153.282836914062,72.0117416381836,354.144134521484,220.460006713867,490.324737548828,248.318145751953,107.294395446777,150.345306396484,157.891967773438,97.8116912841797
"2025-07-02",287.895416259766,357.14990234375,157.232376098633,71.9723129272461,352.898803710938,219.919998168945,489.368103027344,242.211196899414,109.072158813477,149.462677001953,157.872375488281,97.184440612793
"2025-07-03",293.2451171875,361.168212890625,159.322143554688,72.8199691772461,357.521484375,223.410003662109,497.090942382812,245.933197021484,110.201675415039,151.505615234375,157.510009765625,97.9311752319336
"2025-07-07",289.252624511719,357.449035644531,158.222274780273,73.677490234375,355.309783935547,223.470001220703,495.974853515625,238.301223754883,109.131088256836,152.953521728516,157.186828613281,98.9168548583984
"2025-07-08",280.148162841797,355.943420410156,159.982070922852,71.4203491210938,353.227569580078,219.360000610352,494.878692626953,236.515441894531,112.156234741211,150.503952026367,154.63069152832,96.6667098999023
"2025-07-09",280.524627685547,358.735290527344,162.861755371094,72.5932769775391,356.425628662109,222.539993286133,501.744567871094,235.359359741211,111.773178100586,150.98991394043,154.268356323242,96.3879318237305
"2025-07-10",285.507843017578,356.601501464844,164.081619262695,73.5690689086914,354.552642822266,222.259994506836,499.7216796875,234.391265869141,112.88304901123,151.456024169922,155.218322753906,94.4464340209961
"2025-07-11",284.190155029297,359.572845458984,164.901519775391,73.3325119018555,346.632263183594,225.020004272461,501.555236816406,230.255722045898,113.374145507812,153.875823974609,153.808044433594,93.9884414672852
"2025-07-14",286.013092041016,359.243804931641,164.051620483398,73.9633331298828,349.192657470703,225.690002441406,501.256256103516,232.502075195312,111.891036987305,156.761749267578,150.5859375,95.362419128418
"2025-07-15",283.883087158203,361.058502197266,170.680862426758,73.6282119750977,345.725646972656,226.350006103516,504.046447753906,227.642822265625,110.899032592773,155.413009643555,149.528228759766,94.97412109375
"2025-07-16",283.159881591797,361.836273193359,171.350799560547,73.6972045898438,348.594909667969,223.190002441406,503.847137451172,231.646774291992,110.231140136719,156.246047973633,150.556579589844,94.7351684570312
"2025-07-17",287.201904296875,379.614471435547,172.980621337891,74.1013259887695,348.505249023438,223.880004882812,509.905853271484,232.408096313477,109.671295166016,156.325378417969,152.407562255859,94.6754302978516
"2025-07-18",288.559143066406,377.520568847656,172.390686035156,74.8602676391602,347.748077392578,226.130004882812,508.261627197266,231.59977722168,105.850570678711,157.733627319336,152.937072753906,94.635612487793
"2025-07-21",288.261962890625,372.574981689453,171.360809326172,75.0771179199219,349.631042480469,229.300003051758,508.271575927734,230.396713256836,106.125587463379,158.993133544922,152.868041992188,95.2528991699219
"2025-07-22",288.717651367188,371.567901611328,167.011291503906,76.4274597167969,350.547576904297,227.470001220703,503.498382568359,232.502075195312,106.606857299805,159.756744384766,156.112182617188,95.4321136474609
"2025-07-23",293.998077392578,379.135864257812,170.760864257812,71.7751846313477,353.96484375,228.289993286133,504.096282958984,232.652450561523,107.972099304199,160.292282104492,156.072723388672,95.2628631591797
"2025-07-24",293.789978027344,383.782348632812,173.72053527832,70.9373779296875,352.649749755859,232.229995727539,509.088714599609,232.511474609375,108.816787719727,160.064178466797,156.595336914062,96.1788482666016
"2025-07-25",295.840728759766,391.03125,173.480560302734,70.8190994262695,355.708312988281,231.440002441406,511.908843994141,235.067993164062,108.433731079102,160.222854614258,156.09245300293,97.0450592041016
"2025-07-28",295.50390625,391.619537353516,176.730194091797,70.3164138793945,354.144134521484,232.789993286133,510.703033447266,226.486740112305,109.455207824707,156.979919433594,154.919036865234,97.184440612793
"2025-07-29",294.275482177734,388.877502441406,175.490325927734,70.9176635742188,349.979736328125,231.009994506836,510.772796630859,226.975494384766,110.869560241699,164.586441040039,154.426010131836,97.9013061523438
"2025-07-30",296.841339111328,388.957275390625,179.249923706055,69.971435546875,349.601165771484,230.190002441406,511.4404296875,227.182281494141,109.907020568848,165.002975463867,150.748031616211,97.1645355224609
"2025-07-31",293.482879638672,383.602874755859,177.850067138672,70.0404357910156,344.181457519531,234.110000610352,531.62939453125,227.492431640625,109.651649475098,163.703811645508,148.371643066406,97.5528411865234
"2025-08-01",286.676849365234,380.182830810547,173.700531005859,69.3899078369141,338.084259033203,214.75,522.272338867188,226.599517822266,107.687271118164,164.864120483398,148.549118041992,98.0606079101562
"2025-08-04",291.521331787109,383.642761230469,179.979827880859,69.5180435180664,340.873809814453,211.649993896484,533.761901855469,227.060073852539,105.457702636719,167.383102416992,148.657577514648,99.1558074951172
"2025-08-05",288.658203125,355.414978027344,178.240020751953,70.1587142944336,336.171447753906,213.75,525.899536132812,228.338333129883,105.330017089844,168.285583496094,148.411071777344,98.8770294189453
"2025-08-06",288.638427734375,357.119995117188,179.399887084961,69.5279006958008,338.472808837891,222.309997558594,523.099426269531,232.64306640625,104.613014221191,167.561614990234,150.728317260742,102.909378051758
"2025-08-07",284.269470214844,360.160003662109,180.749755859375,71.5386276245117,330.851348876953,223.130004882812,519.013854980469,230.565887451172,104.06298828125,168.275634765625,151.349533081055,102.670425415039
"2025-08-08",286.072509765625,362.839996337891,182.67951965332,71.3710708618164,335.523864746094,222.690002441406,520.209594726562,231.693771362305,104.897857666016,166.639312744141,151.369247436523,103.277763366699
"2025-08-11",286.865051269531,360.109985351562,182.039596557617,71.4104919433594,334.647155761719,221.300003051758,519.940551757812,230.161743164062,103.945129394531,166.639312744141,152.818740844727,103.476890563965
"2025-08-12",290.124450683594,363.299987792969,183.13948059082,70.8289566040039,336.074310302734,221.470001220703,527.384338378906,228.432327270508,104.239776611328,164.149017333984,152.927215576172,103.168251037598
"2025-08-13",287.826049804688,357.489990234375,181.56965637207,71.2626419067383,341.872833251953,224.559997558594,518.754760742188,234.212692260742,105.68359375,162.405822753906,153.242752075195,100.549705505371
"2025-08-14",291.422241210938,355.100006103516,181.999603271484,71.2035064697266,344.807006835938,230.979995727539,520.648010253906,235.866912841797,105.467514038086,161.250350952148,151.596038818359,100.410316467285
"2025-08-15",287.786407470703,351.029998779297,180.429779052734,74.3280258178711,343.789031982422,231.029998779297,518.346130371094,232.295303344727,105.566650390625,162.266372680664,152.207397460938,99.7965698242188
"2025-08-18",288.816741943359,353.5,181.989593505859,74.6335830688477,342.062438964844,231.490005493164,515.286865234375,232.238906860352,105.794662475586,161.778289794922,153.548431396484,100.495140075684
"2025-08-19",287.954833984375,349,175.620315551758,75.412239074707,341.773040771484,228.009994506836,507.982604980469,235.575546264648,106.488586425781,162.933776855469,156.191040039062,101.083946228027
"2025-08-20",289.520141601562,346.220001220703,175.380340576172,75.0869750976562,343.250091552734,223.809997558594,503.946807861328,237.492919921875,107.588966369629,165.344360351562,157.285568237305,102.361343383789
"2025-08-21",288.757293701172,345.380004882812,174.960388183594,74.9884185791016,343.010589599609,221.949996948242,503.298004150391,233.987121582031,108.282897949219,166.290664672852,156.516448974609,97.7607192993164
"2025-08-22",293.482879638672,347.609985351562,177.970062255859,75.224967956543,349.348022460938,228.839996337891,506.282440185547,234.231491088867,110.315116882324,163.790420532227,156.457275390625,96.6330184936523
"2025-08-25",292.155364990234,345.760009765625,179.789855957031,74.2393112182617,348.130432128906,227.940002441406,503.317993164062,229.419204711914,110.771125793457,164.258590698242,153.972412109375,95.8745651245117
"2025-08-26",295.791229248047,352.019989013672,181.749633789062,73.7661972045898,350.485748291016,228.710006713867,501.102142333984,231.242614746094,110.523292541504,165.194946289062,153.794937133789,95.854606628418
"2025-08-27",296.494598388672,351.399993896484,181.579650878906,72.8298263549805,349.657409667969,229.119995117188,505.793334960938,229.983154296875,111.77237701416,167.097518920898,154.771148681641,95.8845443725586
"2025-08-28",298.267974853516,355.339996337891,180.149810791016,71.6051177978516,349.168365478516,231.600006103516,508.687927246094,231.317810058594,112.367172241211,166.748870849609,153.479400634766,95.9144821166992
"2025-08-29",298.614685058594,349.140014648438,174.16047668457,71.5653991699219,351.084594726562,229,505.743438720703,232.210708618164,113.299018859863,167.625457763672,154.850006103516,96.78271484375
"2025-09-02",296.910705566406,343.75,170.760864257812,72.1613616943359,349.377960205078,225.339996337891,504.176361083984,231.08283996582,113.695556640625,167.087554931641,155.786773681641,97.6509399414062
"2025-09-03",296.722473144531,342.989990234375,170.600891113281,71.1482162475586,350.176391601562,225.990005493164,504.405944824219,231.891159057617,110.939659118652,166.778747558594,155.964263916016,99.2377090454102
"2025-09-04",300.992370605469,348.220001220703,171.640777587891,70.3933334350586,350.296142578125,235.679992675781,507.021057128906,234.043502807617,111.425407409668,167.027786254883,156.97004699707,100.724678039551
"2025-09-05",291.640197753906,349.029998779297,167.00129699707,70.4231338500977,342.54150390625,232.330001831055,494.075286865234,229.203048706055,108.282897949219,167.167251586914,157.788467407227,100.305534362793
"2025-09-08",290.183868408203,349.489990234375,168.291137695312,69.3007278442383,341.623321533203,235.839996337891,497.269317626953,231.15803527832,108.897514343262,168.701248168945,156.792541503906,102.071929931641
"2025-09-09",295.077911376953,348.230010986328,170.740859985352,69.5987091064453,343.309967041016,238.240005493164,497.478912353516,228.639099121094,109.690582275391,168.193237304688,157.236282348633,102.081909179688
"2025-09-10",297.742889404297,362.25,177.310134887695,70.5621871948242,337.451568603516,230.330001831055,499.435241699219,231.59977722168,111.524543762207,167.436187744141,155.155700683594,100.205741882324
"2025-09-11",302.716156005859,360.079986572266,177.160140991211,70.8403015136719,342.810974121094,229.949996948242,500.074066162109,233.846145629883,111.167663574219,167.814712524414,156.417861938477,102.441177368164
"2025-09-12",304.053588867188,365.899993896484,177.810104370117,71.1581497192383,338.759002685547,228.149993896484,508.947448730469,233.357391357422,111.187492370605,168.472152709961,155.698028564453,103.27946472168
"2025-09-15",306.025054931641,375.540008544922,177.740097045898,71.0190963745117,338.379730224609,231.429992675781,514.397216796875,230.885452270508,111.375839233398,168.262969970703,154.642944335938,103.479064941406
"2025-09-16",306.312377929688,371.190002441406,174.870269775391,69.3603286743164,339.357818603516,234.050003051758,508.089050292969,230.246322631836,113.685638427734,164.567398071289,155.845947265625,103.209609985352
"2025-09-17",308.848541259766,363.350006103516,170.280517578125,69.8370971679688,345.515625,231.619995117188,509.067199707031,228.968063354492,114.290351867676,165.264678955078,158.094146728516,104.057876586914
"2025-09-18",310.314788818359,371.269989013672,176.230194091797,70.3138732910156,337.511474609375,231.229995727539,507.500152587891,227.454849243164,112.942138671875,165.882263183594,155.126129150391,103.38924407959
"2025-09-19",311.850341796875,374.5,176.66015625,70.601921081543,340.934661865234,231.479995727539,516.96240234375,227.774398803711,111.841766357422,164.547470092773,153.863952636719,102.12183380127
"2025-09-22",309.532135009766,378.309997558594,183.59977722168,71.8633728027344,343.679229736328,227.630004882812,513.488952636719,226.65592956543,111.048698425293,166.768798828125,150.935394287109,102.610832214355
"2025-09-23",309.829315185547,368.519989013672,178.420059204102,71.8335800170898,338.030456542969,220.710006713867,508.278717041016,224.268585205078,112.961967468262,171.878845214844,150.373321533203,102.31143951416
"2025-09-24",310.503021240234,372.209991455078,176.960144042969,73.3334274291992,338.010467529297,220.210006713867,509.196960449219,225.575057983398,113.566673278809,170.304992675781,150.294448852539,102.521018981934
"2025-09-25",310.532745361328,364.739990234375,177.680114746094,74.1479110717773,334.267883300781,218.149993896484,506.082794189453,227.633422851562,114.587745666504,171.032150268555,150.028213500977,102.840370178223
"2025-09-26",313.118438720703,365.579986572266,178.180084228516,75.3398361206055,336.703063964844,219.779998779297,510.504516601562,228.845886230469,116.20361328125,174.219696044922,150.373321533203,102.950141906738
"2025-09-29",312.751892089844,367.149993896484,181.839889526367,75.6974105834961,339.487548828125,222.169998168945,513.638610839844,229.710586547852,113.229629516602,175.5146484375,151.388977050781,102.870307922363
"2025-09-30",312.494293212891,374.25,186.569610595703,74.9822540283203,340.705139160156,219.570007324219,516.982421875,232.107315063477,111.77237701416,177.44709777832,151.507278442383,102.850341796875
"2025-10-01",307.818206787109,373.839996337891,187.229583740234,78.140869140625,347.142364501953,220.630004882812,518.739135742188,231.646774291992,111.01895904541,178.682281494141,151.043838500977,101.752578735352
"2025-10-02",304.687622070312,376.760009765625,188.879486083984,77.654167175293,345.26611328125,222.410003662109,514.776550292969,228.957580566406,110.325035095215,174.817367553711,149.929611206055,101.493110656738
"2025-10-03",307.14453125,373.459991455078,187.60954284668,79.5215148925781,349.148406982422,219.509994506836,516.383483886719,231.026184082031,112.277954101562,174.359161376953,150.146545410156,101.862358093262
"2025-10-06",307.791625976562,380.019989013672,185.529663085938,81.557731628418,348.589538574219,220.899993896484,527.582580566406,226.136749267578,113.209800720215,173.462661743164,148.312484741211,102.491073608398
"2025-10-07",306.308319091797,370.940002441406,185.029693603516,82.6503295898438,351.723327636719,221.779998779297,523.001098632812,229.324279785156,113.26927947998,172.327102661133,150.41276550293,103.029975891113
"2025-10-08",302.664764404297,376.700012207031,189.099472045898,83.4747543334961,350.665405273438,225.220001220703,523.869506835938,228.543853759766,113.031356811523,168.48210144043,148.588577270508,102.690673828125
"2025-10-09",304.158020019531,377.190002441406,192.559280395508,83.1469650268555,346.353973388672,227.740005493164,521.424133300781,227.697601318359,111.930992126465,166.619384765625,148.480102539062,101.562965393066
"2025-10-10",299.538879394531,369.079986572266,183.149810791016,82.7893905639648,342.970642089844,216.369995117188,510.005462646484,225.666610717773,109.769889831543,165.294555664062,147.602508544922,101.632820129395
"2025-10-13",306.587066650391,375.369995117188,188.309524536133,83.7330017089844,342.621337890625,220.070007324219,513.089660644531,222.16877746582,111.266792297363,166.201019287109,145.433197021484,101.912261962891
"2025-10-14",300.723510742188,374.350006103516,180.019973754883,84.0707168579102,347.691314697266,216.389999389648,512.610595703125,226.042709350586,111.316360473633,168.681335449219,147.07991027832,106.991897583008
"2025-10-15",304.317291259766,381.720001220703,179.81999206543,85.2129821777344,345.006622314453,215.570007324219,512.470825195312,212.972854614258,110.64225769043,171.669662475586,145.364166259766,108.808197021484
"2025-10-16",297.199401855469,375.589996337891,181.799880981445,84.4779586791992,334.736968994141,214.470001220703,510.654235839844,208.497146606445,109.680671691895,171.410675048828,147.513778686523,106.253410339355
"2025-10-17",296.223815917969,373.299987792969,183.209808349609,83.9614562988281,341.214141845703,213.039993286133,512.62060546875,212.136016845703,111.266792297363,174.408966064453,149.288665771484,107.510848999023
"2025-10-20",301.002227783203,377.690002441406,182.629837036133,84.199836730957,343.729156494141,216.479995727539,515.824523925781,206.278091430664,111.722801208496,177.018783569336,149.840866088867,106.832229614258
"2025-10-21",295.755920410156,373.459991455078,181.149917602539,83.4250869750977,346.523620605469,222.029998779297,516.692932128906,208.365509033203,111.732719421387,174.438842773438,149.505599975586,106.003913879395
"2025-10-22",292.789276123047,360.600006103516,180.269958496094,82.2828140258789,344.67724609375,217.949996948242,519.567565917969,209.333984375,113.715377807617,175.255661010742,150.077514648438,106.92204284668
"2025-10-23",293.217376708984,372.399993896484,182.149856567383,82.6900634765625,345.276092529297,221.089996337891,519.587524414062,207.415817260742,114.97437286377,175.375198364258,150.087371826172,106.642616271973
"2025-10-24",299.090881347656,376.290008544922,186.249618530273,83.8422622680664,346.693298339844,224.210006713867,522.6318359375,206.005401611328,114.38948059082,177.24787902832,151.414947509766,105.95401763916
"2025-10-27",302.784210205078,379.739990234375,191.479339599609,85.4513626098633,347.132415771484,226.970001220703,530.527099609375,203.654708862305,114.934715270996,181.899719238281,150.67024230957,104.257476806641
"2025-10-28",303.98876953125,376.010009765625,201.018814086914,83.0079116821289,346.214233398438,229.25,541.057373046875,199.254211425781,114.032600402832,179.001037597656,150.302841186523,102.960121154785
"2025-10-29",304.138122558594,387.75,207.028472900391,81.210090637207,340.605346679688,230.300003051758,540.538330078125,195.549514770508,115.440284729004,176.271697998047,147.721176147461,102.251564025879
"2025-10-30",308.050476074219,383.089996337891,202.878707885742,81.0908889770508,344.347930908203,222.860000610352,524.77783203125,194.609237670898,113.695556640625,180.176452636719,148.525466918945,102.022033691406
"2025-10-31",309.722900390625,381.559997558594,202.478729248047,80.8525085449219,340.06640625,244.220001220703,516.842651367188,193.697174072266,113.36841583252,180.335815429688,149.30989074707,100.974166870117
"2025-11-03",307.960876464844,386.570007324219,206.86848449707,81.2299499511719,336.234008789062,254,516.064147949219,191.534530639648,112.773620605469,181.610855102539,146.976470947266,101.383331298828
"2025-11-04",307.861328125,377.720001220703,198.678939819336,81.1405563354492,339.627258300781,249.320007324219,513.369201660156,197.07275390625,113.150321960449,183.632949829102,146.132446289062,102.061950683594
"2025-11-05",310.280395507812,385.440002441406,195.199142456055,81.587532043457,339.367797851562,250.199996948242,506.212554931641,196.46159362793,112.694313049316,185.62516784668,144.762176513672,101.263580322266
"2025-11-06",312.012603759766,377.399993896484,188.069534301758,81.4484710693359,336.293884277344,243.039993286133,496.171356201172,197.091567993164,113.507202148438,187.029678344727,145.099792480469,101.473152160645
"2025-11-07",312.799041748047,373.769989013672,188.139526367188,83.3654861450195,335.355743408203,244.410003662109,495.891876220703,204.294097900391,116.20361328125,189.509994506836,145.943786621094,102.381294250488
"2025-11-10",315.467010498047,379.570007324219,199.038925170898,84.199836730957,334.188049316406,248.399993896484,505.054718017578,204.53857421875,117.194946289062,191.059997558594,144.474227905273,102.211647033691
"2025-11-11",314.202697753906,367.910003662109,193.14924621582,85.1831817626953,338.250030517578,249.100006103516,507.729705810547,206.776428222656,118.741416931152,192.309997558594,147.492782592773,103.22957611084
"2025-11-12",318.97119140625,369.399993896484,193.789215087891,85.3123092651367,338.880004882812,244.199996948242,510.185150146484,208.619369506836,117.095817565918,191.639999389648,146.966522216797,103.22957611084
"2025-11-13",308.090301513672,354.070007324219,186.849594116211,83.4250869750977,336.079986572266,237.580001831055,502.349792480469,209.82292175293,117.76000213623,191.070007324219,146.916885375977,102.331405639648
"2025-11-14",302.246612548828,352.390014648438,190.159408569336,83.3158264160156,330.019989013672,234.690002441406,509.226898193359,211.731689453125,119.290000915527,193.820007324219,146.628921508789,102.271530151367
"2025-11-17",299.021179199219,342.75,186.589614868164,85.1732482910156,325.75,232.869995117188,506.541931152344,211.891540527344,117.680000305176,197.270004272461,144.791976928711,102.740562438965
"2025-11-18",298.065490722656,338.290008544922,181.349899291992,84.0707168579102,321.179992675781,222.550003051758,492.867553710938,211.449615478516,119.029998779297,198.289993286133,145.953735351562,101.183738708496
"2025-11-19",301.908142089844,345.649993896484,186.509613037109,83.7032012939453,324.119995117188,222.690002441406,486.209991455078,209.616058349609,117.349998474121,196.899993896484,145.953735351562,100.405326843262
"2025-11-20",297.040130615234,328.190002441406,180.629943847656,83.7330017089844,323.769989013672,217.139999389648,478.429992675781,212.502716064453,117.019996643066,197.580001831055,147.145263671875,106.892105102539
"2025-11-21",296.681732177734,331.709991455078,178.870040893555,83.4800033569336,327.980010986328,220.690002441406,472.119995117188,213.358367919922,117.080001831055,199.929992675781,149.856018066406,105.105743408203
"2025-11-24",296.661834716797,330.429992675781,182.539840698242,84.2300033569336,329.299987792969,226.279998779297,474,211.637664794922,115.970001220703,202.300003051758,145.943786621094,103.848304748535
"2025-11-25",301.639373779297,336.649993896484,177.810104370117,84.8300018310547,334.529998779297,229.669998168945,476.989990234375,212.888229370117,114.51000213623,204.589996337891,147.443161010742,106.782325744629
"2025-11-26",306.258544921875,341.690002441406,180.249954223633,85.5400009155273,333.790008544922,229.160003662109,485.5,215.464584350586,114.769996643066,206.25,147.204833984375,108.878059387207
"2025-11-28",311.674102783203,345.890014648438,176.990142822266,86.2900009155273,334.440002441406,233.220001220703,492.010009765625,215.126083374023,115.919998168945,208.220001220703,147.115478515625,110.285194396973
"2025-12-01",307.532806396484,339.709991455078,179.90998840332,84.6500015258789,330.390014648438,233.880004882812,486.739990234375,214.21403503418,116.629997253418,203.899993896484,146.40055847168,111.303115844727
"2025-12-02",306.497467041016,333.109985351562,181.449905395508,84.5800018310547,329.619995117188,234.419998168945,490,215.097885131836,115.379997253418,203.199996948242,144.831695556641,112.181327819824
"2025-12-03",310.728393554688,335.570007324219,179.580001831055,84.9499969482422,329.609985351562,232.380004882812,477.730010986328,213.612243652344,117.800003051758,201.919998168945,145.675704956055,114.177261352539
"2025-12-04",314.680572509766,338.929992675781,183.380004882812,83.3899993896484,327.100006103516,229.110000610352,480.839996337891,213.527618408203,117.139999389648,203.869995117188,144.335220336914,114.606376647949
"2025-12-05",313.625335693359,337.660003662109,182.410003662109,83.129997253418,331.239990234375,229.529998779297,483.160003662109,209.578460693359,116.540000915527,204.309997558594,142.438674926758,114.875831604004
"2025-12-08",313.794555664062,343.390014648438,185.550003051758,80.5500030517578,326.839996337891,226.889999389648,491.019989013672,209.832336425781,115.980003356934,200.880004882812,137.364700317383,113.328979492188
"2025-12-09",299.160583496094,341.760009765625,184.970001220703,79.6399993896484,326.5,227.919998168945,492.019989013672,212.831817626953,118.25,195.800003051758,138.645614624023,114.825927734375
"2025-12-10",308.717437744141,353.450012207031,183.779998779297,81.2699966430664,325.730010986328,231.779998779297,478.559997558594,209.503234863281,119.540000915527,191.070007324219,138.834274291992,112.949760437012
"2025-12-11",315.954803466797,350.359985351562,180.929992675781,81.2099990844727,345.630004882812,230.279998779297,483.470001220703,216.677551269531,119.540000915527,184.970001220703,139.767639160156,115.284996032715
"2025-12-12",317.089691162109,331.980010986328,175.020004272461,81.6500015258789,347.829986572266,226.190002441406,478.529998779297,220.824172973633,118.819999694824,186.729995727539,141.832977294922,116.699996948242
"2025-12-15",318.582946777344,333.209991455078,176.289993286133,81.6500015258789,346.890014648438,222.539993286133,474.820007324219,222.243988037109,117.76000213623,190.470001220703,144.106842041016,116.790000915527
"2025-12-16",314.133026123047,329.929992675781,177.720001220703,81.3199996948242,345.109985351562,222.559997558594,476.390014648438,217.965728759766,114.680000305176,190.399993896484,144.186279296875,115.419998168945
"2025-12-17",313.565582275391,315.820007324219,170.940002441406,80.2900009155273,344.410003662109,221.270004272461,476.119995117188,213.696868896484,117.410003662109,189.160003662109,146.767944335938,115.660003662109
"2025-12-18",311.594482421875,315.950012207031,174.139999389648,80.8499984741211,346.010009765625,226.759994506836,483.980010986328,211.430801391602,116.540000915527,187.490005493164,144.494094848633,114.830001831055
"2025-12-19",315.785552978516,317.799987792969,180.990005493164,79.5400009155273,349.25,227.350006103516,485.920013427734,210.885437011719,116.690002441406,186.009994506836,143.44157409668,114.360000610352
"2025-12-22",321.63916015625,320.390014648438,183.690002441406,80.0400009155273,352.089996337891,228.429992675781,484.920013427734,213.781494140625,118.150001525879,186.429992675781,141.684036254883,112.599998474121
"2025-12-23",324.466400146484,322.809997558594,189.210006713867,79.7900009155273,353.380004882812,232.139999389648,486.850006103516,214.279846191406,119.419998168945,186.860000610352,142.17057800293,110.900001525879
"2025-12-24",327.691864013672,323.670013427734,188.610000610352,80.4499969482422,355.140014648438,232.380004882812,488.019989013672,214.063583374023,119.220001220703,187.699996948242,143.47135925293,111.610000610352
"2025-12-26",326.437530517578,322.170013427734,190.529998779297,80.4100036621094,355,232.520004272461,487.709991455078,213.565231323242,119.110000610352,187.860000610352,143.719589233398,111.73999786377
"2025-12-29",322.296203613281,321.450012207031,188.220001220703,80.2699966430664,354.609985351562,232.070007324219,487.100006103516,214.862808227539,120.529998779297,189.639999389648,143.550796508789,112.529998779297
"2025-12-30",321.967712402344,320.859985351562,187.539993286133,80.5299987792969,353.619995117188,232.529998779297,487.480010986328,216.235626220703,120.98999786377,188,143.034454345703,111.919998168945
"2025-12-31",320.773071289062,318.510009765625,186.5,80.2799987792969,350.709991455078,230.820007324219,483.619995117188,214.119995117188,120.339996337891,185.610000610352,142.299667358398,111.410003662109
"2026-01-02",324.018432617188,327.309997558594,188.850006103516,80.9300003051758,346.480010986328,226.5,472.940002441406,212.119995117188,122.650001525879,186.940002441406,140.790374755859,112.76000213623
"2026-01-05",332.540008544922,322.260009765625,188.119995117188,81.3199996948242,353.799987792969,233.059997558594,472.850006103516,212.919998168945,125.360000610352,184.729995727539,139.380386352539,112.709999084473
"2026-01-06",334.609985351562,332.970001220703,187.240005493164,81.0500030517578,357.559997558594,240.929992675781,478.510009765625,212.350006103516,121.050003051758,185.660003662109,138.923645019531,114.339996337891
"2026-01-07",326.989990234375,322.670013427734,189.110000610352,78.370002746582,355.880004882812,241.559997558594,483.470001220703,209.100006103516,118.48999786377,185.649993896484,137.066818237305,112.720001220703
"2026-01-08",329.790008544922,320.579986572266,185.039993286133,79.4899978637695,352.230010986328,246.289993286133,478.109985351562,213.149993896484,122.910003662109,186.309997558594,140.532211303711,113.069999694824
"2026-01-09",329.190002441406,324.510009765625,184.860000610352,79.8899993896484,349.769989013672,247.380004882812,479.279998779297,215.160003662109,124.610000610352,186.080001831055,140.869812011719,114.529998779297
"2026-01-12",324.489990234375,329.100006103516,184.940002441406,81.120002746582,343.200012207031,246.470001220703,477.179992675781,216.5,124.029998779297,186.679992675781,142.448623657227,117.970001220703
"2026-01-13",310.899993896484,332.380004882812,185.809997558594,81.6399993896484,327.880004882812,242.600006103516,470.670013427734,205.059997558594,126.540000915527,188.25,143.223114013672,120.360000610352
"2026-01-14",307.869995117188,331.140014648438,183.139999389648,81.9800033569336,329.170013427734,236.649993896484,459.380004882812,205.5,130.199996948242,188.710006713867,145.318237304688,120.040000915527
"2026-01-15",309.260009765625,333.459991455078,187.050003051758,82.1900024414062,327.75,238.179992675781,456.660003662109,203.520004272461,129.130004882812,188.179992675781,143.610366821289,119.199996948242
"2026-01-16",312.470001220703,343.75,186.229995727539,83.629997253418,328.299987792969,239.119995117188,459.859985351562,202.369995117188,129.889999389648,191.380004882812,143.51106262207,119.699996948242
"2026-01-20",302.739990234375,337.589996337891,178.070007324219,83.5100021362305,325.820007324219,231,454.519989013672,203.919998168945,130.460006713867,188,145.963653564453,118.709999084473
"2026-01-21",302.040008544922,337.959991455078,183.320007324219,83.8499984741211,325.279998779297,231.309997558594,444.109985351562,203,133.610000610352,186,145.0302734375,119.360000610352
"2026-01-22",303.630004882812,334.040008544922,184.839996337891,85.0699996948242,326.359985351562,234.339996337891,451.140014648438,206.919998168945,133.639999389648,181.960006713867,148.872985839844,117.830001831055
"2026-01-23",297.720001220703,331.220001220703,187.669998168945,84.8099975585938,326.179992675781,239.160003662109,465.950012207031,206.029998779297,134.970001220703,183.679992675781,150.149993896484,117.730003356934
"2026-01-26",301.040008544922,332.279998779297,186.470001220703,85.4700012207031,328.489990234375,238.419998168945,470.279998779297,208,134.839996337891,183.630004882812,149.490005493164,117.639999389648
"2026-01-27",300.309997558594,341.190002441406,188.520004272461,87.1500015258789,325.260009765625,244.679992675781,480.579986572266,208.080001831055,136.830001831055,183.490005493164,148.339996337891,116.940002441406
"2026-01-28",300.769989013672,347.320007324219,191.520004272461,87.5699996948242,326.980010986328,243.009994506836,481.630004882812,212.740005493164,137.580001831055,183.940002441406,147.339996337891,116.569999694824
"2026-01-29",306.420013427734,354.369995117188,192.509994506836,88.1800003051758,331.799987792969,241.729995727539,433.5,208.259994506836,140.509994506836,185.690002441406,149.899993896484,117.410003662109
"2026-01-30",305.890014648438,351.420013427734,191.130004882812,87.9000015258789,321.829986572266,239.300003051758,430.290008544922,208,141.399993896484,188.360000610352,151.770004272461,119.139999389648
